# The NPCs the pinned rAthena's scripts place, for the navigation-server-npcs
# mod. Generated: ragnarok-stack navigation-npc-index <rathena with server mods
# applied>. Regenerate when the rAthena pin moves.
#
#   sprite  <constant>  <id>
#   load    <era>       <script>           the era's default load order
#   file    <script>
#   npc     <map> <x> <y> <shop 0|1> <sprite id> <name>
sprite	1_CLB_DT_ASTRID	10630
sprite	1_CLB_DT_BARF_BELCH	10635
sprite	1_CLB_DT_HICCUP	10629
sprite	1_CLB_DT_RUFFNUT	10631
sprite	1_CLB_DT_STORMFLY	10634
sprite	1_CLB_DT_TOOTHLESS	10633
sprite	1_CLB_DT_TUFFNUT	10632
sprite	1_ETC_01	46
sprite	1_FLAG_EAGLE	974
sprite	1_FLAG_LION	973
sprite	1_FLAG_NOFEAR	487
sprite	1_F_01	66
sprite	1_F_02	67
sprite	1_F_03	68
sprite	1_F_04	69
sprite	1_F_GYPSY	70
sprite	1_F_LIBRARYGIRL	71
sprite	1_F_MARIA	72
sprite	1_F_MERCHANT_01	73
sprite	1_F_MERCHANT_02	74
sprite	1_F_ORIENT_01	75
sprite	1_F_ORIENT_02	76
sprite	1_F_ORIENT_03	77
sprite	1_F_ORIENT_04	78
sprite	1_F_PRIEST	79
sprite	1_F_PUBGIRL	80
sprite	1_F_SIGNZISK	803
sprite	1_JOURNEY_STONE_D	10442
sprite	1_JOURNEY_STONE_F	10443
sprite	1_M_01	47
sprite	1_M_02	48
sprite	1_M_03	49
sprite	1_M_04	50
sprite	1_M_BARD	51
sprite	1_M_HOF	52
sprite	1_M_INNKEEPER	53
sprite	1_M_JOBGUIDER	54
sprite	1_M_JOBTESTER	55
sprite	1_M_KNIGHTMASTER	56
sprite	1_M_LIBRARYMASTER	57
sprite	1_M_MERCHANT	58
sprite	1_M_MOC_LORD	106
sprite	1_M_ORIENT01	59
sprite	1_M_PASTOR	60
sprite	1_M_PAY_ELDER	107
sprite	1_M_PRON_KING	108
sprite	1_M_PUBMASTER	61
sprite	1_M_SIGN1	804
sprite	1_M_SIGNALCHE	805
sprite	1_M_SIGNART	806
sprite	1_M_SIGNMCNT	807
sprite	1_M_SIGNMONK	809
sprite	1_M_SIGNMONK2	808
sprite	1_M_SIGNROGUE	810
sprite	1_M_SIZ	62
sprite	1_M_SMITH	63
sprite	1_M_WIZARD	64
sprite	1_M_YOUNGKNIGHT	65
sprite	1_RAGFES_01	10476
sprite	1_RAGFES_01_M	10477
sprite	1_SHADOW_BLUE	10558
sprite	1_SHADOW_GREEN	10557
sprite	1_SHADOW_INDIGO	10559
sprite	1_SHADOW_NPC	723
sprite	1_SHADOW_ORANGE	10555
sprite	1_SHADOW_RED	10554
sprite	1_SHADOW_VIOLET	10560
sprite	1_SHADOW_YELLOW	10556
sprite	2_BOARD1	835
sprite	2_BOARD2	836
sprite	2_BULLETIN_BOARD	837
sprite	2_COLAVEND	910
sprite	2_DROP_MACHINE	562
sprite	2_F_MAGICMASTER	123
sprite	2_F_SIGN1	856
sprite	2_MONEMUS	406
sprite	2_M_ALCHE	740
sprite	2_M_BARD_ORIENT	741
sprite	2_M_DYEINGER	122
sprite	2_M_MOLGENSTEIN	121
sprite	2_M_OLDBLSMITH	813
sprite	2_M_PHARMACIST	120
sprite	2_M_SAGE_B	742
sprite	2_M_SAGE_OLD	743
sprite	2_M_SWORDMASTER	119
sprite	2_M_THIEFMASTER	118
sprite	2_POSTBOX	888
sprite	2_SLOT_MACHINE	563
sprite	2_VENDING_MACHINE1	564
sprite	4W_F_01	101
sprite	4W_F_KAFRA2	423
sprite	4W_KID	96
sprite	4W_M_01	97
sprite	4W_M_02	98
sprite	4W_M_03	99
sprite	4W_SAILOR	100
sprite	4_4JOB_EINHAR	10370
sprite	4_4JOB_LETICIA	10368
sprite	4_4JOB_MAGGI	10365
sprite	4_4JOB_MAURA	10416
sprite	4_4JOB_PHANTOMBOOK1	10372
sprite	4_4JOB_PHANTOMBOOK2	10373
sprite	4_4JOB_PHANTOMBOOK3	10374
sprite	4_4JOB_ROBIN	10366
sprite	4_4JOB_ROBIN_DRUNK	10367
sprite	4_4JOB_SEALSTONE	10371
sprite	4_4JOB_SERANG	10369
sprite	4_4JOB_SILLA	10364
sprite	4_AIRA	10071
sprite	4_ALEXSANDER	10601
sprite	4_ALICE	10013
sprite	4_ALIZA	10012
sprite	4_ALLIGATOR	10169
sprite	4_ANGELING	948
sprite	4_ANOLIAN	10170
sprite	4_ARCHANGELING	949
sprite	4_ARCHER_SKEL	10014
sprite	4_ARMAIA	592
sprite	4_ASTER	551
sprite	4_AS_BLOODY_KNIGHT	10141
sprite	4_AS_RAGGED_GOLEM	10140
sprite	4_AS_WIND_GHOST	10142
sprite	4_BABYLEOPARD	458
sprite	4_BAPHOMET	736
sprite	4_BARYO_CHIEF	580
sprite	4_BASIL_SLAVE	10158
sprite	4_BB_PORING	10052
sprite	4_BEAR	426
sprite	4_BLACKDRAGON	631
sprite	4_BLOODYMAN	10176
sprite	4_BLUEWOLF	427
sprite	4_BLUE_FLOWER	976
sprite	4_BOARD3	857
sprite	4_BONFIRE	10252
sprite	4_BRICKPILE	10025
sprite	4_BULL	889
sprite	4_BULLETIN_BOARD2	858
sprite	4_B_KADOMATSU	10094
sprite	4_CAT	876
sprite	4_CAT_3COLOR	555
sprite	4_CAT_ADMIRAL	556
sprite	4_CAT_ADV1	559
sprite	4_CAT_ADV2	560
sprite	4_CAT_CHEF	548
sprite	4_CAT_DOWN	553
sprite	4_CAT_MERMASTER	549
sprite	4_CAT_REST	554
sprite	4_CAT_SAILOR1	544
sprite	4_CAT_SAILOR2	545
sprite	4_CAT_SAILOR3	546
sprite	4_CAT_SAILOR4	547
sprite	4_CAT_SAILOR5	561
sprite	4_CENERE	10172
sprite	4_CH1_BRANCH	10620
sprite	4_CH1_DELEGACY01	10606
sprite	4_CH1_DELEGACY02	10609
sprite	4_CH1_DELEGACY03	10610
sprite	4_CH1_DELEGACY04	10611
sprite	4_CH1_GRAY_VALKYRIE	10605
sprite	4_CH1_KAL	10613
sprite	4_CH1_LITHIU	10604
sprite	4_CH1_NEUMANN	10619
sprite	4_CH1_YUP	10612
sprite	4_CHN_GVG_01	10100
sprite	4_CHN_SHAOTH	10064
sprite	4_CLB_KP_P1	10603
sprite	4_CLB_KP_SF	10607
sprite	4_CLB_KP_ZH	10608
sprite	4_CLB_SS_AJ	10598
sprite	4_CLB_SS_FC	10596
sprite	4_CLB_SS_LK	10599
sprite	4_CLB_SS_TZ	10597
sprite	4_COCO	658
sprite	4_COOK	886
sprite	4_COOKIEHOUSE	10031
sprite	4_CRACK	550
sprite	4_CREEPER	527
sprite	4_CS_RIGEL	10528
sprite	4_DARKLORD	737
sprite	4_DESERTWOLF_B	10051
sprite	4_DEVIRUCHI	738
sprite	4_DOG01	81
sprite	4_DONKEY	955
sprite	4_DOU_JINDO	10159
sprite	4_DOU_SIBA	10160
sprite	4_DRACULA	10137
sprite	4_DRAGON_EGG	463
sprite	4_DR_AGLIO	10154
sprite	4_DR_F_01	10165
sprite	4_DR_F_02	10166
sprite	4_DR_GAMBERI	10153
sprite	4_DR_KID_01	10167
sprite	4_DR_M_01	10163
sprite	4_DR_M_02	10164
sprite	4_DR_OLIO	10155
sprite	4_DR_PEPE	10152
sprite	4_DR_SOLDIER	10162
sprite	4_DR_STELO	10156
sprite	4_DR_TORTEL	10157
sprite	4_DST_CAMEL	938
sprite	4_DST_SOLDIER	939
sprite	4_DULLAHAN	10178
sprite	4_ED_FENCE	10309
sprite	4_ED_ORB	10308
sprite	4_ED_OSCAR	10307
sprite	4_ED_SCHMIDT	10306
sprite	4_ELDER	10205
sprite	4_ELEPHANT	509
sprite	4_EL_AQUA	10113
sprite	4_EM_ARDOR	10548
sprite	4_EM_DILUVIO	10549
sprite	4_EM_PROCELLA	10550
sprite	4_EM_SERPENS	10552
sprite	4_EM_TERREMOTUS	10551
sprite	4_ENERGY_BLACK	10045
sprite	4_ENERGY_BLUE	10043
sprite	4_ENERGY_RED	10042
sprite	4_ENERGY_WHITE	10046
sprite	4_ENERGY_YELLOW	10044
sprite	4_EP16_AGNES	10130
sprite	4_EP16_COOK	10122
sprite	4_EP16_COOK2	10144
sprite	4_EP16_CRUX	10118
sprite	4_EP16_EGEO	10121
sprite	4_EP16_FOOD	10131
sprite	4_EP16_GRANZ	10119
sprite	4_EP16_HELMUT	10127
sprite	4_EP16_ISAAC	10126
sprite	4_EP16_LOUVIERE	10132
sprite	4_EP16_MARK	10123
sprite	4_EP16_MAX	10133
sprite	4_EP16_MEYER	10129
sprite	4_EP16_NIHIL	10114
sprite	4_EP16_PETER	10117
sprite	4_EP16_POE	10125
sprite	4_EP16_SKIA	10116
sprite	4_EP16_SPICA	10115
sprite	4_EP16_SPIEGEL	10134
sprite	4_EP16_STOLZ	10120
sprite	4_EP16_TAMARIN	10124
sprite	4_EP16_WOLF	10128
sprite	4_EP17_AS	10300
sprite	4_EP17_BASIC_B	10345
sprite	4_EP17_BASIC_B_NG	10347
sprite	4_EP17_BASKET	10357
sprite	4_EP17_BOY_A	10350
sprite	4_EP17_BOY_B	10351
sprite	4_EP17_BROKENBETA	10358
sprite	4_EP17_BUCKETS	10355
sprite	4_EP17_CLEANER	10356
sprite	4_EP17_CLEANER_W	10359
sprite	4_EP17_ELYUMINA	10301
sprite	4_EP17_GUARD_B	10346
sprite	4_EP17_GUARD_B_NG	10348
sprite	4_EP17_KAYA	10299
sprite	4_EP17_MASTER_A	10344
sprite	4_EP17_MERMAID	10360
sprite	4_EP17_MIGUEL	10303
sprite	4_EP17_MIGUEL_D	10305
sprite	4_EP17_MORNING	10302
sprite	4_EP17_NIHIL_K	10304
sprite	4_EP17_SCISSORE	10353
sprite	4_EP17_SWEETY	10349
sprite	4_EP17_TABLET	10354
sprite	4_EP17_TAMARIN	10352
sprite	4_EP18_ALF	10384
sprite	4_EP18_BAGOT	10386
sprite	4_EP18_DEMIFREYA	10387
sprite	4_EP18_DEW	10382
sprite	4_EP18_GW_CHILD01	10401
sprite	4_EP18_GW_CHILD02	10402
sprite	4_EP18_GW_MAN01	10397
sprite	4_EP18_GW_MAN02	10398
sprite	4_EP18_GW_MIDDLE01	10395
sprite	4_EP18_GW_MIDDLE02	10396
sprite	4_EP18_GW_OLD01	10393
sprite	4_EP18_GW_OLD02	10394
sprite	4_EP18_GW_WOMAN01	10399
sprite	4_EP18_GW_WOMAN02	10400
sprite	4_EP18_HALFFLOWER	10392
sprite	4_EP18_HAZAR	10389
sprite	4_EP18_IMRIL	10379
sprite	4_EP18_KAMIL	10388
sprite	4_EP18_MARAM	10376
sprite	4_EP18_MARK	10383
sprite	4_EP18_MERCHANT	10380
sprite	4_EP18_MIRIAM	10377
sprite	4_EP18_PAPERS	10391
sprite	4_EP18_SHULANG	10385
sprite	4_EP18_SUAD	10378
sprite	4_EP18_TAMARIN	10381
sprite	4_EP18_WAGON	10390
sprite	4_EP19_AURELIE	10465
sprite	4_EP19_FRIEDERIKE	10458
sprite	4_EP19_HEALROCK	10460
sprite	4_EP19_IWIN	10461
sprite	4_EP19_IWIN_DIVER	10462
sprite	4_EP19_JUNCEA	10455
sprite	4_EP19_JUNCEA_D	10457
sprite	4_EP19_JUNCEA_M	10456
sprite	4_EP19_LASGAND	10466
sprite	4_EP19_LAZY	10454
sprite	4_EP19_LEHAR	10469
sprite	4_EP19_LEON	10464
sprite	4_EP19_LUNCH	10453
sprite	4_EP19_MORYARA	10452
sprite	4_EP19_RGAN_R1	10470
sprite	4_EP19_RGAN_R2	10471
sprite	4_EP19_RGAN_R3	10472
sprite	4_EP19_RGAN_SR1	10473
sprite	4_EP19_RGAN_SR2	10474
sprite	4_EP19_RGAN_SR3	10475
sprite	4_EP19_SUITCASE	10459
sprite	4_EP19_TAMARIN	10463
sprite	4_EP19_VELLGUNDE	10468
sprite	4_EP19_VOGLINDE	10467
sprite	4_EP19_ZORYARA	10451
sprite	4_EP20_DEVICE_BLACK	10540
sprite	4_EP20_DEVICE_BLUE	10538
sprite	4_EP20_DEVICE_RED	10539
sprite	4_EP20_LASGAND	10536
sprite	4_EP20_NYAR	10537
sprite	4_EP21_AURELIE	10592
sprite	4_EP21_EPESTO	10588
sprite	4_EP21_F_WORKER_A	10568
sprite	4_EP21_F_WORKER_B	10569
sprite	4_EP21_GALAXIA_A	10582
sprite	4_EP21_GALAXIA_B	10583
sprite	4_EP21_GUNTER	10581
sprite	4_EP21_HEINE_TAB	10589
sprite	4_EP21_HOWELL	10587
sprite	4_EP21_HOWELL_S	10593
sprite	4_EP21_IANA	10590
sprite	4_EP21_ILSE	10586
sprite	4_EP21_IVAN	10584
sprite	4_EP21_LALAILA	10585
sprite	4_EP21_LEE	10591
sprite	4_EP21_MARISTELLA	10577
sprite	4_EP21_M_WORKER_A	10566
sprite	4_EP21_M_WORKER_B	10567
sprite	4_EP21_NADOYO	10574
sprite	4_EP21_REINHARDT	10575
sprite	4_EP21_RICHARD	10579
sprite	4_EP21_SOLDIER_A	10564
sprite	4_EP21_SOLDIER_B	10565
sprite	4_EP21_TAN	10572
sprite	4_EP21_TAN_S	10594
sprite	4_EP21_TRIS	10573
sprite	4_EP21_VALDARIS	10580
sprite	4_EP21_WILHELM	10576
sprite	4_EP21_WORKER_KID_A	10570
sprite	4_EP21_WORKER_KID_B	10571
sprite	4_EP21_YOHAN	10578
sprite	4_EREMES	595
sprite	4_EREND	590
sprite	4_EVT_KKAT	10563
sprite	4_EVT_LAMMIR	10561
sprite	4_EVT_SULKI	10562
sprite	4_EXJOB_CHUL_HO	10439
sprite	4_EXJOB_GERHOLD	10433
sprite	4_EXJOB_HAPPY_CLOUD	10437
sprite	4_EXJOB_HYUN_ROK	10441
sprite	4_EXJOB_KI_SUL	10440
sprite	4_EXJOB_MASTER_J	10435
sprite	4_EXJOB_MR_SEO	10436
sprite	4_EXJOB_NINJA	10434
sprite	4_EXJOB_NINJA2	10508
sprite	4_EXJOB_STAR	10438
sprite	4_EZELLA	10072
sprite	4_FAIRYDEADLEAF	613
sprite	4_FIRERING	10270
sprite	4_FROG	614
sprite	4_F_01	90
sprite	4_F_02	91
sprite	4_F_03	92
sprite	4_F_04	93
sprite	4_F_05	711
sprite	4_F_06	714
sprite	4_F_07	724
sprite	4_F_08	10095
sprite	4_F_08_STATUE	10096
sprite	4_F_ACOLYTE	641
sprite	4_F_ACROSS	885
sprite	4_F_AGENTKAFRA	859
sprite	4_F_ALCHE	744
sprite	4_F_ALCHE_A	558
sprite	4_F_ANES	10312
sprite	4_F_ANES_D	10313
sprite	4_F_ANNIVERSARY	408
sprite	4_F_ANYA	10193
sprite	4_F_ARUNA_POP	936
sprite	4_F_ARUNA_POP2	10173
sprite	4_F_BABAYAGA	970
sprite	4_F_BARYO_GIRL	576
sprite	4_F_BARYO_OLD	575
sprite	4_F_BARYO_WOMAN	579
sprite	4_F_BELIEVER01	10022
sprite	4_F_BERRYTEA	10078
sprite	4_F_BIJOU	10143
sprite	4_F_BOMI	10224
sprite	4_F_BRZ_INDIAN	473
sprite	4_F_BRZ_INDOLD	474
sprite	4_F_BRZ_WOMAN	478
sprite	4_F_BRZ_WOMAN2	499
sprite	4_F_CACTUSCHILD2	10226
sprite	4_F_CACTUSLADY2	10227
sprite	4_F_CACTUSLADY3	10228
sprite	4_F_CAPEGIRL	879
sprite	4_F_CAVE1	979
sprite	4_F_CECILIA	10316
sprite	4_F_CECILIA_D	10317
sprite	4_F_CHARLESTON01	10053
sprite	4_F_CHARLESTON02	10054
sprite	4_F_CHARLESTON03	10055
sprite	4_F_CHILD	914
sprite	4_F_CHNDOCTOR	814
sprite	4_F_CHNDRESS1	815
sprite	4_F_CHNDRESS2	816
sprite	4_F_CHNDRESS3	817
sprite	4_F_CHNWOMAN	818
sprite	4_F_CLOCKDOLL	610
sprite	4_F_COATNEIS	10186
sprite	4_F_CRU	745
sprite	4_F_DANGDANG	10286
sprite	4_F_DANGDANG1	10288
sprite	4_F_DEADEVIL	10190
sprite	4_F_DESERT	940
sprite	4_F_DIENE	10185
sprite	4_F_DOGTRAVELER	515
sprite	4_F_DOMINO	830
sprite	4_F_DRAGONHAT	10259
sprite	4_F_DRKAFRA01	10242
sprite	4_F_DST_CHILD	941
sprite	4_F_DST_GRAND	942
sprite	4_F_EDEN_MASTER	951
sprite	4_F_EDEN_OFFICER	952
sprite	4_F_EINOLD	846
sprite	4_F_EINRESERCHER	10339
sprite	4_F_EINWOMAN	850
sprite	4_F_ELENA	10192
sprite	4_F_ERENE	10337
sprite	4_F_ESTLOVELOY	10183
sprite	4_F_FAIRY	435
sprite	4_F_FAIRY1	465
sprite	4_F_FAIRY2	611
sprite	4_F_FAIRYKID	436
sprite	4_F_FAIRYKID2	437
sprite	4_F_FAIRYKID3	438
sprite	4_F_FAIRYKID4	439
sprite	4_F_FAIRYKID5	440
sprite	4_F_FAIRYKID6	441
sprite	4_F_FAIRYSOLDIER	462
sprite	4_F_FENRIR	664
sprite	4_F_FRUIT	10079
sprite	4_F_GEFFEN_FAY	665
sprite	4_F_GELKA	629
sprite	4_F_GENETIC	643
sprite	4_F_GENIE	661
sprite	4_F_GODEMOM	701
sprite	4_F_GON	702
sprite	4_F_GUILLOTINE	466
sprite	4_F_GUNSLINGER	633
sprite	4_F_GUNSLINGER2	10199
sprite	4_F_GUNSLINGER3	10200
sprite	4_F_HIMEL	650
sprite	4_F_HIMEL2	656
sprite	4_F_HUGIRL	891
sprite	4_F_HUGRANMA	892
sprite	4_F_HUNTER_EVIL	10191
sprite	4_F_HUWOMAN	893
sprite	4_F_IA	10255
sprite	4_F_IRIS	666
sprite	4_F_IU	646
sprite	4_F_JOB_ASSASSIN	725
sprite	4_F_JOB_BLACKSMITH	726
sprite	4_F_JOB_HUNTER	727
sprite	4_F_JOB_KNIGHT	728
sprite	4_F_JP14THEVT	10233
sprite	4_F_JPN	758
sprite	4_F_JPN2	757
sprite	4_F_JPNCHIBI	759
sprite	4_F_JPNMU	769
sprite	4_F_JPNOBA	761
sprite	4_F_JPNOBA2	760
sprite	4_F_JP_CHROME	503
sprite	4_F_JP_CYNTHIA	601
sprite	4_F_JP_DARK_ADELAIDE	604
sprite	4_F_JP_NOAH	501
sprite	4_F_JP_OZ	502
sprite	4_F_JP_RINNE	504
sprite	4_F_KAFRA1	117
sprite	4_F_KAFRA2	116
sprite	4_F_KAFRA3	115
sprite	4_F_KAFRA4	114
sprite	4_F_KAFRA5	113
sprite	4_F_KAFRA6	112
sprite	4_F_KAFRA7	721
sprite	4_F_KAFRA8	860
sprite	4_F_KAFRA9	861
sprite	4_F_KHALITZBURG	655
sprite	4_F_KHELLISIA	894
sprite	4_F_KHELLY	895
sprite	4_F_KHGIRL	906
sprite	4_F_KHWOMAN	905
sprite	4_F_KID2	703
sprite	4_F_KID3	717
sprite	4_F_KIMI	10034
sprite	4_F_KR_TIGER	586
sprite	4_F_LAPERM	10058
sprite	4_F_LEEDSH	10184
sprite	4_F_LGTGIRL	862
sprite	4_F_LGTGRAND	863
sprite	4_F_LUCILE	667
sprite	4_F_LYDIA	10010
sprite	4_F_MADAME	915
sprite	4_F_MAID	94
sprite	4_F_MALAYA	583
sprite	4_F_MASK	917
sprite	4_F_MASK1	916
sprite	4_F_MAYSEL	640
sprite	4_F_MD_KATRINN	10323
sprite	4_F_MD_KATRINN_D	10335
sprite	4_F_MD_KATRINN_H	10329
sprite	4_F_MD_MAGALETA	10321
sprite	4_F_MD_MAGALETA_D	10333
sprite	4_F_MD_MAGALETA_H	10327
sprite	4_F_MD_SHECIL	10322
sprite	4_F_MD_SHECIL_D	10334
sprite	4_F_MD_SHECIL_H	10328
sprite	4_F_MD_YGNIZEM	10336
sprite	4_F_MOCBOY	10038
sprite	4_F_MONK	746
sprite	4_F_MORAFINE1	520
sprite	4_F_MORAFINE2	521
sprite	4_F_MUNAK	424
sprite	4_F_MUT1	980
sprite	4_F_MUT2	981
sprite	4_F_NACORURI	719
sprite	4_F_NARIN	10238
sprite	4_F_NFDEADKAFRA	791
sprite	4_F_NFDEADMGCIAN	792
sprite	4_F_NFLOSTGIRL	793
sprite	4_F_NOVICE	729
sprite	4_F_NOVICE2	10207
sprite	4_F_NURSE	569
sprite	4_F_NYDHOG	510
sprite	4_F_NYDHOG2	511
sprite	4_F_OPERATION	864
sprite	4_F_PATIENT	584
sprite	4_F_PATIENT01	10615
sprite	4_F_PATIENT02	10617
sprite	4_F_PERE01	10047
sprite	4_F_PINKWOMAN	612
sprite	4_F_PREMI	10209
sprite	4_F_RACHOLD	918
sprite	4_F_RACING	845
sprite	4_F_RAFLE_PK	518
sprite	4_F_RAFLE_VI	525
sprite	4_F_RAFLE_YE	523
sprite	4_F_RANGER	10148
sprite	4_F_REBELLION	10063
sprite	4_F_REBELLION2	10201
sprite	4_F_REBELLION3	10202
sprite	4_F_REINDEER	10340
sprite	4_F_ROGUE	747
sprite	4_F_RUNAIN	10039
sprite	4_F_RUSCHILD	958
sprite	4_F_RUSGREEN	971
sprite	4_F_RUSWOMAN1	959
sprite	4_F_RUSWOMAN2	960
sprite	4_F_RUSWOMAN3	961
sprite	4_F_SARAH	10066
sprite	4_F_SARAH_BABY	668
sprite	4_F_SCIENCE	982
sprite	4_F_SE_SUN	10296
sprite	4_F_SHABBY	919
sprite	4_F_SHADOWCHASER	482
sprite	4_F_SHALOSH	10041
sprite	4_F_SHAM	10061
sprite	4_F_SHAMAN	720
sprite	4_F_SISTER	95
sprite	4_F_SITDOWN	882
sprite	4_F_SKULL06GIRL	10032
sprite	4_F_SLOPPY_WOMAN	10241
sprite	4_F_SOCCER	911
sprite	4_F_SON	756
sprite	4_F_STARFISHGIRL	552
sprite	4_F_SURA	484
sprite	4_F_SWORDMAN	645
sprite	4_F_TAEKWON	644
sprite	4_F_TELEPORTER	124
sprite	4_F_THAIAYO	838
sprite	4_F_THAIGIRL	839
sprite	4_F_THAISHAMAN	840
sprite	4_F_TRAINEE	920
sprite	4_F_TWGIRL	770
sprite	4_F_TWGRANDMOM	771
sprite	4_F_TWMASKGIRL	772
sprite	4_F_TWMIDWOMAN	773
sprite	4_F_UMGIRL	781
sprite	4_F_UMOLDWOMAN	782
sprite	4_F_UMWOMAN	783
sprite	4_F_VACATION_MIRIAM	10628
sprite	4_F_VALKYRIE	811
sprite	4_F_VALKYRIE2	403
sprite	4_F_WANDERER	485
sprite	4_F_YUNYANG	877
sprite	4_F_ZONDAGIRL	831
sprite	4_GACHA_MACHINE	10545
sprite	4_GALAPAGO	10050
sprite	4_GARGOYLE_STATUE	10070
sprite	4_GC109	10082
sprite	4_GEFFEN_01	669
sprite	4_GEFFEN_02	670
sprite	4_GEFFEN_03	671
sprite	4_GEFFEN_04	672
sprite	4_GEFFEN_05	673
sprite	4_GEFFEN_06	674
sprite	4_GEFFEN_07	675
sprite	4_GEFFEN_08	676
sprite	4_GEFFEN_09	677
sprite	4_GEFFEN_10	678
sprite	4_GEFFEN_11	679
sprite	4_GEFFEN_12	680
sprite	4_GEFFEN_13	681
sprite	4_GEFFEN_14	682
sprite	4_GHOSTRING	950
sprite	4_GHOST_COLLAPSE	10030
sprite	4_GHOST_STAND	10029
sprite	4_GIBBET	10177
sprite	4_GIGANTES	10068
sprite	4_GIGANTES_BIG	10067
sprite	4_GIGANTES_SMALL	10069
sprite	4_HARWORD	600
sprite	4_HEN	10285
sprite	4_HERO_SAUSAGE	10534
sprite	4_HM_CHUBBY	10623
sprite	4_HM_LOLBBY	10625
sprite	4_HM_MUNCH	10627
sprite	4_HM_NONI	10624
sprite	4_HM_TARONG	10622
sprite	4_HM_UZAGI	10621
sprite	4_HM_YOBBY	10626
sprite	4_HUMAN_GERUTOO	493
sprite	4_INJUSTICE	10175
sprite	4_JACK	10015
sprite	4_JACK_HEAD	10174
sprite	4_JITTERBUG	10048
sprite	4_JJAK	10280
sprite	4_JP_16TH	10343
sprite	4_JP_19TH	10524
sprite	4_JP_2015EVT	10168
sprite	4_JP_AB_NPC_001	10272
sprite	4_JP_AB_NPC_002	10273
sprite	4_JP_AB_NPC_003	10274
sprite	4_JP_AB_NPC_004	10275
sprite	4_JP_AB_NPC_005	10276
sprite	4_JP_AB_NPC_006	10277
sprite	4_JP_AB_NPC_007	10278
sprite	4_JP_AB_NPC_008	10279
sprite	4_JP_AB_NPC_009	10361
sprite	4_JP_AB_NPC_010	10362
sprite	4_JP_BRAGOLEM_H	10112
sprite	4_JP_EDGA_H	10111
sprite	4_JP_GARM_H	10098
sprite	4_JP_MEDUSA_H	10099
sprite	4_JP_MID_SWIM	662
sprite	4_JP_RUNE_SWIM	663
sprite	4_KASANDRA	10602
sprite	4_KATRINN	597
sprite	4_KAVAC	593
sprite	4_KID01	82
sprite	4_KING	10223
sprite	4_KING_PORING	10525
sprite	4_KULUNA	10073
sprite	4_LAM	890
sprite	4_LARVA_BLACK	10532
sprite	4_LARVA_RED	10530
sprite	4_LARVA_VIOLET	10533
sprite	4_LARVA_YELLOW	10531
sprite	4_LAVAGOLEM	10254
sprite	4_LEAFCAT	10289
sprite	4_LEVITATEMAN	651
sprite	4_LGTSCIENCE	865
sprite	4_LIL_LIF	10257
sprite	4_LIL_LIF2	10258
sprite	4_LOCKE	10256
sprite	4_LOLI_RURI	10017
sprite	4_LUDE	10011
sprite	4_LUNATIC	10206
sprite	4_LUNE	10074
sprite	4_MACHINE_DEVICE	10081
sprite	4_MAGALETA	596
sprite	4_MALLINA	10075
sprite	4_MAL_BUDIDAI	572
sprite	4_MAL_CAPTAIN	571
sprite	4_MAL_KAFRA	581
sprite	4_MAL_SOLDIER	570
sprite	4_MAN_BENKUNI	449
sprite	4_MAN_GALTUN	450
sprite	4_MAN_GALTUN1	492
sprite	4_MAN_JERUTOO	451
sprite	4_MAN_LAVAIL	452
sprite	4_MAN_NITT	453
sprite	4_MAN_PIOM	454
sprite	4_MAN_PIOM2	455
sprite	4_MAN_PIOM3	460
sprite	4_MAN_PIOM4	490
sprite	4_MAN_PIOM5	491
sprite	4_MAN_PIOM6	489
sprite	4_MASK_SMOKEY	543
sprite	4_MIMIC	464
sprite	4_MISTRESS	10136
sprite	4_MISTY	507
sprite	4_MOONLIGHT	10135
sprite	4_MORIN	10076
sprite	4_MYSTCASE	566
sprite	4_M_01	83
sprite	4_M_02	84
sprite	4_M_03	85
sprite	4_M_04	86
sprite	4_M_05	712
sprite	4_M_06	713
sprite	4_M_1STPRIN1	983
sprite	4_M_1STPRIN2	984
sprite	4_M_2NDPRIN1	985
sprite	4_M_2NDPRIN2	986
sprite	4_M_3RDPRIN1	987
sprite	4_M_3RDPRIN2	988
sprite	4_M_4THPRIN1	989
sprite	4_M_4THPRIN2	990
sprite	4_M_5THPRIN1	991
sprite	4_M_5THPRIN2	992
sprite	4_M_6THPRIN1	993
sprite	4_M_6THPRIN2	994
sprite	4_M_ACROSS	884
sprite	4_M_AC_RUMIN	10246
sprite	4_M_ALADDIN	659
sprite	4_M_ALBERTFORD	10214
sprite	4_M_ALCHE_A	748
sprite	4_M_ALCHE_B	749
sprite	4_M_ALCHE_C	750
sprite	4_M_ALCHE_D	883
sprite	4_M_ALCHE_E	542
sprite	4_M_ANDREA	10310
sprite	4_M_ANDREA_D	10311
sprite	4_M_ANTONIO	10019
sprite	4_M_ARCHER	634
sprite	4_M_ARDHA	526
sprite	4_M_ARUNA_NFM1	937
sprite	4_M_ATEIL	407
sprite	4_M_BABYCAT	422
sprite	4_M_BARBER	87
sprite	4_M_BARD	486
sprite	4_M_BARMUND	654
sprite	4_M_BARYO_BOY	577
sprite	4_M_BARYO_MAN	578
sprite	4_M_BARYO_OLD	574
sprite	4_M_BELIEVER01	10021
sprite	4_M_BELIEVER02	10023
sprite	4_M_BIBI	704
sprite	4_M_BIRMAN	10060
sprite	4_M_BLACKMAN	615
sprite	4_M_BLUEMAN	616
sprite	4_M_BONGUN	425
sprite	4_M_BOSSCAT	421
sprite	4_M_BRZ_INDIAN	472
sprite	4_M_BRZ_JACI	475
sprite	4_M_BRZ_MAN1	476
sprite	4_M_BRZ_MAN2	477
sprite	4_M_BUDDHIST	834
sprite	4_M_CACTUS	10229
sprite	4_M_CACTUSCHIEF	10225
sprite	4_M_CACTUSCHILD	10222
sprite	4_M_CACTUSLADY	10220
sprite	4_M_CACTUSMAN1	10217
sprite	4_M_CACTUSMAN2	10218
sprite	4_M_CACTUSMAN3	10219
sprite	4_M_CASMAN1	995
sprite	4_M_CATMAN1	497
sprite	4_M_CATMAN2	498
sprite	4_M_CAVE1	996
sprite	4_M_CHAMPSOUL	411
sprite	4_M_CHAOS	683
sprite	4_M_CHIEF_IRIN	684
sprite	4_M_CHILD	922
sprite	4_M_CHILD1	921
sprite	4_M_CHN8GUEK	819
sprite	4_M_CHNCOOK	820
sprite	4_M_CHNGENERL	821
sprite	4_M_CHNMAN	822
sprite	4_M_CHNMONK	823
sprite	4_M_CHNOLD	824
sprite	4_M_CHNSOLDIER	825
sprite	4_M_COOKIE	10020
sprite	4_M_COSTELL	10210
sprite	4_M_COWRAIDERS1	10230
sprite	4_M_COWRAIDERS2	10231
sprite	4_M_COWRAIDERS3	10232
sprite	4_M_CRU	751
sprite	4_M_CRU_CRUA	416
sprite	4_M_CRU_HEAD	415
sprite	4_M_CRU_KNT	414
sprite	4_M_CRU_OLD	752
sprite	4_M_CRU_SOLD	413
sprite	4_M_DANGDANG	10287
sprite	4_M_DARKPRIEST	10097
sprite	4_M_DEATH	10028
sprite	4_M_DEATH2	10092
sprite	4_M_DEBON	10059
sprite	4_M_DESERT	943
sprite	4_M_DEWBOY	538
sprite	4_M_DEWGIRL	539
sprite	4_M_DEWMAN	536
sprite	4_M_DEWOLDMAN	534
sprite	4_M_DEWOLDWOMAN	535
sprite	4_M_DEWWOMAN	537
sprite	4_M_DEWZATICHIEF	540
sprite	4_M_DEWZATIMAN	541
sprite	4_M_DIEMAN	849
sprite	4_M_DOCTOR	923
sprite	4_M_DOGTRAVELER	513
sprite	4_M_DOGTRAVELER2	514
sprite	4_M_DOMINO	829
sprite	4_M_DRAGONHAT	10260
sprite	4_M_DRAKE	969
sprite	4_M_DRZONDA01	10243
sprite	4_M_DSTMAN	456
sprite	4_M_DSTMANDEAD	457
sprite	4_M_DST_CHILD	944
sprite	4_M_DST_GRAND	945
sprite	4_M_DST_MASTER	946
sprite	4_M_DST_TOUGH	947
sprite	4_M_DWARF	826
sprite	4_M_EDEN_GUARDER	953
sprite	4_M_EINCPTMINER	10338
sprite	4_M_EINMAN	855
sprite	4_M_EINMAN2	854
sprite	4_M_EINMINER	848
sprite	4_M_EINOLD	847
sprite	4_M_EIN_SOLDIER	852
sprite	4_M_EISEN	10189
sprite	4_M_EVOKASCUDI	10212
sprite	4_M_FAIRYANG	617
sprite	4_M_FAIRYAVANT	618
sprite	4_M_FAIRYFREAK	619
sprite	4_M_FAIRYKID	442
sprite	4_M_FAIRYKID2	443
sprite	4_M_FAIRYKID3	444
sprite	4_M_FAIRYKID4	445
sprite	4_M_FAIRYKID5	446
sprite	4_M_FAIRYKID6	620
sprite	4_M_FAIRYSCHOLAR	621
sprite	4_M_FAIRYSCHOLAR_DIRTY	622
sprite	4_M_FAIRYSOLDIER	447
sprite	4_M_FAIRYSOLDIER2	461
sprite	4_M_FALLENGONY	10188
sprite	4_M_FARIYKING	624
sprite	4_M_FARIY_HISIE	623
sprite	4_M_FROZEN	925
sprite	4_M_FROZEN1	924
sprite	4_M_FROZEN_GC	10035
sprite	4_M_FROZEN_KN	10036
sprite	4_M_GAST	10221
sprite	4_M_GEF_SOLDIER	705
sprite	4_M_GENIE	660
sprite	4_M_GONY	10180
sprite	4_M_GRANDMONK	827
sprite	4_M_GREATPO	409
sprite	4_M_GUILLOTINE	467
sprite	4_M_GUNSLINGER	632
sprite	4_M_GUNSLINGER2	10195
sprite	4_M_GUNSLINGER3	10196
sprite	4_M_GUSLIMAN	963
sprite	4_M_HEINRICH	652
sprite	4_M_HIGH_WIZARD	10247
sprite	4_M_HUBOY	896
sprite	4_M_HUGRANFA	897
sprite	4_M_HUMAN_01	898
sprite	4_M_HUMAN_02	899
sprite	4_M_HUMERCHANT	900
sprite	4_M_HUOLDARMY	901
sprite	4_M_IAN	10056
sprite	4_M_ILYA	10203
sprite	4_M_JOB_ASSASSIN	730
sprite	4_M_JOB_BLACKSMITH	731
sprite	4_M_JOB_HUNTER	732
sprite	4_M_JOB_KNIGHT1	733
sprite	4_M_JOB_KNIGHT2	734
sprite	4_M_JOB_WIZARD	735
sprite	4_M_JOHNNYJAMES	10213
sprite	4_M_JPN	763
sprite	4_M_JPN2	762
sprite	4_M_JPNCHIBI	764
sprite	4_M_JPNOJI	766
sprite	4_M_JPNOJI2	765
sprite	4_M_JP_BERKUT	603
sprite	4_M_JP_DARK_DARIUS	605
sprite	4_M_JP_DISH	500
sprite	4_M_JP_GUSTON	602
sprite	4_M_JP_JESTER	606
sprite	4_M_JP_MID	429
sprite	4_M_JP_RUN	430
sprite	4_M_KAGE_OLD	588
sprite	4_M_KARAMPUCCI	10216
sprite	4_M_KEEN_SOLDIER	10240
sprite	4_M_KHBOY	907
sprite	4_M_KHKIEL	902
sprite	4_M_KHKYEL	903
sprite	4_M_KHMAN	904
sprite	4_M_KID1	706
sprite	4_M_KID2	716
sprite	4_M_KNG_RENO	10245
sprite	4_M_KNIGHT_BLACK	468
sprite	4_M_KNIGHT_GOLD	469
sprite	4_M_KNIGHT_SILVER	470
sprite	4_M_KR_BOY	587
sprite	4_M_KY_HEAD	419
sprite	4_M_KY_KIYOM	420
sprite	4_M_KY_KNT	418
sprite	4_M_KY_SOLD	417
sprite	4_M_LAZY	10179
sprite	4_M_LGTGRAND	866
sprite	4_M_LGTGUARD	868
sprite	4_M_LGTGUARD2	867
sprite	4_M_LGTMAN	869
sprite	4_M_LGTPOOR	870
sprite	4_M_LIEMAN	887
sprite	4_M_LYINGDOG	519
sprite	4_M_MALAYA	582
sprite	4_M_MANAGER	109
sprite	4_M_MASK	927
sprite	4_M_MASK1	926
sprite	4_M_MASKMAN	880
sprite	4_M_MAYOR	573
sprite	4_M_MD_EREMES	10319
sprite	4_M_MD_EREMES_D	10331
sprite	4_M_MD_EREMES_H	10325
sprite	4_M_MD_HARWORD	10320
sprite	4_M_MD_HARWORD_D	10332
sprite	4_M_MD_HARWORD_H	10326
sprite	4_M_MD_SEYREN	10318
sprite	4_M_MD_SEYREN_D	10330
sprite	4_M_MD_SEYREN_H	10324
sprite	4_M_MELODY	648
sprite	4_M_MERCAT1	495
sprite	4_M_MERCAT2	496
sprite	4_M_MIDDLE	929
sprite	4_M_MIDDLE1	928
sprite	4_M_MIKID	975
sprite	4_M_MINISTER	110
sprite	4_M_MINSTREL	479
sprite	4_M_MINSTREL1	480
sprite	4_M_MOCASS1	997
sprite	4_M_MOCASS2	998
sprite	4_M_MOC_SOLDIER	707
sprite	4_M_MONK	753
sprite	4_M_MUT1	999
sprite	4_M_MUT2	401
sprite	4_M_NEWOZ	625
sprite	4_M_NFDEADMAN	795
sprite	4_M_NFDEADMAN2	794
sprite	4_M_NFDEADSWDMAN	796
sprite	4_M_NFLOSTMAN	797
sprite	4_M_NFMAN	798
sprite	4_M_NILLEM	10529
sprite	4_M_NINJA_BLUE	637
sprite	4_M_NINJA_RED	636
sprite	4_M_NOFEARGUY	488
sprite	4_M_NOVELIST	410
sprite	4_M_NOV_HUNT	642
sprite	4_M_NOV_RUMIN	639
sprite	4_M_OILMAN	878
sprite	4_M_OLDFRIAR	412
sprite	4_M_OLDSCHOLAR	10057
sprite	4_M_OLIVER	626
sprite	4_M_OPERATION	871
sprite	4_M_ORIENT01	88
sprite	4_M_ORIENT02	89
sprite	4_M_PATIENT	585
sprite	4_M_PATIENT01	10614
sprite	4_M_PATIENT02	10616
sprite	4_M_PATRICK	954
sprite	4_M_PAY_SOLDIER	708
sprite	4_M_PECOKNIGHT	875
sprite	4_M_PEPPERROTI	10235
sprite	4_M_PHILMAN	908
sprite	4_M_PHILOFONTES	10182
sprite	4_M_PIERROT	715
sprite	4_M_POORSCHOLAR	10234
sprite	4_M_POPFESTA	10251
sprite	4_M_PRESIDENT	872
sprite	4_M_PROFESSORWORM	627
sprite	4_M_RACHMAN1	931
sprite	4_M_RACHMAN2	930
sprite	4_M_RACHOLD	933
sprite	4_M_RACHOLD1	932
sprite	4_M_RAFLE_GR	516
sprite	4_M_RAFLE_OLD	517
sprite	4_M_RAFLE_OR	522
sprite	4_M_RAFLE_VI	524
sprite	4_M_RAGI	647
sprite	4_M_RASWORD	934
sprite	4_M_REBELLION	10062
sprite	4_M_REBELLION2	10197
sprite	4_M_REBELLION3	10198
sprite	4_M_REDMAN	628
sprite	4_M_REDSWORD	459
sprite	4_M_REIDIN_KURS	832
sprite	4_M_REINDEER	873
sprite	4_M_REKENBER	10085
sprite	4_M_REPAIR	851
sprite	4_M_ROEL	10040
sprite	4_M_ROGUE	828
sprite	4_M_ROKI	494
sprite	4_M_ROKI2	512
sprite	4_M_ROOKIE	10181
sprite	4_M_ROTERT	630
sprite	4_M_ROYALGUARD	653
sprite	4_M_RUPERT	10187
sprite	4_M_RUSBALD	964
sprite	4_M_RUSCHILD	962
sprite	4_M_RUSKING	965
sprite	4_M_RUSKNIGHT	966
sprite	4_M_RUSMAN1	967
sprite	4_M_RUSMAN2	968
sprite	4_M_SAGE_A	754
sprite	4_M_SAGE_C	755
sprite	4_M_SAKRAY	685
sprite	4_M_SAKRAYROYAL	686
sprite	4_M_SAKRAY_TIED	10018
sprite	4_M_SALVATION	790
sprite	4_M_SANTA	718
sprite	4_M_SCIENCE	402
sprite	4_M_SEAMAN	709
sprite	4_M_SEANMCCURDY	10215
sprite	4_M_SEIREN_UC	10194
sprite	4_M_SE_MOON	10297
sprite	4_M_SE_STAR	10298
sprite	4_M_SHADOWCHASER	481
sprite	4_M_SILVANO	10314
sprite	4_M_SILVANO_D	10315
sprite	4_M_SITDOWN	881
sprite	4_M_SIT_NOVICE	567
sprite	4_M_SNOWMAN	710
sprite	4_M_SNOWMAN_B	10281
sprite	4_M_SNOWMAN_G	10283
sprite	4_M_SNOWMAN_R	10282
sprite	4_M_SOCCER7	912
sprite	4_M_SOCCER9	913
sprite	4_M_SOULREAPER	10295
sprite	4_M_SURA	483
sprite	4_M_SWD_RENO	10244
sprite	4_M_SWORDMAN	635
sprite	4_M_TAMARIN	10027
sprite	4_M_TATIO	10084
sprite	4_M_TELEPORTER	125
sprite	4_M_THAIAYO	841
sprite	4_M_THAIOLD	842
sprite	4_M_THAIONGBAK	843
sprite	4_M_THIEF_RUMIN	638
sprite	4_M_TRAINEE	935
sprite	4_M_TRISTAN	956
sprite	4_M_TUFFOLD	448
sprite	4_M_TWBOY	774
sprite	4_M_TWMASKMAN	775
sprite	4_M_TWMIDMAN	776
sprite	4_M_TWOLDMAN	777
sprite	4_M_TWTEAMAN	778
sprite	4_M_UMCHIEF	784
sprite	4_M_UMDANCEKID	786
sprite	4_M_UMDANCEKID2	785
sprite	4_M_UMKID	787
sprite	4_M_UMOLDMAN	788
sprite	4_M_UMSOLDIER	789
sprite	4_M_UNCLEKNIGHT	404
sprite	4_M_URGENT_MAN	10239
sprite	4_M_VACATION_MARAM	10595
sprite	4_M_YATTWARP	10211
sprite	4_M_YOUNGKNIGHT	405
sprite	4_M_YOYOROGUE	779
sprite	4_M_YURI	853
sprite	4_M_ZONDAMAN	874
sprite	4_M_ZONDAOYAJI	833
sprite	4_NASARIAN	10290
sprite	4_NASARIAN_EM	10291
sprite	4_NASARIN	10077
sprite	4_NECORING	508
sprite	4_NFBAT	799
sprite	4_NFCOCK	800
sprite	4_NFCOFFIN	801
sprite	4_NFWISP	802
sprite	4_NONMYSTCASE	10033
sprite	4_NPC_TRAP	10150
sprite	4_OCTOPUS_LEG	568
sprite	4_ORCLADY	431
sprite	4_ORCLADY2	432
sprite	4_ORCWARRIOR	433
sprite	4_ORCWARRIOR2	434
sprite	4_ORK_HERO	10342
sprite	4_PATIEN_KID	10618
sprite	4_PCCOUNT	10253
sprite	4_PD_BRACHI	10106
sprite	4_PD_BRACHIOS	10107
sprite	4_PD_GOLDDRAGON	10108
sprite	4_PD_PLESI	10104
sprite	4_PD_PLESIO	10105
sprite	4_PD_TAMADORA	10110
sprite	4_PD_TYRA	10102
sprite	4_PD_TYRANOS	10103
sprite	4_PD_ZAEROG	10109
sprite	4_PECOPECO	428
sprite	4_PIGOCTO	10341
sprite	4_POINT_BLACK	10431
sprite	4_POINT_BLUE	10429
sprite	4_POINT_PURPLE	10636
sprite	4_POINT_RED	10428
sprite	4_POINT_WHITE	10432
sprite	4_POINT_YELLOW	10430
sprite	4_PORING	909
sprite	4_PRINCESS_SAUSAGE	10535
sprite	4_PURPLE_WARP	10237
sprite	4_RAGFES_02	10478
sprite	4_RAGFES_02_M	10479
sprite	4_RAGFES_03	10480
sprite	4_RAGFES_03_M	10481
sprite	4_RAGFES_04	10482
sprite	4_RAGFES_04_M	10483
sprite	4_RAGFES_05	10484
sprite	4_RAGFES_05_M	10485
sprite	4_RAGFES_06	10486
sprite	4_RAGFES_06_M	10487
sprite	4_RAGFES_07	10488
sprite	4_RAGFES_07_M	10489
sprite	4_RAGFES_08	10490
sprite	4_RAGFES_08_M	10491
sprite	4_RAGFES_09	10492
sprite	4_RAGFES_09_M	10493
sprite	4_RAGFES_10	10494
sprite	4_RAGFES_10_M	10495
sprite	4_RAGFES_11	10496
sprite	4_RAGFES_11_M	10497
sprite	4_RAGFES_12	10498
sprite	4_RAGFES_12_M	10499
sprite	4_RAGFES_13	10500
sprite	4_RAGFES_13_M	10501
sprite	4_RAGFES_14	10502
sprite	4_RAGFES_14_M	10503
sprite	4_RAGFES_15	10504
sprite	4_RAGFES_15_M	10505
sprite	4_RAGFES_16	10506
sprite	4_RAGFES_16_M	10507
sprite	4_RAGGLER	10151
sprite	4_RAWREL	591
sprite	4_RED_FLOWER	977
sprite	4_ROPEPILE	10024
sprite	4_RUNESTONE	10547
sprite	4_RUS_DWOLF	972
sprite	4_SCATLETON	10271
sprite	4_SCR_AT_ROBOTS	10147
sprite	4_SCR_MT_ROBOTS	10080
sprite	4_SEA_OTTER	10049
sprite	4_SERVICE_30_F_01	10146
sprite	4_SERVICE_30_M_01	10145
sprite	4_SEYREN	599
sprite	4_SHECIL	598
sprite	4_SHOAL	10065
sprite	4_SKULL_MUD	471
sprite	4_SMART_ANDRE	10600
sprite	4_SNAKE_LORD	10037
sprite	4_SNOWDOG	10553
sprite	4_SOIL	557
sprite	4_SOLDIER_SKEL	10016
sprite	4_SPRING_RABBIT	10101
sprite	4_STAR_BOX_ATK1	10421
sprite	4_STAR_BOX_ATK2	10422
sprite	4_STAR_BOX_BARRIER1	10423
sprite	4_STAR_BOX_BARRIER2	10424
sprite	4_STAR_BOX_CON1	10410
sprite	4_STAR_BOX_CON2	10411
sprite	4_STAR_BOX_CRT1	10414
sprite	4_STAR_BOX_CRT2	10415
sprite	4_STAR_BOX_H	10418
sprite	4_STAR_BOX_HP1	10419
sprite	4_STAR_BOX_HP2	10420
sprite	4_STAR_BOX_MASTER	10427
sprite	4_STAR_BOX_N	10417
sprite	4_STAR_BOX_POW1	10404
sprite	4_STAR_BOX_POW2	10405
sprite	4_STAR_BOX_SCORE	10403
sprite	4_STAR_BOX_SPL1	10408
sprite	4_STAR_BOX_SPL2	10409
sprite	4_STAR_BOX_STA1	10406
sprite	4_STAR_BOX_STA2	10407
sprite	4_STAR_BOX_TRAP1	10425
sprite	4_STAR_BOX_TRAP2	10426
sprite	4_STAR_BOX_WIS1	10412
sprite	4_STAR_BOX_WIS2	10413
sprite	4_STEELBOX	10249
sprite	4_STORMKNIGHT	10138
sprite	4_SYSTEM_BOX	10248
sprite	4_SYS_MSG	10083
sprite	4_S_KADOMATSU	10093
sprite	4_TACNU	10171
sprite	4_TARUTUPI	10161
sprite	4_TATTER	10139
sprite	4_TEDDY_BEAR_B	10293
sprite	4_TEDDY_BEAR_B_L	10294
sprite	4_TEDDY_BEAR_W	10292
sprite	4_TOWER_01	687
sprite	4_TOWER_02	688
sprite	4_TOWER_03	689
sprite	4_TOWER_04	690
sprite	4_TOWER_05	691
sprite	4_TOWER_06	692
sprite	4_TOWER_07	693
sprite	4_TOWER_08	694
sprite	4_TOWER_09	695
sprite	4_TOWER_10	696
sprite	4_TOWER_11	697
sprite	4_TOWER_12	698
sprite	4_TOWER_13	699
sprite	4_TOWER_14	10001
sprite	4_TOWER_15	10002
sprite	4_TOWER_16	10003
sprite	4_TOWER_17	10004
sprite	4_TRACE	649
sprite	4_TREASURE_BOX	10005
sprite	4_VENDING_MACHINE	506
sprite	4_VENDING_MACHINE2	10375
sprite	4_VR_BOOK_BLUE	10516
sprite	4_VR_BOOK_FAIRY	10509
sprite	4_VR_BOOK_GREEN	10518
sprite	4_VR_BOOK_RED	10515
sprite	4_VR_BOOK_WHITE	10519
sprite	4_VR_BOOK_YELLOW	10517
sprite	4_VR_CHAO	10546
sprite	4_VR_SWORDMAN_DEAD	10526
sprite	4_VR_YGNIZEM	10520
sprite	4_WAG	10149
sprite	4_WHIKEBAIN	589
sprite	4_WHITEKNIGHT	657
sprite	4_WHITETIGER	505
sprite	4_WHITE_COW	957
sprite	4_WICKEDNYMPH	10208
sprite	4_WOODBOX	10250
sprite	4_WOODPILE	10026
sprite	4_XMAS_CAT1	10086
sprite	4_XMAS_CAT2	10087
sprite	4_XMAS_CAT3	10088
sprite	4_XMAS_CAT4	10089
sprite	4_XMAS_CAT5	10090
sprite	4_XMAS_CAT6	10091
sprite	4_YELL_FLOWER	978
sprite	4_YGNIZEM	594
sprite	8W_SOLDIER	105
sprite	8_DOPPEL	739
sprite	8_F	102
sprite	8_F_GIRL	700
sprite	8_F_GRANDMOTHER	103
sprite	8_M_JPNMASTER	768
sprite	8_M_JPNSOLDIER	767
sprite	8_M_TWSOLDIER	780
sprite	ACADEMY_MASTER	10006
sprite	CLEAR_NPC	844
sprite	EFFECTLAUNCHER	104
sprite	FAKENPC	-1
sprite	GATE_SKYBLUE	10527
sprite	GUILD_FLAG	722
sprite	HIDDEN_NPC	111
sprite	HIDDEN_WARP_NPC	139
sprite	INVISIBLE	32767
sprite	JP_AIRI	533
sprite	JP_ARUGORU	531
sprite	JP_ARUNA	532
sprite	JP_NPC01	10236
sprite	JP_NPC02	10261
sprite	JP_NPC03	10262
sprite	JP_NPC04	10263
sprite	JP_NPC05	10264
sprite	JP_NPC06	10265
sprite	JP_NPC07	10266
sprite	JP_NPC08	10267
sprite	JP_NPC09	10268
sprite	JP_NPC10	10269
sprite	JP_RUFAKU	528
sprite	JP_SABIKU	530
sprite	JP_SUPIKA	529
sprite	MOB_TOMB	565
sprite	NEW_NPC_3RD_END	19999
sprite	PORTAL	10007
sprite	ROZ_MQ_ASSASIN01	10512
sprite	ROZ_MQ_BRITIA	10511
sprite	ROZ_MQ_DEADSOLDIER	10450
sprite	ROZ_MQ_HARACE01	10446
sprite	ROZ_MQ_HARACE02	10447
sprite	ROZ_MQ_LUCIAN	10510
sprite	ROZ_MQ_MOCLORD	13001
sprite	ROZ_MQ_SAHARIO	10448
sprite	ROZ_MQ_SIGRUN	10444
sprite	ROZ_MQ_SIGRUN_S	10445
sprite	ROZ_MQ_SKULD	13002
sprite	ROZ_MQ_SUPIGEL	10449
sprite	ROZ_MQ_XAVIER	13000
sprite	STRANGE_B_SMITH1	10513
sprite	STRONGER_B_SMTIH	10514
sprite	THANATOS_BATTLE	10008
sprite	THANATOS_KEEP	10009
sprite	TW_TOWER	812
sprite	WARPEFFECTNPC	10284
sprite	WARPNPC	45
sprite	XMAS_SMOKEY_B	607
sprite	XMAS_SMOKEY_R	608
sprite	XMAS_SMOKEY_Y	609
load	renewal	npc/other/Global_Functions.txt
load	renewal	npc/other/CashShop_Functions.txt
load	renewal	npc/airports/airships.txt
load	renewal	npc/airports/einbroch.txt
load	renewal	npc/airports/hugel.txt
load	renewal	npc/airports/izlude.txt
load	renewal	npc/airports/lighthalzen.txt
load	renewal	npc/airports/rachel.txt
load	renewal	npc/airports/yuno.txt
load	renewal	npc/battleground/flavius/flavius_enter.txt
load	renewal	npc/battleground/flavius/flavius01.txt
load	renewal	npc/battleground/flavius/flavius02.txt
load	renewal	npc/battleground/kvm/kvm_enter.txt
load	renewal	npc/battleground/kvm/kvm_item_pay.txt
load	renewal	npc/battleground/kvm/kvm01.txt
load	renewal	npc/battleground/kvm/kvm02.txt
load	renewal	npc/battleground/kvm/kvm03.txt
load	renewal	npc/battleground/tierra/tierra_enter.txt
load	renewal	npc/battleground/tierra/tierra01.txt
load	renewal	npc/battleground/tierra/tierra02.txt
load	renewal	npc/battleground/bg_common.txt
load	renewal	npc/cities/alberta.txt
load	renewal	npc/cities/aldebaran.txt
load	renewal	npc/cities/amatsu.txt
load	renewal	npc/cities/ayothaya.txt
load	renewal	npc/cities/brasilis.txt
load	renewal	npc/cities/comodo.txt
load	renewal	npc/cities/einbech.txt
load	renewal	npc/cities/einbroch.txt
load	renewal	npc/cities/geffen.txt
load	renewal	npc/cities/gonryun.txt
load	renewal	npc/cities/hugel.txt
load	renewal	npc/cities/izlude.txt
load	renewal	npc/cities/jawaii.txt
load	renewal	npc/cities/lighthalzen.txt
load	renewal	npc/cities/louyang.txt
load	renewal	npc/cities/lutie.txt
load	renewal	npc/cities/manuk.txt
load	renewal	npc/cities/morocc.txt
load	renewal	npc/cities/moscovia.txt
load	renewal	npc/cities/niflheim.txt
load	renewal	npc/cities/payon.txt
load	renewal	npc/cities/prontera.txt
load	renewal	npc/cities/rachel.txt
load	renewal	npc/cities/splendide.txt
load	renewal	npc/cities/umbala.txt
load	renewal	npc/cities/veins.txt
load	renewal	npc/cities/yuno.txt
load	renewal	npc/events/gdevent_aru.txt
load	renewal	npc/events/gdevent_sch.txt
load	renewal	npc/events/god_se_festival.txt
load	renewal	npc/instances/SealedShrine.txt
load	renewal	npc/instances/EndlessTower.txt
load	renewal	npc/instances/OrcsMemory.txt
load	renewal	npc/instances/NydhoggsNest.txt
load	renewal	npc/kafras/cool_event_corp.txt
load	renewal	npc/kafras/dts_warper.txt
load	renewal	npc/kafras/functions_kafras.txt
load	renewal	npc/kafras/kafras.txt
load	renewal	npc/merchants/advanced_refiner.txt
load	renewal	npc/merchants/alchemist.txt
load	renewal	npc/merchants/buying_shops.txt
load	renewal	npc/merchants/coin_exchange.txt
load	renewal	npc/merchants/dye_maker.txt
load	renewal	npc/merchants/elemental_trader.txt
load	renewal	npc/merchants/enchan_arm.txt
load	renewal	npc/merchants/gemstone.txt
load	renewal	npc/merchants/hair_dyer.txt
load	renewal	npc/merchants/hair_style.txt
load	renewal	npc/merchants/inn.txt
load	renewal	npc/merchants/kunai_maker.txt
load	renewal	npc/merchants/milk_trader.txt
load	renewal	npc/merchants/novice_exchange.txt
load	renewal	npc/merchants/old_pharmacist.txt
load	renewal	npc/merchants/quivers.txt
load	renewal	npc/merchants/refine.txt
load	renewal	npc/merchants/renters.txt
load	renewal	npc/merchants/shops.txt
load	renewal	npc/merchants/socket_enchant.txt
load	renewal	npc/merchants/socket_enchant2.txt
load	renewal	npc/merchants/wander_pet_food.txt
load	renewal	npc/merchants/cashheadgear_dye.txt
load	renewal	npc/other/arena/arena_aco.txt
load	renewal	npc/other/arena/arena_lvl50.txt
load	renewal	npc/other/arena/arena_lvl60.txt
load	renewal	npc/other/arena/arena_lvl70.txt
load	renewal	npc/other/arena/arena_lvl80.txt
load	renewal	npc/other/arena/arena_party.txt
load	renewal	npc/other/arena/arena_point.txt
load	renewal	npc/other/arena/arena_room.txt
load	renewal	npc/other/auction.txt
load	renewal	npc/other/books.txt
load	renewal	npc/other/bulletin_boards.txt
load	renewal	npc/other/comodo_gambling.txt
load	renewal	npc/other/divorce.txt
load	renewal	npc/other/fortune.txt
load	renewal	npc/other/gm_npcs.txt
load	renewal	npc/other/guildpvp.txt
load	renewal	npc/other/gympass.txt
load	renewal	npc/other/hugel_bingo.txt
load	renewal	npc/other/mail.txt
load	renewal	npc/other/marriage.txt
load	renewal	npc/other/mercenary_rent.txt
load	renewal	npc/other/monster_museum.txt
load	renewal	npc/other/monster_race.txt
load	renewal	npc/other/poring_war.txt
load	renewal	npc/other/powernpc.txt
load	renewal	npc/other/pvp.txt
load	renewal	npc/other/turbo_track.txt
load	renewal	npc/quests/first_class/tu_acolyte.txt
load	renewal	npc/quests/first_class/tu_archer.txt
load	renewal	npc/quests/first_class/tu_magician01.txt
load	renewal	npc/quests/first_class/tu_ma_th01.txt
load	renewal	npc/quests/first_class/tu_merchant.txt
load	renewal	npc/quests/first_class/tu_sword.txt
load	renewal	npc/quests/first_class/tu_thief01.txt
load	renewal	npc/quests/newgears/2004_headgears.txt
load	renewal	npc/quests/newgears/2005_headgears.txt
load	renewal	npc/quests/newgears/2006_headgears.txt
load	renewal	npc/quests/newgears/2008_headgears.txt
load	renewal	npc/quests/okolnir.txt
load	renewal	npc/quests/seals/god_global.txt
load	renewal	npc/quests/seals/brisingamen_seal.txt
load	renewal	npc/quests/seals/god_weapon_creation.txt
load	renewal	npc/quests/seals/megingard_seal.txt
load	renewal	npc/quests/seals/mjolnir_seal.txt
load	renewal	npc/quests/seals/sleipnir_seal.txt
load	renewal	npc/quests/seals/seal_status.txt
load	renewal	npc/quests/bard_quest.txt
load	renewal	npc/quests/bunnyband.txt
load	renewal	npc/quests/cooking_quest.txt
load	renewal	npc/quests/counteragent_mixture.txt
load	renewal	npc/quests/doomed_swords.txt
load	renewal	npc/quests/doomed_swords_quest.txt
load	renewal	npc/quests/eye_of_hellion.txt
load	renewal	npc/quests/guildrelay.txt
load	renewal	npc/quests/gunslinger_quests.txt
load	renewal	npc/quests/juice_maker.txt
load	renewal	npc/quests/kiel_hyre_quest.txt
load	renewal	npc/quests/lvl4_weapon_quest.txt
load	renewal	npc/quests/mage_solution.txt
load	renewal	npc/quests/monstertamers.txt
load	renewal	npc/quests/mrsmile.txt
load	renewal	npc/quests/ninja_quests.txt
load	renewal	npc/quests/obb_quest.txt
load	renewal	npc/quests/partyrelay.txt
load	renewal	npc/quests/quests_13_1.txt
load	renewal	npc/quests/quests_13_2.txt
load	renewal	npc/quests/quests_airship.txt
load	renewal	npc/quests/quests_alberta.txt
load	renewal	npc/quests/quests_aldebaran.txt
load	renewal	npc/quests/quests_amatsu.txt
load	renewal	npc/quests/quests_ayothaya.txt
load	renewal	npc/quests/quests_brasilis.txt
load	renewal	npc/quests/quests_comodo.txt
load	renewal	npc/quests/quests_ein.txt
load	renewal	npc/quests/quests_geffen.txt
load	renewal	npc/quests/quests_gonryun.txt
load	renewal	npc/quests/quests_hugel.txt
load	renewal	npc/quests/quests_izlude.txt
load	renewal	npc/quests/quests_juperos.txt
load	renewal	npc/quests/quests_lighthalzen.txt
load	renewal	npc/quests/quests_louyang.txt
load	renewal	npc/quests/quests_lutie.txt
load	renewal	npc/quests/quests_morocc.txt
load	renewal	npc/quests/quests_moscovia.txt
load	renewal	npc/quests/quests_nameless.txt
load	renewal	npc/quests/quests_niflheim.txt
load	renewal	npc/quests/quests_payon.txt
load	renewal	npc/quests/quests_prontera.txt
load	renewal	npc/quests/quests_rachel.txt
load	renewal	npc/quests/quests_umbala.txt
load	renewal	npc/quests/quests_veins.txt
load	renewal	npc/quests/quests_yuno.txt
load	renewal	npc/quests/thana_quest.txt
load	renewal	npc/quests/the_sign_quest.txt
load	renewal	npc/guild/agit_controller.txt
load	renewal	npc/guild/agit_main.txt
load	renewal	npc/guild/aldeg_cas01.txt
load	renewal	npc/guild/aldeg_cas02.txt
load	renewal	npc/guild/aldeg_cas03.txt
load	renewal	npc/guild/aldeg_cas04.txt
load	renewal	npc/guild/aldeg_cas05.txt
load	renewal	npc/guild/gefg_cas01.txt
load	renewal	npc/guild/gefg_cas02.txt
load	renewal	npc/guild/gefg_cas03.txt
load	renewal	npc/guild/gefg_cas04.txt
load	renewal	npc/guild/gefg_cas05.txt
load	renewal	npc/guild/payg_cas01.txt
load	renewal	npc/guild/payg_cas02.txt
load	renewal	npc/guild/payg_cas03.txt
load	renewal	npc/guild/payg_cas04.txt
load	renewal	npc/guild/payg_cas05.txt
load	renewal	npc/guild/prtg_cas01.txt
load	renewal	npc/guild/prtg_cas02.txt
load	renewal	npc/guild/prtg_cas03.txt
load	renewal	npc/guild/prtg_cas04.txt
load	renewal	npc/guild/prtg_cas05.txt
load	renewal	npc/guild2/agit_start_se.txt
load	renewal	npc/guild2/agit_main_se.txt
load	renewal	npc/guild2/guild_flags.txt
load	renewal	npc/guild2/arug_cas01.txt
load	renewal	npc/guild2/arug_cas02.txt
load	renewal	npc/guild2/arug_cas03.txt
load	renewal	npc/guild2/arug_cas04.txt
load	renewal	npc/guild2/arug_cas05.txt
load	renewal	npc/guild2/schg_cas01.txt
load	renewal	npc/guild2/schg_cas02.txt
load	renewal	npc/guild2/schg_cas03.txt
load	renewal	npc/guild2/schg_cas04.txt
load	renewal	npc/guild2/schg_cas05.txt
load	renewal	npc/jobs/1-1e/gunslinger.txt
load	renewal	npc/jobs/1-1e/ninja.txt
load	renewal	npc/jobs/1-1e/taekwon.txt
load	renewal	npc/jobs/2-1/assassin.txt
load	renewal	npc/jobs/2-1/blacksmith.txt
load	renewal	npc/jobs/2-1/hunter.txt
load	renewal	npc/jobs/2-1/knight.txt
load	renewal	npc/jobs/2-1/priest.txt
load	renewal	npc/jobs/2-1/wizard.txt
load	renewal	npc/jobs/2-1a/AssassinCross.txt
load	renewal	npc/jobs/2-1a/HighPriest.txt
load	renewal	npc/jobs/2-1a/HighWizard.txt
load	renewal	npc/jobs/2-1a/LordKnight.txt
load	renewal	npc/jobs/2-1a/Sniper.txt
load	renewal	npc/jobs/2-1a/WhiteSmith.txt
load	renewal	npc/jobs/2-1e/StarGladiator.txt
load	renewal	npc/jobs/2-2/alchemist.txt
load	renewal	npc/jobs/2-2/bard.txt
load	renewal	npc/jobs/2-2/crusader.txt
load	renewal	npc/jobs/2-2/dancer.txt
load	renewal	npc/jobs/2-2/monk.txt
load	renewal	npc/jobs/2-2/rogue.txt
load	renewal	npc/jobs/2-2/sage.txt
load	renewal	npc/jobs/2-2a/Champion.txt
load	renewal	npc/jobs/2-2a/Clown.txt
load	renewal	npc/jobs/2-2a/Creator.txt
load	renewal	npc/jobs/2-2a/Gypsy.txt
load	renewal	npc/jobs/2-2a/Paladin.txt
load	renewal	npc/jobs/2-2a/Professor.txt
load	renewal	npc/jobs/2-2a/Stalker.txt
load	renewal	npc/jobs/2-2e/SoulLinker.txt
load	renewal	npc/jobs/novice/supernovice.txt
load	renewal	npc/jobs/valkyrie.txt
load	renewal	npc/quests/skills/acolyte_skills.txt
load	renewal	npc/quests/skills/alchemist_skills.txt
load	renewal	npc/quests/skills/archer_skills.txt
load	renewal	npc/quests/skills/assassin_skills.txt
load	renewal	npc/quests/skills/bard_skills.txt
load	renewal	npc/quests/skills/blacksmith_skills.txt
load	renewal	npc/quests/skills/crusader_skills.txt
load	renewal	npc/quests/skills/dancer_skills.txt
load	renewal	npc/quests/skills/hunter_skills.txt
load	renewal	npc/quests/skills/knight_skills.txt
load	renewal	npc/quests/skills/mage_skills.txt
load	renewal	npc/quests/skills/merchant_skills.txt
load	renewal	npc/quests/skills/monk_skills.txt
load	renewal	npc/quests/skills/priest_skills.txt
load	renewal	npc/quests/skills/rogue_skills.txt
load	renewal	npc/quests/skills/sage_skills.txt
load	renewal	npc/quests/skills/swordman_skills.txt
load	renewal	npc/quests/skills/thief_skills.txt
load	renewal	npc/quests/skills/wizard_skills.txt
load	renewal	npc/mapflag/nopvp.txt
load	renewal	npc/mapflag/gvg.txt
load	renewal	npc/mapflag/gvg_noparty.txt
load	renewal	npc/mapflag/hidemobhpbar.txt
load	renewal	npc/mapflag/jail.txt
load	renewal	npc/mapflag/nightmare.txt
load	renewal	npc/mapflag/nobranch.txt
load	renewal	npc/mapflag/noicewall.txt
load	renewal	npc/mapflag/nomemo.txt
load	renewal	npc/mapflag/nopenalty.txt
load	renewal	npc/mapflag/nosave.txt
load	renewal	npc/mapflag/noteleport.txt
load	renewal	npc/mapflag/noreturn.txt
load	renewal	npc/mapflag/noskill.txt
load	renewal	npc/mapflag/nowarp.txt
load	renewal	npc/mapflag/nowarpto.txt
load	renewal	npc/mapflag/pvp.txt
load	renewal	npc/mapflag/pvp_noparty.txt
load	renewal	npc/mapflag/pvp_noguild.txt
load	renewal	npc/mapflag/night.txt
load	renewal	npc/mapflag/reset.txt
load	renewal	npc/mapflag/restricted.txt
load	renewal	npc/mapflag/battleground.txt
load	renewal	npc/mapflag/skill_damage.txt
load	renewal	npc/mapflag/town.txt
load	renewal	npc/mapflag/nocostume.txt
load	renewal	npc/mapflag/skill_duration.txt
load	renewal	npc/mapflag/nodynamicnpc.txt
load	renewal	npc/mobs/jail.txt
load	renewal	npc/mobs/pvp.txt
load	renewal	npc/mobs/towns.txt
load	renewal	npc/warps/cities/alberta.txt
load	renewal	npc/warps/cities/aldebaran.txt
load	renewal	npc/warps/cities/amatsu.txt
load	renewal	npc/warps/cities/ayothaya.txt
load	renewal	npc/warps/cities/brasilis.txt
load	renewal	npc/warps/cities/comodo.txt
load	renewal	npc/warps/cities/einbech.txt
load	renewal	npc/warps/cities/einbroch.txt
load	renewal	npc/warps/cities/geffen.txt
load	renewal	npc/warps/cities/gonryun.txt
load	renewal	npc/warps/cities/hugel.txt
load	renewal	npc/warps/cities/lighthalzen.txt
load	renewal	npc/warps/cities/louyang.txt
load	renewal	npc/warps/cities/lutie.txt
load	renewal	npc/warps/cities/manuk.txt
load	renewal	npc/warps/cities/mid_camp.txt
load	renewal	npc/warps/cities/morroc.txt
load	renewal	npc/warps/cities/moscovia.txt
load	renewal	npc/warps/cities/nameless.txt
load	renewal	npc/warps/cities/niflheim.txt
load	renewal	npc/warps/cities/payon.txt
load	renewal	npc/warps/cities/prontera.txt
load	renewal	npc/warps/cities/splendide.txt
load	renewal	npc/warps/cities/umbala.txt
load	renewal	npc/warps/cities/veins.txt
load	renewal	npc/warps/cities/yuno.txt
load	renewal	npc/warps/dungeons/abbey.txt
load	renewal	npc/warps/dungeons/abyss.txt
load	renewal	npc/warps/dungeons/alde_dun.txt
load	renewal	npc/warps/dungeons/ama_dun.txt
load	renewal	npc/warps/dungeons/anthell.txt
load	renewal	npc/warps/dungeons/ayo_dun.txt
load	renewal	npc/warps/dungeons/beach_dun.txt
load	renewal	npc/warps/dungeons/bra_dun.txt
load	renewal	npc/warps/dungeons/c_tower.txt
load	renewal	npc/warps/dungeons/ein_dun.txt
load	renewal	npc/warps/dungeons/gef_dun.txt
load	renewal	npc/warps/dungeons/gon_dun.txt
load	renewal	npc/warps/dungeons/ice_dun.txt
load	renewal	npc/warps/dungeons/in_sphinx.txt
load	renewal	npc/warps/dungeons/iz_dun.txt
load	renewal	npc/warps/dungeons/juperos.txt
load	renewal	npc/warps/dungeons/kh_dun.txt
load	renewal	npc/warps/dungeons/lhz_dun.txt
load	renewal	npc/warps/dungeons/lou_dun.txt
load	renewal	npc/warps/dungeons/mag_dun.txt
load	renewal	npc/warps/dungeons/mjo_dun.txt
load	renewal	npc/warps/dungeons/moc_pryd.txt
load	renewal	npc/warps/dungeons/mosk_dun.txt
load	renewal	npc/warps/dungeons/odin.txt
load	renewal	npc/warps/dungeons/orcsdun.txt
load	renewal	npc/warps/dungeons/pay_dun.txt
load	renewal	npc/warps/dungeons/prt_maze.txt
load	renewal	npc/warps/dungeons/ra_san.txt
load	renewal	npc/warps/dungeons/tha_t.txt
load	renewal	npc/warps/dungeons/thor_v.txt
load	renewal	npc/warps/dungeons/treasure.txt
load	renewal	npc/warps/dungeons/tur_dun.txt
load	renewal	npc/warps/dungeons/um_dun.txt
load	renewal	npc/warps/dungeons/xmas_dun.txt
load	renewal	npc/warps/fields/abyss_warper.txt
load	renewal	npc/warps/fields/amatsu_fild.txt
load	renewal	npc/warps/fields/bra_fild.txt
load	renewal	npc/warps/fields/ein_fild.txt
load	renewal	npc/warps/fields/gefenia.txt
load	renewal	npc/warps/fields/glastheim.txt
load	renewal	npc/warps/fields/jawaii.txt
load	renewal	npc/warps/fields/lhalzen_fild.txt
load	renewal	npc/warps/fields/lutie_fild.txt
load	renewal	npc/warps/fields/man_fild.txt
load	renewal	npc/warps/fields/mtmjolnir.txt
load	renewal	npc/warps/fields/spl_fild.txt
load	renewal	npc/warps/fields/umbala_fild.txt
load	renewal	npc/warps/other/airplane.txt
load	renewal	npc/warps/other/arena.txt
load	renewal	npc/warps/other/god.txt
load	renewal	npc/warps/other/jobquests.txt
load	renewal	npc/warps/other/kiel.txt
load	renewal	npc/warps/other/other.txt
load	renewal	npc/warps/guildcastles.txt
load	renewal	npc/warps/pvp.txt
load	renewal	npc/re/other/Global_Functions.txt
load	renewal	npc/re/other/global_npcs.txt
load	renewal	npc/re/airports/izlude.txt
load	renewal	npc/re/battleground/bg_common.txt
load	renewal	npc/re/cities/alberta.txt
load	renewal	npc/re/cities/comodo.txt
load	renewal	npc/re/cities/dewata.txt
load	renewal	npc/re/cities/dicastes.txt
load	renewal	npc/re/cities/eclage.txt
load	renewal	npc/re/cities/izlude.txt
load	renewal	npc/re/cities/jawaii.txt
load	renewal	npc/re/cities/lutie.txt
load	renewal	npc/re/cities/malangdo.txt
load	renewal	npc/re/cities/malaya.txt
load	renewal	npc/re/cities/mora.txt
load	renewal	npc/re/cities/prontera.txt
load	renewal	npc/re/cities/yuno.txt
load	renewal	npc/re/guides/navigation.txt
load	renewal	npc/re/guides/guides_alberta.txt
load	renewal	npc/re/guides/guides_aldebaran.txt
load	renewal	npc/re/guides/guides_amatsu.txt
load	renewal	npc/re/guides/guides_ayothaya.txt
load	renewal	npc/re/guides/guides_brasilis.txt
load	renewal	npc/re/guides/guides_comodo.txt
load	renewal	npc/re/guides/guides_dewata.txt
load	renewal	npc/re/guides/guides_dicastes.txt
load	renewal	npc/re/guides/guides_eclage.txt
load	renewal	npc/re/guides/guides_einbroch.txt
load	renewal	npc/re/guides/guides_geffen.txt
load	renewal	npc/re/guides/guides_gonryun.txt
load	renewal	npc/re/guides/guides_hugel.txt
load	renewal	npc/re/guides/guides_izlude.txt
load	renewal	npc/re/guides/guides_juno.txt
load	renewal	npc/re/guides/guides_lighthalzen.txt
load	renewal	npc/re/guides/guides_louyang.txt
load	renewal	npc/re/guides/guides_lutie.txt
load	renewal	npc/re/guides/guides_malangdo.txt
load	renewal	npc/re/guides/guides_malaya.txt
load	renewal	npc/re/guides/guides_mora.txt
load	renewal	npc/re/guides/guides_morroc.txt
load	renewal	npc/re/guides/guides_moscovia.txt
load	renewal	npc/re/guides/guides_niflheim.txt
load	renewal	npc/re/guides/guides_payon.txt
load	renewal	npc/re/guides/guides_prontera.txt
load	renewal	npc/re/guides/guides_rachel.txt
load	renewal	npc/re/guides/guides_rockridge.txt
load	renewal	npc/re/guides/guides_umbala.txt
load	renewal	npc/re/guides/guides_veins.txt
load	renewal	npc/re/guides/guides_woe_te.txt
load	renewal	npc/re/instances/AirshipAssault.txt
load	renewal	npc/re/instances/BakonawaLake.txt
load	renewal	npc/re/instances/BangungotHospital.txt
load	renewal	npc/re/instances/BuwayaCave.txt
load	renewal	npc/re/instances/CentralLaboratory.txt
load	renewal	npc/re/instances/CharlestonCrisis.txt
load	renewal	npc/re/instances/CorOperation.txt
load	renewal	npc/re/instances/DeepForest.txt
load	renewal	npc/re/instances/DevilTower.txt
load	renewal	npc/re/instances/EclageInterior.txt
load	renewal	npc/re/instances/EddaHalfMoonInTheDaylight.txt
load	renewal	npc/re/instances/FacewormsNest.txt
load	renewal	npc/re/instances/FridayDungeon.txt
load	renewal	npc/re/instances/GhostPalace.txt
load	renewal	npc/re/instances/HazyForest.txt
load	renewal	npc/re/instances/HorrorToyFactory.txt
load	renewal	npc/re/instances/HeartHunterWarBase.txt
load	renewal	npc/re/instances/HiddenGarden.txt
load	renewal	npc/re/instances/InfiniteSpace.txt
load	renewal	npc/re/instances/IsleOfBios.txt
load	renewal	npc/re/instances/LastRoom.txt
load	renewal	npc/re/instances/LostFarm.txt
load	renewal	npc/re/instances/MalangdoCulvert.txt
load	renewal	npc/re/instances/MazeofOz.txt
load	renewal	npc/re/instances/MorseCave.txt
load	renewal	npc/re/instances/NightmarishJitterbug.txt
load	renewal	npc/re/instances/OctopusCave.txt
load	renewal	npc/re/instances/OldGlastHeim.txt
load	renewal	npc/re/instances/OsOccupation.txt
load	renewal	npc/re/instances/PoringVillage.txt
load	renewal	npc/re/instances/Regenschirm.txt
load	renewal	npc/re/instances/RitualOfBlessing.txt
load	renewal	npc/re/instances/RoomOfConsciousness.txt
load	renewal	npc/re/instances/SarahAndFenrir.txt
load	renewal	npc/re/instances/SaraMemory.txt
load	renewal	npc/re/instances/SealedOs.txt
load	renewal	npc/re/instances/SkyFortress.txt
load	renewal	npc/re/instances/TempleOfDemonGod.txt
load	renewal	npc/re/instances/ThorGunsuBase.txt
load	renewal	npc/re/instances/TwilightGarden.txt
load	renewal	npc/re/instances/VillaofDeception.txt
load	renewal	npc/re/instances/VillaofHighPriest.txt
load	renewal	npc/re/instances/WaterGarden.txt
load	renewal	npc/re/instances/WeekendDungeon.txt
load	renewal	npc/re/instances/WernerLaboratoryCentralRoom.txt
load	renewal	npc/re/instances/WolfchevLaboratory.txt
load	renewal	npc/re/instances/Wolves.txt
load	renewal	npc/re/kafras/cool_event_corp.txt
load	renewal	npc/re/kafras/kafras.txt
load	renewal	npc/re/kafras/Kafra_Teleportation_Services.txt
load	renewal	npc/re/kafras/Zonda_Teleportation_Services.txt
load	renewal	npc/re/merchants/3rd_trader.txt
load	renewal	npc/re/merchants/advanced_refiner.txt
load	renewal	npc/re/merchants/alchemist.txt
load	renewal	npc/re/merchants/ammo_boxes.txt
load	renewal	npc/re/merchants/bio4_reward.txt
load	renewal	npc/re/merchants/card_separation.txt
load	renewal	npc/re/merchants/cashmall.txt
load	renewal	npc/re/merchants/catalog.txt
load	renewal	npc/re/merchants/clothing_buff_removal.txt
load	renewal	npc/re/merchants/coin_exchange.txt
load	renewal	npc/re/merchants/Dealer_Update.txt
load	renewal	npc/re/merchants/diamond.txt
load	renewal	npc/re/merchants/Emperium_Seller.txt
load	renewal	npc/re/merchants/enchan_edda_half_moon.txt
load	renewal	npc/re/merchants/enchan_illusion_dungeons.txt
load	renewal	npc/re/merchants/enchan_illusion_17_1.txt
load	renewal	npc/re/merchants/enchan_ko.txt
load	renewal	npc/re/merchants/enchan_mal.txt
load	renewal	npc/re/merchants/enchan_mora.txt
load	renewal	npc/re/merchants/enchan_rockridge.txt
load	renewal	npc/re/merchants/enchan_sage_legacy_17_2.txt
load	renewal	npc/re/merchants/enchan_verus.txt
load	renewal	npc/re/merchants/enchantgrade.txt
load	renewal	npc/re/merchants/Extended_Ammunition.txt
load	renewal	npc/re/merchants/Extended_Stylist.txt
load	renewal	npc/re/merchants/flute.txt
load	renewal	npc/re/merchants/Gemstone_Bagger.txt
load	renewal	npc/re/merchants/gld_mission_exchange.txt
load	renewal	npc/re/merchants/ghost_palace_exchange.txt
load	renewal	npc/re/merchants/guild_warehouse.txt
load	renewal	npc/re/merchants/hd_refiner.txt
load	renewal	npc/re/merchants/HorrorToyFactory_merchants.txt
load	renewal	npc/re/merchants/InfiniteSpace_merchants.txt
load	renewal	npc/re/merchants/malangdo_costume.txt
load	renewal	npc/re/merchants/moro_cav_exchange.txt
load	renewal	npc/re/merchants/mysterious_cookie_shop.txt
load	renewal	npc/re/merchants/new_insurance.txt
load	renewal	npc/re/merchants/nightmare_biolab.txt
load	renewal	npc/re/merchants/novice_vending_machine.txt
load	renewal	npc/re/merchants/OldGlastHeim_merchants.txt
load	renewal	npc/re/merchants/pet_trader.txt
load	renewal	npc/re/merchants/pet_groomer.txt
load	renewal	npc/re/merchants/quests_exp_175.txt
load	renewal	npc/re/merchants/quivers.txt
load	renewal	npc/re/merchants/refine.txt
load	renewal	npc/re/merchants/renters.txt
load	renewal	npc/re/merchants/rgsr_in.txt
load	renewal	npc/re/merchants/shops.txt
load	renewal	npc/re/merchants/Slot_Move_Card_Sales.txt
load	renewal	npc/re/merchants/socket_enchant2.txt
load	renewal	npc/re/merchants/enchan_upg.txt
load	renewal	npc/re/merchants/te_merchant.txt
load	renewal	npc/re/merchants/shadow_refiner.txt
load	renewal	npc/re/merchants/eden_market.txt
load	renewal	npc/re/other/achievements.txt
load	renewal	npc/re/other/adven_boards.txt
load	renewal	npc/re/other/bulletin_boards.txt
load	renewal	npc/re/other/clans.txt
load	renewal	npc/re/other/dimensional_gap.txt
load	renewal	npc/re/other/item_merge.txt
load	renewal	npc/re/other/mail.txt
load	renewal	npc/re/other/mercenary_rent.txt
load	renewal	npc/re/other/pvp.txt
load	renewal	npc/re/other/resetskill.txt
load	renewal	npc/re/other/stone_change.txt
load	renewal	npc/re/other/turbo_track.txt
load	renewal	npc/re/other/CashShop_Functions.txt
load	renewal	npc/re/other/kachua_key.txt
load	renewal	npc/re/other/TrainingZone123.txt
load	renewal	npc/re/quests/eden/11-25.txt
load	renewal	npc/re/quests/eden/26-40.txt
load	renewal	npc/re/quests/eden/41-55.txt
load	renewal	npc/re/quests/eden/56-70.txt
load	renewal	npc/re/quests/eden/71-85.txt
load	renewal	npc/re/quests/eden/86-90.txt
load	renewal	npc/re/quests/eden/91-99.txt
load	renewal	npc/re/quests/eden/eden_100_111.txt
load	renewal	npc/re/quests/eden/eden_111_120.txt
load	renewal	npc/re/quests/eden/eden_121_130.txt
load	renewal	npc/re/quests/eden/eden_131_140.txt
load	renewal	npc/re/quests/eden/eden_common.txt
load	renewal	npc/re/quests/eden/eden_quests.txt
load	renewal	npc/re/quests/eden/eden_service.txt
load	renewal	npc/re/quests/eden/eden_tutorial.txt
load	renewal	npc/re/quests/first_class/tu_archer.txt
load	renewal	npc/re/quests/newgears/2010_headgears.txt
load	renewal	npc/re/quests/newgears/2012_headgears.txt
load	renewal	npc/re/quests/seals/brisingamen_seal.txt
load	renewal	npc/re/quests/seals/megingard_seal.txt
load	renewal	npc/re/quests/cooking_quest.txt
load	renewal	npc/re/quests/garden_of_time.txt
load	renewal	npc/re/quests/HelpMeShorty.txt
load	renewal	npc/re/quests/homun_s.txt
load	renewal	npc/re/quests/illusion_investigation.txt
load	renewal	npc/re/quests/juno_monster_society.txt
load	renewal	npc/re/quests/magic_books.txt
load	renewal	npc/re/quests/monstertamers.txt
load	renewal	npc/re/quests/mrsmile.txt
load	renewal	npc/re/quests/ninja_quests.txt
load	renewal	npc/re/quests/pile_bunker.txt
load	renewal	npc/re/quests/quest_payon.txt
load	renewal	npc/re/quests/quests_13_1.txt
load	renewal	npc/re/quests/quests_14_3.txt
load	renewal	npc/re/quests/quests_14_3_bis.txt
load	renewal	npc/re/quests/quests_15_1.txt
load	renewal	npc/re/quests/quests_15_2.txt
load	renewal	npc/re/quests/quests_16_1.txt
load	renewal	npc/re/quests/quests_16_2.txt
load	renewal	npc/re/quests/quests_illusion_dungeons.txt
load	renewal	npc/re/quests/quests_17_1.txt
load	renewal	npc/re/quests/quests_17_2.txt
load	renewal	npc/re/quests/quests_18.txt
load	renewal	npc/re/quests/quests_aldebaran.txt
load	renewal	npc/re/quests/quests_dewata.txt
load	renewal	npc/re/quests/quests_dicastes.txt
load	renewal	npc/re/quests/quests_dungeons_200.txt
load	renewal	npc/re/quests/quests_eclage.txt
load	renewal	npc/re/quests/quests_exp_175.txt
load	renewal	npc/re/quests/quests_glastheim.txt
load	renewal	npc/re/quests/quests_izlude.txt
load	renewal	npc/re/quests/quests_lighthalzen.txt
load	renewal	npc/re/quests/quests_malangdo.txt
load	renewal	npc/re/quests/quests_malaya.txt
load	renewal	npc/re/quests/quests_mora.txt
load	renewal	npc/re/quests/quests_morocc.txt
load	renewal	npc/re/quests/quests_nameless.txt
load	renewal	npc/re/quests/quests_niflheim.txt
load	renewal	npc/re/quests/quests_rockridge.txt
load	renewal	npc/re/quests/quests_veins.txt
load	renewal	npc/re/quests/the_sign_quest.txt
load	renewal	npc/re/quests/woe_te/te_mission_main.txt
load	renewal	npc/re/quests/woe_te/te_mission_alde.txt
load	renewal	npc/re/quests/woe_te/te_mission_prt.txt
load	renewal	npc/re/quests/woe_te/te_goditem_prt01.txt
load	renewal	npc/re/quests/woe_te/te_goditem_alde1.txt
load	renewal	npc/re/custom/lasagna/lasa_dun.txt
load	renewal	npc/re/custom/lasagna/lasa_fild.txt
load	renewal	npc/re/custom/lasagna/lasagna_npcs.txt
load	renewal	npc/re/guild/invest_main.txt
load	renewal	npc/re/guild/invest_npc.txt
load	renewal	npc/re/guild3/agit_main_te.txt
load	renewal	npc/re/guild3/agit_start_te.txt
load	renewal	npc/re/guild3/te_aldecas1.txt
load	renewal	npc/re/guild3/te_aldecas2.txt
load	renewal	npc/re/guild3/te_aldecas3.txt
load	renewal	npc/re/guild3/te_aldecas4.txt
load	renewal	npc/re/guild3/te_aldecas5.txt
load	renewal	npc/re/guild3/te_prtcas01.txt
load	renewal	npc/re/guild3/te_prtcas02.txt
load	renewal	npc/re/guild3/te_prtcas03.txt
load	renewal	npc/re/guild3/te_prtcas04.txt
load	renewal	npc/re/guild3/te_prtcas05.txt
load	renewal	npc/re/guild/mission_main.txt
load	renewal	npc/re/guild/mission_npc.txt
load	renewal	npc/re/jobs/1-1/acolyte.txt
load	renewal	npc/re/jobs/1-1/archer.txt
load	renewal	npc/re/jobs/1-1/mage.txt
load	renewal	npc/re/jobs/1-1/merchant.txt
load	renewal	npc/re/jobs/1-1/swordman.txt
load	renewal	npc/re/jobs/1-1/thief.txt
load	renewal	npc/re/jobs/1-1e/taekwon.txt
load	renewal	npc/re/jobs/2-2/crusader.txt
load	renewal	npc/re/jobs/2e/kagerou_oboro.txt
load	renewal	npc/re/jobs/2e/rebellion.txt
load	renewal	npc/re/jobs/3-1/archbishop.txt
load	renewal	npc/re/jobs/3-1/mechanic.txt
load	renewal	npc/re/jobs/3-1/ranger.txt
load	renewal	npc/re/jobs/3-1/rune_knight.txt
load	renewal	npc/re/jobs/3-1/warlock.txt
load	renewal	npc/re/jobs/3-1/guillotine_cross.txt
load	renewal	npc/re/jobs/3-2/genetic.txt
load	renewal	npc/re/jobs/3-2/minstrel.txt
load	renewal	npc/re/jobs/3-2/royal_guard.txt
load	renewal	npc/re/jobs/3-2/shadow_chaser.txt
load	renewal	npc/re/jobs/3-2/sorcerer.txt
load	renewal	npc/re/jobs/3-2/sura.txt
load	renewal	npc/re/jobs/3-2/wanderer.txt
load	renewal	npc/re/jobs/novice/academy.txt
load	renewal	npc/re/jobs/novice/supernovice_ex.txt
load	renewal	npc/re/jobs/repair.txt
load	renewal	npc/re/jobs/doram/spirit_handler.txt
load	renewal	npc/re/quests/skills/merchant_skills.txt
load	renewal	npc/re/quests/skills/swordman_skills.txt
load	renewal	npc/re/mapflag/nopvp.txt
load	renewal	npc/re/mapflag/gvg.txt
load	renewal	npc/re/mapflag/hidemobhpbar.txt
load	renewal	npc/re/mapflag/nobranch.txt
load	renewal	npc/re/mapflag/nocostume.txt
load	renewal	npc/re/mapflag/noicewall.txt
load	renewal	npc/re/mapflag/nolockon.txt
load	renewal	npc/re/mapflag/nomemo.txt
load	renewal	npc/re/mapflag/nopenalty.txt
load	renewal	npc/re/mapflag/norenewalpenalty.txt
load	renewal	npc/re/mapflag/nosave.txt
load	renewal	npc/re/mapflag/noteleport.txt
load	renewal	npc/re/mapflag/nowarpto.txt
load	renewal	npc/re/mapflag/privateairship.txt
load	renewal	npc/re/mapflag/night.txt
load	renewal	npc/re/mapflag/restricted.txt
load	renewal	npc/re/mapflag/town.txt
load	renewal	npc/re/mapflag/reset.txt
load	renewal	npc/re/mapflag/skill_duration.txt
load	renewal	npc/re/mapflag/nodynamicnpc.txt
load	renewal	npc/re/mapflag/specialpopup.txt
load	renewal	npc/re/mobs/championmobs.txt
load	renewal	npc/re/mobs/int_land.txt
load	renewal	npc/re/mobs/prt_cas.txt
load	renewal	npc/re/mobs/special_border_area.txt
load	renewal	npc/re/mobs/towns.txt
load	renewal	npc/re/mobs/tra_fild_123.txt
load	renewal	npc/re/mobs/verus.txt
load	renewal	npc/re/mobs/dungeons/abbey.txt
load	renewal	npc/re/mobs/dungeons/abyss.txt
load	renewal	npc/re/mobs/dungeons/alde_dun.txt
load	renewal	npc/re/mobs/dungeons/ama_dun.txt
load	renewal	npc/re/mobs/dungeons/amicitia.txt
load	renewal	npc/re/mobs/dungeons/anthell.txt
load	renewal	npc/re/mobs/dungeons/ayo_dun.txt
load	renewal	npc/re/mobs/dungeons/ba_2whs.txt
load	renewal	npc/re/mobs/dungeons/ba_bath.txt
load	renewal	npc/re/mobs/dungeons/ba_lib.txt
load	renewal	npc/re/mobs/dungeons/ba_pw.txt
load	renewal	npc/re/mobs/dungeons/beach_dun.txt
load	renewal	npc/re/mobs/dungeons/bra_dun.txt
load	renewal	npc/re/mobs/dungeons/c_tower.txt
load	renewal	npc/re/mobs/dungeons/dew_dun.txt
load	renewal	npc/re/mobs/dungeons/dic_dun.txt
load	renewal	npc/re/mobs/dungeons/ecl_tdun.txt
load	renewal	npc/re/mobs/dungeons/ein_dun.txt
load	renewal	npc/re/mobs/dungeons/for_dun.txt
load	renewal	npc/re/mobs/dungeons/gef_dun.txt
load	renewal	npc/re/mobs/dungeons/gefenia.txt
load	renewal	npc/re/mobs/dungeons/glastheim.txt
load	renewal	npc/re/mobs/dungeons/gld_dunSE.txt
load	renewal	npc/re/mobs/dungeons/gld_re.txt
load	renewal	npc/re/mobs/dungeons/gon_dun.txt
load	renewal	npc/re/mobs/dungeons/ice_dun.txt
load	renewal	npc/re/mobs/dungeons/in_sphinx.txt
load	renewal	npc/re/mobs/dungeons/iz_dun.txt
load	renewal	npc/re/mobs/dungeons/juperos.txt
load	renewal	npc/re/mobs/dungeons/kh_dun.txt
load	renewal	npc/re/mobs/dungeons/lhz_dun.txt
load	renewal	npc/re/mobs/dungeons/lhz_dun_n.txt
load	renewal	npc/re/mobs/dungeons/lou_dun.txt
load	renewal	npc/re/mobs/dungeons/ma_dun.txt
load	renewal	npc/re/mobs/dungeons/mag_dun.txt
load	renewal	npc/re/mobs/dungeons/mal_dun.txt
load	renewal	npc/re/mobs/dungeons/mjo_dun.txt
load	renewal	npc/re/mobs/dungeons/moc_pryd.txt
load	renewal	npc/re/mobs/dungeons/moro_vol.txt
load	renewal	npc/re/mobs/dungeons/mosk_dun.txt
load	renewal	npc/re/mobs/dungeons/nif_dun.txt
load	renewal	npc/re/mobs/dungeons/nyd_dun.txt
load	renewal	npc/re/mobs/dungeons/odin.txt
load	renewal	npc/re/mobs/dungeons/orcsdun.txt
load	renewal	npc/re/mobs/dungeons/oz_dun.txt
load	renewal	npc/re/mobs/dungeons/pay_dun.txt
load	renewal	npc/re/mobs/dungeons/prt_maze.txt
load	renewal	npc/re/mobs/dungeons/prt_prison.txt
load	renewal	npc/re/mobs/dungeons/prt_q.txt
load	renewal	npc/re/mobs/dungeons/prt_sew.txt
load	renewal	npc/re/mobs/dungeons/ra_san.txt
load	renewal	npc/re/mobs/dungeons/rockridge.txt
load	renewal	npc/re/mobs/dungeons/slabw01.txt
load	renewal	npc/re/mobs/dungeons/sp_rudus.txt
load	renewal	npc/re/mobs/dungeons/teg_dun.txt
load	renewal	npc/re/mobs/dungeons/tha_t.txt
load	renewal	npc/re/mobs/dungeons/thor_v.txt
load	renewal	npc/re/mobs/dungeons/treasure.txt
load	renewal	npc/re/mobs/dungeons/tur_dun.txt
load	renewal	npc/re/mobs/dungeons/xmas_dun.txt
load	renewal	npc/re/mobs/dungeons/yggdrasil.txt
load	renewal	npc/re/mobs/fields/amatsu.txt
load	renewal	npc/re/mobs/fields/ayothaya.txt
load	renewal	npc/re/mobs/fields/ba_lost.txt
load	renewal	npc/re/mobs/fields/ba_maison.txt
load	renewal	npc/re/mobs/fields/bifrost.txt
load	renewal	npc/re/mobs/fields/brasilis.txt
load	renewal	npc/re/mobs/fields/comodo.txt
load	renewal	npc/re/mobs/fields/dewata.txt
load	renewal	npc/re/mobs/fields/dicastes.txt
load	renewal	npc/re/mobs/fields/eclage.txt
load	renewal	npc/re/mobs/fields/einbroch.txt
load	renewal	npc/re/mobs/fields/geffen.txt
load	renewal	npc/re/mobs/fields/gonryun.txt
load	renewal	npc/re/mobs/fields/gw_fild.txt
load	renewal	npc/re/mobs/fields/hugel.txt
load	renewal	npc/re/mobs/fields/lighthalzen.txt
load	renewal	npc/re/mobs/fields/louyang.txt
load	renewal	npc/re/mobs/fields/lutie.txt
load	renewal	npc/re/mobs/fields/malaya.txt
load	renewal	npc/re/mobs/fields/manuk.txt
load	renewal	npc/re/mobs/fields/mjolnir.txt
load	renewal	npc/re/mobs/fields/morocc.txt
load	renewal	npc/re/mobs/fields/moscovia.txt
load	renewal	npc/re/mobs/fields/niflheim.txt
load	renewal	npc/re/mobs/fields/payon.txt
load	renewal	npc/re/mobs/fields/prontera.txt
load	renewal	npc/re/mobs/fields/rachel.txt
load	renewal	npc/re/mobs/fields/rockridge.txt
load	renewal	npc/re/mobs/fields/splendide.txt
load	renewal	npc/re/mobs/fields/umbala.txt
load	renewal	npc/re/mobs/fields/veins.txt
load	renewal	npc/re/mobs/fields/yuno.txt
load	renewal	npc/re/warps/cities/alberta.txt
load	renewal	npc/re/warps/cities/dewata.txt
load	renewal	npc/re/warps/cities/dicastes.txt
load	renewal	npc/re/warps/cities/eclage.txt
load	renewal	npc/re/warps/cities/einbech.txt
load	renewal	npc/re/warps/cities/einbroch.txt
load	renewal	npc/re/warps/cities/lasagna.txt
load	renewal	npc/re/warps/cities/lighthalzen.txt
load	renewal	npc/re/warps/cities/izlude.txt
load	renewal	npc/re/warps/cities/malangdo.txt
load	renewal	npc/re/warps/cities/malaya.txt
load	renewal	npc/re/warps/cities/prontera.txt
load	renewal	npc/re/warps/cities/rachel.txt
load	renewal	npc/re/warps/cities/rockridge.txt
load	renewal	npc/re/warps/cities/yggdrasil.txt
load	renewal	npc/re/warps/dungeons/abyss.txt
load	renewal	npc/re/warps/dungeons/amicitia.txt
load	renewal	npc/re/warps/dungeons/dic_dun.txt
load	renewal	npc/re/warps/dungeons/ecl_dun.txt
load	renewal	npc/re/warps/dungeons/ein_dun.txt
load	renewal	npc/re/warps/dungeons/harboro2.txt
load	renewal	npc/re/warps/dungeons/iz_dun.txt
load	renewal	npc/re/warps/dungeons/mag_dun.txt
load	renewal	npc/re/warps/dungeons/moc_pryd.txt
load	renewal	npc/re/warps/dungeons/nif_dun.txt
load	renewal	npc/re/warps/dungeons/oz_dun.txt
load	renewal	npc/re/warps/dungeons/prt_mz03_i.txt
load	renewal	npc/re/warps/dungeons/rockmi1.txt
load	renewal	npc/re/warps/dungeons/sp_rudus.txt
load	renewal	npc/re/warps/dungeons/slabw01.txt
load	renewal	npc/re/warps/dungeons/thor_v.txt
load	renewal	npc/re/warps/fields/bif_fild.txt
load	renewal	npc/re/warps/fields/com_fild.txt
load	renewal	npc/re/warps/fields/dic_fild.txt
load	renewal	npc/re/warps/fields/geffen_fild.txt
load	renewal	npc/re/warps/fields/gw_fild.txt
load	renewal	npc/re/warps/fields/hugel_fild.txt
load	renewal	npc/re/warps/fields/morroc_fild.txt
load	renewal	npc/re/warps/fields/payon_fild.txt
load	renewal	npc/re/warps/fields/prontera_fild.txt
load	renewal	npc/re/warps/fields/rachel_fild.txt
load	renewal	npc/re/warps/fields/rockridge_fild.txt
load	renewal	npc/re/warps/fields/veins_fild.txt
load	renewal	npc/re/warps/fields/yuno_fild.txt
load	renewal	npc/re/warps/other/arena.txt
load	renewal	npc/re/warps/other/ba_2whs.txt
load	renewal	npc/re/warps/other/ba_maison.txt
load	renewal	npc/re/warps/other/ba_pw.txt
load	renewal	npc/re/warps/other/dimensional_gap.txt
load	renewal	npc/re/warps/other/jobquests.txt
load	renewal	npc/re/warps/other/paradise.txt
load	renewal	npc/re/warps/other/s_workshop.txt
load	renewal	npc/re/warps/other/sign.txt
load	renewal	npc/re/warps/other/special_border_area.txt
load	renewal	npc/re/warps/other/TrainingZone123.txt
load	renewal	npc/re/warps/other/un_myst.txt
load	renewal	npc/re/warps/other/verus.txt
load	renewal	npc/re/warps/guildcastles.txt
load	renewal	npc/custom/population/arena.txt
load	renewal	npc/custom/population/recruiter.txt
load	prerenewal	npc/other/Global_Functions.txt
load	prerenewal	npc/other/CashShop_Functions.txt
load	prerenewal	npc/airports/airships.txt
load	prerenewal	npc/airports/einbroch.txt
load	prerenewal	npc/airports/hugel.txt
load	prerenewal	npc/airports/izlude.txt
load	prerenewal	npc/airports/lighthalzen.txt
load	prerenewal	npc/airports/rachel.txt
load	prerenewal	npc/airports/yuno.txt
load	prerenewal	npc/battleground/flavius/flavius_enter.txt
load	prerenewal	npc/battleground/flavius/flavius01.txt
load	prerenewal	npc/battleground/flavius/flavius02.txt
load	prerenewal	npc/battleground/kvm/kvm_enter.txt
load	prerenewal	npc/battleground/kvm/kvm_item_pay.txt
load	prerenewal	npc/battleground/kvm/kvm01.txt
load	prerenewal	npc/battleground/kvm/kvm02.txt
load	prerenewal	npc/battleground/kvm/kvm03.txt
load	prerenewal	npc/battleground/tierra/tierra_enter.txt
load	prerenewal	npc/battleground/tierra/tierra01.txt
load	prerenewal	npc/battleground/tierra/tierra02.txt
load	prerenewal	npc/battleground/bg_common.txt
load	prerenewal	npc/cities/alberta.txt
load	prerenewal	npc/cities/aldebaran.txt
load	prerenewal	npc/cities/amatsu.txt
load	prerenewal	npc/cities/ayothaya.txt
load	prerenewal	npc/cities/comodo.txt
load	prerenewal	npc/cities/einbech.txt
load	prerenewal	npc/cities/einbroch.txt
load	prerenewal	npc/cities/geffen.txt
load	prerenewal	npc/cities/gonryun.txt
load	prerenewal	npc/cities/hugel.txt
load	prerenewal	npc/cities/izlude.txt
load	prerenewal	npc/cities/jawaii.txt
load	prerenewal	npc/cities/lighthalzen.txt
load	prerenewal	npc/cities/louyang.txt
load	prerenewal	npc/cities/lutie.txt
load	prerenewal	npc/cities/manuk.txt
load	prerenewal	npc/cities/morocc.txt
load	prerenewal	npc/cities/moscovia.txt
load	prerenewal	npc/cities/niflheim.txt
load	prerenewal	npc/cities/payon.txt
load	prerenewal	npc/cities/prontera.txt
load	prerenewal	npc/cities/rachel.txt
load	prerenewal	npc/cities/splendide.txt
load	prerenewal	npc/cities/umbala.txt
load	prerenewal	npc/cities/veins.txt
load	prerenewal	npc/cities/yuno.txt
load	prerenewal	npc/events/gdevent_aru.txt
load	prerenewal	npc/events/gdevent_sch.txt
load	prerenewal	npc/events/god_se_festival.txt
load	prerenewal	npc/instances/SealedShrine.txt
load	prerenewal	npc/instances/EndlessTower.txt
load	prerenewal	npc/instances/OrcsMemory.txt
load	prerenewal	npc/instances/NydhoggsNest.txt
load	prerenewal	npc/kafras/cool_event_corp.txt
load	prerenewal	npc/kafras/dts_warper.txt
load	prerenewal	npc/kafras/functions_kafras.txt
load	prerenewal	npc/kafras/kafras.txt
load	prerenewal	npc/merchants/advanced_refiner.txt
load	prerenewal	npc/merchants/alchemist.txt
load	prerenewal	npc/merchants/buying_shops.txt
load	prerenewal	npc/merchants/coin_exchange.txt
load	prerenewal	npc/merchants/dye_maker.txt
load	prerenewal	npc/merchants/elemental_trader.txt
load	prerenewal	npc/merchants/enchan_arm.txt
load	prerenewal	npc/merchants/gemstone.txt
load	prerenewal	npc/merchants/hair_dyer.txt
load	prerenewal	npc/merchants/hair_style.txt
load	prerenewal	npc/merchants/inn.txt
load	prerenewal	npc/merchants/kunai_maker.txt
load	prerenewal	npc/merchants/milk_trader.txt
load	prerenewal	npc/merchants/novice_exchange.txt
load	prerenewal	npc/merchants/old_pharmacist.txt
load	prerenewal	npc/merchants/quivers.txt
load	prerenewal	npc/merchants/refine.txt
load	prerenewal	npc/merchants/renters.txt
load	prerenewal	npc/merchants/shops.txt
load	prerenewal	npc/merchants/socket_enchant.txt
load	prerenewal	npc/merchants/socket_enchant2.txt
load	prerenewal	npc/merchants/wander_pet_food.txt
load	prerenewal	npc/merchants/cashheadgear_dye.txt
load	prerenewal	npc/other/arena/arena_aco.txt
load	prerenewal	npc/other/arena/arena_lvl50.txt
load	prerenewal	npc/other/arena/arena_lvl60.txt
load	prerenewal	npc/other/arena/arena_lvl70.txt
load	prerenewal	npc/other/arena/arena_lvl80.txt
load	prerenewal	npc/other/arena/arena_party.txt
load	prerenewal	npc/other/arena/arena_point.txt
load	prerenewal	npc/other/arena/arena_room.txt
load	prerenewal	npc/other/auction.txt
load	prerenewal	npc/other/books.txt
load	prerenewal	npc/other/bulletin_boards.txt
load	prerenewal	npc/other/comodo_gambling.txt
load	prerenewal	npc/other/divorce.txt
load	prerenewal	npc/other/fortune.txt
load	prerenewal	npc/other/gm_npcs.txt
load	prerenewal	npc/other/guildpvp.txt
load	prerenewal	npc/other/gympass.txt
load	prerenewal	npc/other/hugel_bingo.txt
load	prerenewal	npc/other/mail.txt
load	prerenewal	npc/other/marriage.txt
load	prerenewal	npc/other/mercenary_rent.txt
load	prerenewal	npc/other/monster_museum.txt
load	prerenewal	npc/other/monster_race.txt
load	prerenewal	npc/other/poring_war.txt
load	prerenewal	npc/other/powernpc.txt
load	prerenewal	npc/other/pvp.txt
load	prerenewal	npc/other/turbo_track.txt
load	prerenewal	npc/quests/first_class/tu_acolyte.txt
load	prerenewal	npc/quests/first_class/tu_archer.txt
load	prerenewal	npc/quests/first_class/tu_magician01.txt
load	prerenewal	npc/quests/first_class/tu_ma_th01.txt
load	prerenewal	npc/quests/first_class/tu_merchant.txt
load	prerenewal	npc/quests/first_class/tu_sword.txt
load	prerenewal	npc/quests/first_class/tu_thief01.txt
load	prerenewal	npc/quests/newgears/2004_headgears.txt
load	prerenewal	npc/quests/newgears/2005_headgears.txt
load	prerenewal	npc/quests/newgears/2006_headgears.txt
load	prerenewal	npc/quests/newgears/2008_headgears.txt
load	prerenewal	npc/quests/okolnir.txt
load	prerenewal	npc/quests/seals/god_global.txt
load	prerenewal	npc/quests/seals/brisingamen_seal.txt
load	prerenewal	npc/quests/seals/god_weapon_creation.txt
load	prerenewal	npc/quests/seals/megingard_seal.txt
load	prerenewal	npc/quests/seals/mjolnir_seal.txt
load	prerenewal	npc/quests/seals/sleipnir_seal.txt
load	prerenewal	npc/quests/seals/seal_status.txt
load	prerenewal	npc/quests/bard_quest.txt
load	prerenewal	npc/quests/bunnyband.txt
load	prerenewal	npc/quests/cooking_quest.txt
load	prerenewal	npc/quests/counteragent_mixture.txt
load	prerenewal	npc/quests/doomed_swords.txt
load	prerenewal	npc/quests/doomed_swords_quest.txt
load	prerenewal	npc/quests/eye_of_hellion.txt
load	prerenewal	npc/quests/guildrelay.txt
load	prerenewal	npc/quests/gunslinger_quests.txt
load	prerenewal	npc/quests/juice_maker.txt
load	prerenewal	npc/quests/kiel_hyre_quest.txt
load	prerenewal	npc/quests/lvl4_weapon_quest.txt
load	prerenewal	npc/quests/mage_solution.txt
load	prerenewal	npc/quests/monstertamers.txt
load	prerenewal	npc/quests/mrsmile.txt
load	prerenewal	npc/quests/ninja_quests.txt
load	prerenewal	npc/quests/obb_quest.txt
load	prerenewal	npc/quests/partyrelay.txt
load	prerenewal	npc/quests/quests_13_1.txt
load	prerenewal	npc/quests/quests_13_2.txt
load	prerenewal	npc/quests/quests_airship.txt
load	prerenewal	npc/quests/quests_alberta.txt
load	prerenewal	npc/quests/quests_aldebaran.txt
load	prerenewal	npc/quests/quests_amatsu.txt
load	prerenewal	npc/quests/quests_ayothaya.txt
load	prerenewal	npc/quests/quests_comodo.txt
load	prerenewal	npc/quests/quests_ein.txt
load	prerenewal	npc/quests/quests_geffen.txt
load	prerenewal	npc/quests/quests_gonryun.txt
load	prerenewal	npc/quests/quests_hugel.txt
load	prerenewal	npc/quests/quests_izlude.txt
load	prerenewal	npc/quests/quests_juperos.txt
load	prerenewal	npc/quests/quests_lighthalzen.txt
load	prerenewal	npc/quests/quests_louyang.txt
load	prerenewal	npc/quests/quests_lutie.txt
load	prerenewal	npc/quests/quests_morocc.txt
load	prerenewal	npc/quests/quests_moscovia.txt
load	prerenewal	npc/quests/quests_nameless.txt
load	prerenewal	npc/quests/quests_niflheim.txt
load	prerenewal	npc/quests/quests_payon.txt
load	prerenewal	npc/quests/quests_prontera.txt
load	prerenewal	npc/quests/quests_rachel.txt
load	prerenewal	npc/quests/quests_umbala.txt
load	prerenewal	npc/quests/quests_veins.txt
load	prerenewal	npc/quests/quests_yuno.txt
load	prerenewal	npc/quests/thana_quest.txt
load	prerenewal	npc/quests/the_sign_quest.txt
load	prerenewal	npc/guild/agit_controller.txt
load	prerenewal	npc/guild/agit_main.txt
load	prerenewal	npc/guild/aldeg_cas01.txt
load	prerenewal	npc/guild/aldeg_cas02.txt
load	prerenewal	npc/guild/aldeg_cas03.txt
load	prerenewal	npc/guild/aldeg_cas04.txt
load	prerenewal	npc/guild/aldeg_cas05.txt
load	prerenewal	npc/guild/gefg_cas01.txt
load	prerenewal	npc/guild/gefg_cas02.txt
load	prerenewal	npc/guild/gefg_cas03.txt
load	prerenewal	npc/guild/gefg_cas04.txt
load	prerenewal	npc/guild/gefg_cas05.txt
load	prerenewal	npc/guild/payg_cas01.txt
load	prerenewal	npc/guild/payg_cas02.txt
load	prerenewal	npc/guild/payg_cas03.txt
load	prerenewal	npc/guild/payg_cas04.txt
load	prerenewal	npc/guild/payg_cas05.txt
load	prerenewal	npc/guild/prtg_cas01.txt
load	prerenewal	npc/guild/prtg_cas02.txt
load	prerenewal	npc/guild/prtg_cas03.txt
load	prerenewal	npc/guild/prtg_cas04.txt
load	prerenewal	npc/guild/prtg_cas05.txt
load	prerenewal	npc/guild2/agit_start_se.txt
load	prerenewal	npc/guild2/agit_main_se.txt
load	prerenewal	npc/guild2/guild_flags.txt
load	prerenewal	npc/guild2/arug_cas01.txt
load	prerenewal	npc/guild2/arug_cas02.txt
load	prerenewal	npc/guild2/arug_cas03.txt
load	prerenewal	npc/guild2/arug_cas04.txt
load	prerenewal	npc/guild2/arug_cas05.txt
load	prerenewal	npc/guild2/schg_cas01.txt
load	prerenewal	npc/guild2/schg_cas02.txt
load	prerenewal	npc/guild2/schg_cas03.txt
load	prerenewal	npc/guild2/schg_cas04.txt
load	prerenewal	npc/guild2/schg_cas05.txt
load	prerenewal	npc/jobs/1-1e/gunslinger.txt
load	prerenewal	npc/jobs/1-1e/ninja.txt
load	prerenewal	npc/jobs/1-1e/taekwon.txt
load	prerenewal	npc/jobs/2-1/assassin.txt
load	prerenewal	npc/jobs/2-1/blacksmith.txt
load	prerenewal	npc/jobs/2-1/hunter.txt
load	prerenewal	npc/jobs/2-1/knight.txt
load	prerenewal	npc/jobs/2-1/priest.txt
load	prerenewal	npc/jobs/2-1/wizard.txt
load	prerenewal	npc/jobs/2-1a/AssassinCross.txt
load	prerenewal	npc/jobs/2-1a/HighPriest.txt
load	prerenewal	npc/jobs/2-1a/HighWizard.txt
load	prerenewal	npc/jobs/2-1a/LordKnight.txt
load	prerenewal	npc/jobs/2-1a/Sniper.txt
load	prerenewal	npc/jobs/2-1a/WhiteSmith.txt
load	prerenewal	npc/jobs/2-1e/StarGladiator.txt
load	prerenewal	npc/jobs/2-2/alchemist.txt
load	prerenewal	npc/jobs/2-2/bard.txt
load	prerenewal	npc/jobs/2-2/crusader.txt
load	prerenewal	npc/jobs/2-2/dancer.txt
load	prerenewal	npc/jobs/2-2/monk.txt
load	prerenewal	npc/jobs/2-2/rogue.txt
load	prerenewal	npc/jobs/2-2/sage.txt
load	prerenewal	npc/jobs/2-2a/Champion.txt
load	prerenewal	npc/jobs/2-2a/Clown.txt
load	prerenewal	npc/jobs/2-2a/Creator.txt
load	prerenewal	npc/jobs/2-2a/Gypsy.txt
load	prerenewal	npc/jobs/2-2a/Paladin.txt
load	prerenewal	npc/jobs/2-2a/Professor.txt
load	prerenewal	npc/jobs/2-2a/Stalker.txt
load	prerenewal	npc/jobs/2-2e/SoulLinker.txt
load	prerenewal	npc/jobs/novice/supernovice.txt
load	prerenewal	npc/jobs/valkyrie.txt
load	prerenewal	npc/quests/skills/acolyte_skills.txt
load	prerenewal	npc/quests/skills/alchemist_skills.txt
load	prerenewal	npc/quests/skills/archer_skills.txt
load	prerenewal	npc/quests/skills/assassin_skills.txt
load	prerenewal	npc/quests/skills/bard_skills.txt
load	prerenewal	npc/quests/skills/blacksmith_skills.txt
load	prerenewal	npc/quests/skills/crusader_skills.txt
load	prerenewal	npc/quests/skills/dancer_skills.txt
load	prerenewal	npc/quests/skills/hunter_skills.txt
load	prerenewal	npc/quests/skills/knight_skills.txt
load	prerenewal	npc/quests/skills/mage_skills.txt
load	prerenewal	npc/quests/skills/merchant_skills.txt
load	prerenewal	npc/quests/skills/monk_skills.txt
load	prerenewal	npc/quests/skills/priest_skills.txt
load	prerenewal	npc/quests/skills/rogue_skills.txt
load	prerenewal	npc/quests/skills/sage_skills.txt
load	prerenewal	npc/quests/skills/swordman_skills.txt
load	prerenewal	npc/quests/skills/thief_skills.txt
load	prerenewal	npc/quests/skills/wizard_skills.txt
load	prerenewal	npc/mapflag/nopvp.txt
load	prerenewal	npc/mapflag/gvg.txt
load	prerenewal	npc/mapflag/gvg_noparty.txt
load	prerenewal	npc/mapflag/hidemobhpbar.txt
load	prerenewal	npc/mapflag/jail.txt
load	prerenewal	npc/mapflag/nightmare.txt
load	prerenewal	npc/mapflag/nobranch.txt
load	prerenewal	npc/mapflag/noicewall.txt
load	prerenewal	npc/mapflag/nomemo.txt
load	prerenewal	npc/mapflag/nopenalty.txt
load	prerenewal	npc/mapflag/nosave.txt
load	prerenewal	npc/mapflag/noteleport.txt
load	prerenewal	npc/mapflag/noreturn.txt
load	prerenewal	npc/mapflag/noskill.txt
load	prerenewal	npc/mapflag/nowarp.txt
load	prerenewal	npc/mapflag/nowarpto.txt
load	prerenewal	npc/mapflag/pvp.txt
load	prerenewal	npc/mapflag/pvp_noparty.txt
load	prerenewal	npc/mapflag/pvp_noguild.txt
load	prerenewal	npc/mapflag/night.txt
load	prerenewal	npc/mapflag/reset.txt
load	prerenewal	npc/mapflag/restricted.txt
load	prerenewal	npc/mapflag/battleground.txt
load	prerenewal	npc/mapflag/skill_damage.txt
load	prerenewal	npc/mapflag/town.txt
load	prerenewal	npc/mapflag/nocostume.txt
load	prerenewal	npc/mapflag/skill_duration.txt
load	prerenewal	npc/mapflag/nodynamicnpc.txt
load	prerenewal	npc/mobs/jail.txt
load	prerenewal	npc/mobs/pvp.txt
load	prerenewal	npc/mobs/towns.txt
load	prerenewal	npc/warps/cities/alberta.txt
load	prerenewal	npc/warps/cities/aldebaran.txt
load	prerenewal	npc/warps/cities/amatsu.txt
load	prerenewal	npc/warps/cities/ayothaya.txt
load	prerenewal	npc/warps/cities/comodo.txt
load	prerenewal	npc/warps/cities/einbech.txt
load	prerenewal	npc/warps/cities/einbroch.txt
load	prerenewal	npc/warps/cities/geffen.txt
load	prerenewal	npc/warps/cities/gonryun.txt
load	prerenewal	npc/warps/cities/hugel.txt
load	prerenewal	npc/warps/cities/lighthalzen.txt
load	prerenewal	npc/warps/cities/louyang.txt
load	prerenewal	npc/warps/cities/lutie.txt
load	prerenewal	npc/warps/cities/manuk.txt
load	prerenewal	npc/warps/cities/mid_camp.txt
load	prerenewal	npc/warps/cities/morroc.txt
load	prerenewal	npc/warps/cities/moscovia.txt
load	prerenewal	npc/warps/cities/nameless.txt
load	prerenewal	npc/warps/cities/niflheim.txt
load	prerenewal	npc/warps/cities/payon.txt
load	prerenewal	npc/warps/cities/prontera.txt
load	prerenewal	npc/warps/cities/splendide.txt
load	prerenewal	npc/warps/cities/umbala.txt
load	prerenewal	npc/warps/cities/veins.txt
load	prerenewal	npc/warps/cities/yuno.txt
load	prerenewal	npc/warps/dungeons/abbey.txt
load	prerenewal	npc/warps/dungeons/abyss.txt
load	prerenewal	npc/warps/dungeons/alde_dun.txt
load	prerenewal	npc/warps/dungeons/ama_dun.txt
load	prerenewal	npc/warps/dungeons/anthell.txt
load	prerenewal	npc/warps/dungeons/ayo_dun.txt
load	prerenewal	npc/warps/dungeons/beach_dun.txt
load	prerenewal	npc/warps/dungeons/c_tower.txt
load	prerenewal	npc/warps/dungeons/ein_dun.txt
load	prerenewal	npc/warps/dungeons/gef_dun.txt
load	prerenewal	npc/warps/dungeons/gon_dun.txt
load	prerenewal	npc/warps/dungeons/ice_dun.txt
load	prerenewal	npc/warps/dungeons/in_sphinx.txt
load	prerenewal	npc/warps/dungeons/iz_dun.txt
load	prerenewal	npc/warps/dungeons/juperos.txt
load	prerenewal	npc/warps/dungeons/kh_dun.txt
load	prerenewal	npc/warps/dungeons/lhz_dun.txt
load	prerenewal	npc/warps/dungeons/lou_dun.txt
load	prerenewal	npc/warps/dungeons/mag_dun.txt
load	prerenewal	npc/warps/dungeons/mjo_dun.txt
load	prerenewal	npc/warps/dungeons/moc_pryd.txt
load	prerenewal	npc/warps/dungeons/mosk_dun.txt
load	prerenewal	npc/warps/dungeons/odin.txt
load	prerenewal	npc/warps/dungeons/orcsdun.txt
load	prerenewal	npc/warps/dungeons/pay_dun.txt
load	prerenewal	npc/warps/dungeons/prt_maze.txt
load	prerenewal	npc/warps/dungeons/ra_san.txt
load	prerenewal	npc/warps/dungeons/tha_t.txt
load	prerenewal	npc/warps/dungeons/thor_v.txt
load	prerenewal	npc/warps/dungeons/treasure.txt
load	prerenewal	npc/warps/dungeons/tur_dun.txt
load	prerenewal	npc/warps/dungeons/um_dun.txt
load	prerenewal	npc/warps/dungeons/xmas_dun.txt
load	prerenewal	npc/warps/fields/abyss_warper.txt
load	prerenewal	npc/warps/fields/amatsu_fild.txt
load	prerenewal	npc/warps/fields/ein_fild.txt
load	prerenewal	npc/warps/fields/gefenia.txt
load	prerenewal	npc/warps/fields/glastheim.txt
load	prerenewal	npc/warps/fields/jawaii.txt
load	prerenewal	npc/warps/fields/lhalzen_fild.txt
load	prerenewal	npc/warps/fields/lutie_fild.txt
load	prerenewal	npc/warps/fields/man_fild.txt
load	prerenewal	npc/warps/fields/mtmjolnir.txt
load	prerenewal	npc/warps/fields/spl_fild.txt
load	prerenewal	npc/warps/fields/umbala_fild.txt
load	prerenewal	npc/warps/other/airplane.txt
load	prerenewal	npc/warps/other/arena.txt
load	prerenewal	npc/warps/other/god.txt
load	prerenewal	npc/warps/other/jobquests.txt
load	prerenewal	npc/warps/other/kiel.txt
load	prerenewal	npc/warps/other/other.txt
load	prerenewal	npc/warps/guildcastles.txt
load	prerenewal	npc/warps/pvp.txt
load	prerenewal	npc/pre-re/airports/izlude.txt
load	prerenewal	npc/pre-re/cities/alberta.txt
load	prerenewal	npc/pre-re/cities/izlude.txt
load	prerenewal	npc/pre-re/cities/jawaii.txt
load	prerenewal	npc/pre-re/cities/lutie.txt
load	prerenewal	npc/pre-re/cities/prontera.txt
load	prerenewal	npc/pre-re/cities/yuno.txt
load	prerenewal	npc/pre-re/guides/guides_alberta.txt
load	prerenewal	npc/pre-re/guides/guides_aldebaran.txt
load	prerenewal	npc/pre-re/guides/guides_amatsu.txt
load	prerenewal	npc/pre-re/guides/guides_ayothaya.txt
load	prerenewal	npc/pre-re/guides/guides_comodo.txt
load	prerenewal	npc/pre-re/guides/guides_einbroch.txt
load	prerenewal	npc/pre-re/guides/guides_geffen.txt
load	prerenewal	npc/pre-re/guides/guides_gonryun.txt
load	prerenewal	npc/pre-re/guides/guides_hugel.txt
load	prerenewal	npc/pre-re/guides/guides_izlude.txt
load	prerenewal	npc/pre-re/guides/guides_juno.txt
load	prerenewal	npc/pre-re/guides/guides_lighthalzen.txt
load	prerenewal	npc/pre-re/guides/guides_louyang.txt
load	prerenewal	npc/pre-re/guides/guides_morroc.txt
load	prerenewal	npc/pre-re/guides/guides_moscovia.txt
load	prerenewal	npc/pre-re/guides/guides_niflheim.txt
load	prerenewal	npc/pre-re/guides/guides_payon.txt
load	prerenewal	npc/pre-re/guides/guides_prontera.txt
load	prerenewal	npc/pre-re/guides/guides_rachel.txt
load	prerenewal	npc/pre-re/guides/guides_umbala.txt
load	prerenewal	npc/pre-re/guides/guides_veins.txt
load	prerenewal	npc/pre-re/kafras/kafras.txt
load	prerenewal	npc/pre-re/merchants/ammo_boxes.txt
load	prerenewal	npc/pre-re/merchants/ammo_dealer.txt
load	prerenewal	npc/pre-re/merchants/hair_dyer.txt
load	prerenewal	npc/pre-re/merchants/hair_style.txt
load	prerenewal	npc/pre-re/merchants/shops.txt
load	prerenewal	npc/pre-re/merchants/socket_enchant2.txt
load	prerenewal	npc/pre-re/other/bulletin_boards.txt
load	prerenewal	npc/pre-re/other/mercenary_rent.txt
load	prerenewal	npc/pre-re/other/pvp.txt
load	prerenewal	npc/pre-re/other/msg_boards.txt
load	prerenewal	npc/pre-re/other/resetskill.txt
load	prerenewal	npc/pre-re/other/turbo_track.txt
load	prerenewal	npc/pre-re/quests/first_class/tu_archer.txt
load	prerenewal	npc/pre-re/quests/seals/brisingamen_seal.txt
load	prerenewal	npc/pre-re/quests/seals/megingard_seal.txt
load	prerenewal	npc/pre-re/quests/cooking_quest.txt
load	prerenewal	npc/pre-re/quests/monstertamers.txt
load	prerenewal	npc/pre-re/quests/mrsmile.txt
load	prerenewal	npc/pre-re/quests/quest_payon.txt
load	prerenewal	npc/pre-re/quests/quests_13_1.txt
load	prerenewal	npc/pre-re/quests/quests_izlude.txt
load	prerenewal	npc/pre-re/quests/quests_lighthalzen.txt
load	prerenewal	npc/pre-re/quests/quests_morocc.txt
load	prerenewal	npc/pre-re/quests/quests_nameless.txt
load	prerenewal	npc/pre-re/quests/quests_niflheim.txt
load	prerenewal	npc/pre-re/quests/the_sign_quest.txt
load	prerenewal	npc/pre-re/quests/quests_veins.txt
load	prerenewal	npc/pre-re/jobs/1-1/acolyte.txt
load	prerenewal	npc/pre-re/jobs/1-1/archer.txt
load	prerenewal	npc/pre-re/jobs/1-1/mage.txt
load	prerenewal	npc/pre-re/jobs/1-1/merchant.txt
load	prerenewal	npc/pre-re/jobs/1-1/swordman.txt
load	prerenewal	npc/pre-re/jobs/1-1/thief.txt
load	prerenewal	npc/pre-re/jobs/1-1e/taekwon.txt
load	prerenewal	npc/pre-re/jobs/2-2/crusader.txt
load	prerenewal	npc/pre-re/jobs/novice/novice.txt
load	prerenewal	npc/pre-re/quests/skills/swordman_skills.txt
load	prerenewal	npc/quests/skills/novice_skills.txt
load	prerenewal	npc/pre-re/mapflag/hidemobhpbar.txt
load	prerenewal	npc/pre-re/mapflag/gvg.txt
load	prerenewal	npc/pre-re/mapflag/nosave.txt
load	prerenewal	npc/pre-re/mapflag/invincible_time.txt
load	prerenewal	npc/pre-re/mobs/citycleaners.txt
load	prerenewal	npc/pre-re/mobs/dungeons/abbey.txt
load	prerenewal	npc/pre-re/mobs/dungeons/abyss.txt
load	prerenewal	npc/pre-re/mobs/dungeons/alde_dun.txt
load	prerenewal	npc/pre-re/mobs/dungeons/ama_dun.txt
load	prerenewal	npc/pre-re/mobs/dungeons/anthell.txt
load	prerenewal	npc/pre-re/mobs/dungeons/ayo_dun.txt
load	prerenewal	npc/pre-re/mobs/dungeons/beach_dun.txt
load	prerenewal	npc/pre-re/mobs/dungeons/c_tower.txt
load	prerenewal	npc/pre-re/mobs/dungeons/ein_dun.txt
load	prerenewal	npc/pre-re/mobs/dungeons/gef_dun.txt
load	prerenewal	npc/pre-re/mobs/dungeons/gefenia.txt
load	prerenewal	npc/pre-re/mobs/dungeons/glastheim.txt
load	prerenewal	npc/pre-re/mobs/dungeons/gld_dun.txt
load	prerenewal	npc/pre-re/mobs/dungeons/gld_dunSE.txt
load	prerenewal	npc/pre-re/mobs/dungeons/gon_dun.txt
load	prerenewal	npc/pre-re/mobs/dungeons/ice_dun.txt
load	prerenewal	npc/pre-re/mobs/dungeons/in_sphinx.txt
load	prerenewal	npc/pre-re/mobs/dungeons/iz_dun.txt
load	prerenewal	npc/pre-re/mobs/dungeons/juperos.txt
load	prerenewal	npc/pre-re/mobs/dungeons/kh_dun.txt
load	prerenewal	npc/pre-re/mobs/dungeons/lhz_dun.txt
load	prerenewal	npc/pre-re/mobs/dungeons/lou_dun.txt
load	prerenewal	npc/pre-re/mobs/dungeons/mag_dun.txt
load	prerenewal	npc/pre-re/mobs/dungeons/mjo_dun.txt
load	prerenewal	npc/pre-re/mobs/dungeons/moc_pryd.txt
load	prerenewal	npc/pre-re/mobs/dungeons/mosk_dun.txt
load	prerenewal	npc/pre-re/mobs/dungeons/nyd_dun.txt
load	prerenewal	npc/pre-re/mobs/dungeons/odin.txt
load	prerenewal	npc/pre-re/mobs/dungeons/orcsdun.txt
load	prerenewal	npc/pre-re/mobs/dungeons/pay_dun.txt
load	prerenewal	npc/pre-re/mobs/dungeons/prt_maze.txt
load	prerenewal	npc/pre-re/mobs/dungeons/prt_sew.txt
load	prerenewal	npc/pre-re/mobs/dungeons/ra_san.txt
load	prerenewal	npc/pre-re/mobs/dungeons/tha_t.txt
load	prerenewal	npc/pre-re/mobs/dungeons/thor_v.txt
load	prerenewal	npc/pre-re/mobs/dungeons/treasure.txt
load	prerenewal	npc/pre-re/mobs/dungeons/tur_dun.txt
load	prerenewal	npc/pre-re/mobs/dungeons/um_dun.txt
load	prerenewal	npc/pre-re/mobs/dungeons/xmas_dun.txt
load	prerenewal	npc/pre-re/mobs/dungeons/yggdrasil.txt
load	prerenewal	npc/pre-re/mobs/fields/amatsu.txt
load	prerenewal	npc/pre-re/mobs/fields/ayothaya.txt
load	prerenewal	npc/pre-re/mobs/fields/comodo.txt
load	prerenewal	npc/pre-re/mobs/fields/einbroch.txt
load	prerenewal	npc/pre-re/mobs/fields/geffen.txt
load	prerenewal	npc/pre-re/mobs/fields/gonryun.txt
load	prerenewal	npc/pre-re/mobs/fields/hugel.txt
load	prerenewal	npc/pre-re/mobs/fields/lighthalzen.txt
load	prerenewal	npc/pre-re/mobs/fields/louyang.txt
load	prerenewal	npc/pre-re/mobs/fields/lutie.txt
load	prerenewal	npc/pre-re/mobs/fields/manuk.txt
load	prerenewal	npc/pre-re/mobs/fields/mjolnir.txt
load	prerenewal	npc/pre-re/mobs/fields/morocc.txt
load	prerenewal	npc/pre-re/mobs/fields/moscovia.txt
load	prerenewal	npc/pre-re/mobs/fields/niflheim.txt
load	prerenewal	npc/pre-re/mobs/fields/payon.txt
load	prerenewal	npc/pre-re/mobs/fields/prontera.txt
load	prerenewal	npc/pre-re/mobs/fields/rachel.txt
load	prerenewal	npc/pre-re/mobs/fields/splendide.txt
load	prerenewal	npc/pre-re/mobs/fields/umbala.txt
load	prerenewal	npc/pre-re/mobs/fields/veins.txt
load	prerenewal	npc/pre-re/mobs/fields/yuno.txt
load	prerenewal	npc/pre-re/warps/cities/alberta.txt
load	prerenewal	npc/pre-re/warps/cities/einbroch.txt
load	prerenewal	npc/pre-re/warps/cities/izlude.txt
load	prerenewal	npc/pre-re/warps/cities/prontera.txt
load	prerenewal	npc/pre-re/warps/cities/rachel.txt
load	prerenewal	npc/pre-re/warps/cities/yggdrasil.txt
load	prerenewal	npc/pre-re/warps/fields/com_fild.txt
load	prerenewal	npc/pre-re/warps/fields/geffen_fild.txt
load	prerenewal	npc/pre-re/warps/fields/hugel_fild.txt
load	prerenewal	npc/pre-re/warps/fields/morroc_fild.txt
load	prerenewal	npc/pre-re/warps/fields/payon_fild.txt
load	prerenewal	npc/pre-re/warps/fields/prontera_fild.txt
load	prerenewal	npc/pre-re/warps/fields/rachel_fild.txt
load	prerenewal	npc/pre-re/warps/fields/veins_fild.txt
load	prerenewal	npc/pre-re/warps/fields/yuno_fild.txt
load	prerenewal	npc/pre-re/warps/other/arena.txt
load	prerenewal	npc/pre-re/warps/other/sign.txt
load	prerenewal	npc/pre-re/warps/guildcastles.txt
load	prerenewal	npc/custom/population/arena.txt
load	prerenewal	npc/custom/population/recruiter.txt
file	npc/airports/airships.txt
npc	airplane	240	64	0	857	Exit
npc	airplane	247	64	0	857	Exit
npc	airplane	240	40	0	857	Exit
npc	airplane	247	40	0	857	Exit
npc	airplane	100	69	0	852	Airship Crew
npc	airplane	64	94	0	787	Umbala Kid
npc	airplane	66	93	0	783	Umbala Lady
npc	airplane	71	91	0	789	Umbala Man
npc	airplane	250	58	0	67	Airship Staff
npc	airplane	80	71	0	834	Zerta
npc	airplane	65	63	0	714	Maelin
npc	airplane	72	34	0	702	Aanos
npc	airplane	221	158	0	852	Pilot
npc	airplane	50	66	0	86	Apple Merchant
npc	airplane_01	240	64	0	857	Exit
npc	airplane_01	247	64	0	857	Exit
npc	airplane_01	240	40	0	857	Exit
npc	airplane_01	247	40	0	857	Exit
npc	airplane_01	250	58	0	67	Airship Staff
npc	airplane_01	50	66	0	86	Apple Merchant
npc	airplane_01	221	158	0	852	Pilot
npc	airplane_01	83	61	0	72	Dianne
npc	airplane_01	69	63	0	55	Mendel
npc	airplane_01	71	31	0	106	Swordsman Shimizu
npc	airplane_01	32	61	0	49	Nils
npc	airplane_01	33	68	0	74	Clarice
file	npc/airports/einbroch.txt
npc	airport	143	43	0	90	Airport Staff
npc	airport	158	43	0	90	Airport Staff
npc	airport	126	43	0	90	Airport Staff
npc	airport	143	49	0	90	Arrival Staff
npc	airport	126	51	0	90	Arrival Staff
npc	airport	158	50	0	90	Arrival Staff
npc	einbroch	94	267	0	91	Airship Staff
file	npc/airports/lighthalzen.txt
npc	lhz_airport	143	43	0	90	Airport Staff
npc	lhz_airport	158	43	0	90	Airship Staff
npc	lhz_airport	126	43	0	90	Airship Staff
npc	lhz_airport	143	49	0	90	Arrival Staff
npc	lhz_airport	126	51	0	90	Arrival Staff
npc	lhz_airport	158	50	0	90	Arrival Staff
file	npc/airports/yuno.txt
npc	y_airport	143	43	0	90	Airport Staff
npc	y_airport	158	43	0	90	Airport Staff
npc	y_airport	126	43	0	90	Airport Staff
npc	y_airport	143	49	0	90	Arrival Staff
npc	y_airport	126	51	0	90	Arrival Staff
npc	y_airport	158	50	0	90	Arrival Staff
npc	y_airport	145	63	0	91	Domestic Boarding
npc	y_airport	140	63	0	91	International Boarding
npc	yuno	14	262	0	91	Airship Staff
npc	yuno	88	263	0	91	Airship Staff
file	npc/battleground/bg_common.txt
npc	bat_room	161	158	0	419	Gen. Guillaume's Aide
npc	bat_room	161	160	0	419	Gen. Guillaume's Aide
npc	bat_room	160	141	0	416	Prince Croix
npc	bat_room	161	140	0	415	Prince Croix's Aide
npc	bat_room	161	142	0	415	Prince Croix's Aide
npc	bat_room	160	159	0	420	General Guillaume
npc	bat_room	148	150	0	124	Teleporter
npc	prontera	123	83	0	728	Maroll Battle Recruiter
npc	moc_ruins	75	162	0	728	Maroll Battle Recruiter
npc	aldebaran	146	109	0	728	Maroll Battle Recruiter
npc	geffen	109	66	0	728	Maroll Battle Recruiter
npc	payon	189	105	0	728	Maroll Battle Recruiter
npc	lighthalzen	153	86	0	728	Maroll Battle Recruiter
npc	rachel	149	138	0	728	Maroll Battle Recruiter
npc	bat_room	148	147	0	861	Kafra Staff
npc	bat_room	138	144	0	86	Repairman
npc	bat_room	1	151	0	81	Switch
npc	bat_room	160	150	0	109	Erundek
file	npc/battleground/flavius/flavius01.txt
npc	bat_room	86	227	0	418	Lieutenant Ator
npc	bat_room	85	204	0	414	Lieutenant Thelokus
npc	bat_b01	10	294	0	95	Battle Therapist
npc	bat_b01	389	14	0	95	Battle Therapist
npc	bat_b01	10	294	0	934	Guillaume Vintenar
npc	bat_b01	389	14	0	934	Croix Vintenar
npc	bat_b01	81	83	0	973	Guillaume Camp
npc	bat_b01	94	83	0	973	Guillaume Camp
npc	bat_b01	81	66	0	973	Guillaume Camp
npc	bat_b01	94	66	0	973	Guillaume Camp
npc	bat_b01	139	142	0	973	Guillaume Camp
npc	bat_b01	139	158	0	973	Guillaume Camp
npc	bat_b01	110	161	0	973	Guillaume Camp
npc	bat_b01	110	137	0	973	Guillaume Camp
npc	bat_b01	63	135	0	973	Guillaume Camp
npc	bat_b01	63	165	0	973	Guillaume Camp
npc	bat_b01	10	296	0	973	Guillaume Camp
npc	bat_b01	306	233	0	974	Croix Camp
npc	bat_b01	317	233	0	974	Croix Camp
npc	bat_b01	306	216	0	974	Croix Camp
npc	bat_b01	317	216	0	974	Croix Camp
npc	bat_b01	257	158	0	974	Croix Camp
npc	bat_b01	257	141	0	974	Croix Camp
npc	bat_b01	297	164	0	974	Croix Camp
npc	bat_b01	297	136	0	974	Croix Camp
npc	bat_b01	336	161	0	974	Croix Camp
npc	bat_b01	336	139	0	974	Croix Camp
npc	bat_b01	389	16	0	974	Croix Camp
npc	bat_b01	10	294	0	419	Vintenar
npc	bat_b01	389	14	0	415	Vintenar
npc	bat_b01	1	10	0	81	Release all
file	npc/battleground/flavius/flavius02.txt
npc	bat_room	142	227	0	418	Lieutenant Huvas
npc	bat_room	142	204	0	414	Lieutenant Yukon
npc	bat_b02	10	294	0	95	Battle Therapist
npc	bat_b02	389	14	0	95	Battle Therapist
npc	bat_b02	10	294	0	934	Guillaume Vintenar
npc	bat_b02	389	14	0	934	Croix Vintenar
npc	bat_b02	81	83	0	973	Guillaume Camp
npc	bat_b02	94	83	0	973	Guillaume Camp
npc	bat_b02	81	66	0	973	Guillaume Camp
npc	bat_b02	94	66	0	973	Guillaume Camp
npc	bat_b02	139	142	0	973	Guillaume Camp
npc	bat_b02	139	158	0	973	Guillaume Camp
npc	bat_b02	110	161	0	973	Guillaume Camp
npc	bat_b02	110	137	0	973	Guillaume Camp
npc	bat_b02	63	135	0	973	Guillaume Camp
npc	bat_b02	63	165	0	973	Guillaume Camp
npc	bat_b02	10	296	0	973	Guillaume Camp
npc	bat_b02	306	233	0	974	Croix Camp
npc	bat_b02	317	233	0	974	Croix Camp
npc	bat_b02	306	216	0	974	Croix Camp
npc	bat_b02	317	216	0	974	Croix Camp
npc	bat_b02	257	158	0	974	Croix Camp
npc	bat_b02	257	141	0	974	Croix Camp
npc	bat_b02	297	164	0	974	Croix Camp
npc	bat_b02	297	136	0	974	Croix Camp
npc	bat_b02	336	161	0	974	Croix Camp
npc	bat_b02	336	139	0	974	Croix Camp
npc	bat_b02	389	16	0	974	Croix Camp
npc	bat_b02	10	294	0	419	Vintenar
npc	bat_b02	389	14	0	415	Vintenar
npc	bat_b02	1	10	0	81	Release all
file	npc/battleground/flavius/flavius_enter.txt
npc	bat_room	133	178	0	418	Flavius Officer
npc	bat_room	133	121	0	414	Flavius Officer
npc	bat_room	135	178	0	417	Guillaume Knight
npc	bat_room	151	178	0	417	Guillaume Knight
npc	bat_room	135	121	0	413	Croix Knight
npc	bat_room	151	121	0	413	Croix Knight
npc	bat_room	148	178	0	418	Flavius Officer
npc	bat_room	148	121	0	414	Flavius Officer
file	npc/battleground/kvm/kvm01.txt
npc	bat_room	169	226	0	418	KVM Waiting Room
npc	bat_room	169	205	0	414	KVM Waiting Room
npc	bat_c01	51	130	0	419	KVM Officer
npc	bat_c01	148	53	0	415	KVM Officer
file	npc/battleground/kvm/kvm02.txt
npc	bat_room	197	226	0	418	KVM Waiting Room
npc	bat_room	197	205	0	414	KVM Waiting Room
npc	bat_c02	51	130	0	419	KVM Officer
npc	bat_c02	148	53	0	415	KVM Officer
file	npc/battleground/kvm/kvm03.txt
npc	bat_room	225	226	0	418	KVM Waiting Room
npc	bat_room	225	205	0	414	KVM Waiting Room
npc	bat_c03	51	130	0	419	KVM Officer
npc	bat_c03	148	53	0	415	KVM Officer
file	npc/battleground/kvm/kvm_enter.txt
npc	bat_room	164	178	0	418	KVM Mercenary Officer
npc	bat_room	167	178	0	417	Guillaume Knight
npc	bat_room	164	121	0	414	KVM Mercenary Officer
npc	bat_room	167	121	0	413	Croix Knight
file	npc/battleground/kvm/kvm_item_pay.txt
npc	bat_room	151	144	0	734	KVM Logistic Officer
file	npc/battleground/tierra/tierra01.txt
npc	bat_room	57	227	0	418	Lieutenant Kalos
npc	bat_room	58	204	0	414	Lieutenant Eyor
npc	bat_a01	185	270	0	851	Guillaume Blacksmith
npc	bat_a01	170	121	0	851	Croix Blacksmith
npc	bat_a01	53	377	0	95	Battle Therapist
npc	bat_a01	45	19	0	95	Battle Therapist
npc	bat_a01	60	216	0	950	Valley Ghost
npc	bat_a01	171	309	0	973	Guillaume Camp
npc	bat_a01	149	310	0	973	Guillaume Camp
npc	bat_a01	119	336	0	973	Guillaume Camp
npc	bat_a01	118	357	0	973	Guillaume Camp
npc	bat_a01	150	380	0	973	Guillaume Camp
npc	bat_a01	173	380	0	973	Guillaume Camp
npc	bat_a01	210	344	0	973	Guillaume Camp
npc	bat_a01	350	325	0	973	Guillaume Camp
npc	bat_a01	358	325	0	973	Guillaume Camp
npc	bat_a01	138	12	0	974	Croix Camp
npc	bat_a01	108	36	0	974	Croix Camp
npc	bat_a01	108	63	0	974	Croix Camp
npc	bat_a01	136	87	0	974	Croix Camp
npc	bat_a01	167	86	0	974	Croix Camp
npc	bat_a01	199	49	0	974	Croix Camp
npc	bat_a01	168	16	0	974	Croix Camp
npc	bat_a01	357	74	0	974	Croix Camp
npc	bat_a01	348	74	0	974	Croix Camp
npc	bat_a01	53	377	0	419	Guillaume Vintenar
npc	bat_a01	45	19	0	415	Croix Vintenar
npc	bat_a01	1	1	0	81	Release all
file	npc/battleground/tierra/tierra02.txt
npc	bat_room	114	227	0	418	Lieutenant Rundel
npc	bat_room	114	204	0	414	Lieutenant Guerrit
npc	bat_a02	185	270	0	851	Guillaume Blacksmith
npc	bat_a02	170	121	0	851	Croix Blacksmith
npc	bat_a02	53	377	0	95	Battle Therapist
npc	bat_a02	45	19	0	95	Battle Therapist
npc	bat_a02	60	216	0	950	Valley Ghost
npc	bat_a02	171	309	0	973	Guillaume Camp
npc	bat_a02	149	310	0	973	Guillaume Camp
npc	bat_a02	119	336	0	973	Guillaume Camp
npc	bat_a02	118	357	0	973	Guillaume Camp
npc	bat_a02	150	380	0	973	Guillaume Camp
npc	bat_a02	173	380	0	973	Guillaume Camp
npc	bat_a02	210	344	0	973	Guillaume Camp
npc	bat_a02	350	325	0	973	Guillaume Camp
npc	bat_a02	358	325	0	973	Guillaume Camp
npc	bat_a02	138	12	0	974	Croix Camp
npc	bat_a02	108	36	0	974	Croix Camp
npc	bat_a02	108	63	0	974	Croix Camp
npc	bat_a02	136	87	0	974	Croix Camp
npc	bat_a02	167	86	0	974	Croix Camp
npc	bat_a02	199	49	0	974	Croix Camp
npc	bat_a02	168	16	0	974	Croix Camp
npc	bat_a02	357	74	0	974	Croix Camp
npc	bat_a02	348	74	0	974	Croix Camp
npc	bat_a02	53	377	0	419	Guillaume Vintenar
npc	bat_a02	45	19	0	415	Croix Vintenar
npc	bat_a02	1	1	0	81	Release all
file	npc/battleground/tierra/tierra_enter.txt
npc	bat_room	124	178	0	418	Tierra Gorge Officer
npc	bat_room	140	178	0	418	Tierra Gorge Officer
npc	bat_room	127	178	0	417	Guillaume Knight
npc	bat_room	143	178	0	417	Guillaume Knight
npc	bat_room	127	121	0	413	Croix Knight
npc	bat_room	143	121	0	413	Croix Knight
npc	bat_room	125	121	0	414	Tierra Gorge Officer
npc	bat_room	140	121	0	414	Tierra Gorge Officer
file	npc/cities/alberta.txt
npc	alberta	97	51	0	84	Fabian
npc	alberta	53	39	0	100	Steiner
npc	alberta_in	20	183	0	49	Chad
npc	alberta	131	139	0	54	Drunken Old Man
npc	alberta	58	80	0	99	Shakir
npc	alberta	62	156	0	102	Sonya
npc	alberta	93	174	0	103	Grandmother Alma
npc	alberta	189	151	0	100	Fisk
npc	alb2trea	39	50	0	100	Fisk
npc	alberta	195	151	0	86	Paul
npc	alberta	190	173	0	85	Phelix
file	npc/cities/aldebaran.txt
npc	aldebaran	113	70	0	48	Forger Munster
npc	aldebaran	64	104	0	55	Smithing Guy
npc	aldebaran	49	93	0	83	Young Man
npc	aldebaran	81	61	0	101	Shell Gathering Lady
npc	aldebaran	46	129	0	97	Canal Guy
npc	aldebaran	67	154	0	98	Forest Guy
npc	aldebaran	90	170	0	47	Slot Guy
npc	aldebaran	117	181	0	48	Phracon Guy
npc	aldebaran	121	231	0	49	Alchemy Guy
npc	aldebaran	86	228	0	62	Little Kid
npc	aldebaran	159	242	0	119	Insect Guy
npc	aldebaran	60	70	0	69	Sylvia
npc	aldebaran	93	80	0	48	Issei
npc	aldebaran	180	46	0	88	Joo Jahk
npc	aldebaran	212	122	0	97	Citizen
npc	aldebaran	146	124	0	101	Town Girl
npc	aldebaran	143	136	0	89	Bell Keeper
npc	aldeba_in	232	241	0	48	RS125
npc	aldeba_in	223	121	0	63	Threatening-Looking Man
npc	aldeba_in	219	61	0	109	Friendly-Looking Man
npc	aldeba_in	152	47	0	97	Fussy Man
npc	aldeba_in	156	179	0	61	Master
npc	aldeba_in	84	166	0	117	Kafra Service
npc	aldeba_in	83	245	0	116	Kafra Service
npc	aldeba_in	24	245	0	115	Kafra Jasmine
npc	aldeba_in	142	238	0	114	Kafra Service
npc	aldeba_in	91	244	0	112	Kafra Service
npc	aldeba_in	79	161	0	115	Kafra Employee
npc	aldeba_in	88	161	0	115	Kafra Employee
npc	c_tower3	10	249	0	84	Gatekeeper
npc	alde_dun03	264	16	0	101	Gatekeeper
file	npc/cities/amatsu.txt
npc	amatsu	194	79	0	709	Sea Captain
npc	amatsu	230	160	0	757	Well-side Maiden
npc	amatsu	179	107	0	86	John
npc	amatsu	205	163	0	759	Mimi
npc	amatsu	185	115	0	765	Drunken Man
npc	amatsu	217	179	0	760	Grandma
npc	amatsu	287	266	0	766	Jyaburo
npc	amatsu	269	221	0	758	Propose Girl
npc	amatsu	243	202	0	760	Drama Teacher
npc	amatsu	283	203	0	1323	Bonubonu
npc	amatsu	274	178	0	735	Veterinarian
file	npc/cities/ayothaya.txt
npc	ayothaya	152	68	0	843	Aibakthing
npc	ayothaya	189	120	0	843	Young Man
npc	ayothaya	171	152	0	838	Girl
npc	ayothaya	143	102	0	842	Old Man
npc	ayothaya	197	189	0	841	Young Man
npc	ayothaya	214	142	0	843	Young Man
npc	ayothaya	241	264	0	843	Young Man
file	npc/cities/brasilis.txt
npc	brasilis	316	57	0	100	Crewman
npc	brasilis	155	165	0	858	Signpost
npc	brasilis	191	239	0	858	Signpost
npc	brasilis	240	247	0	858	Signpost
npc	brasilis	303	309	0	858	Signpost
npc	brasilis	278	137	0	858	Signpost
npc	brasilis	137	77	0	85	Ice-Cream Maker
file	npc/cities/comodo.txt
npc	cmd_in02	73	81	0	48	Martine
npc	cmd_in02	48	55	0	51	Scoursege
npc	cmd_in02	64	43	0	709	Roberto
npc	cmd_in02	89	72	0	89	Deniroz
npc	cmd_in02	178	92	0	101	Shalone
npc	cmd_in02	178	86	0	98	Stonae
npc	cmd_in02	172	105	0	86	G . J
npc	cmd_in02	174	126	0	83	Loyar
npc	cmd_in02	57	62	0	109	Moo
npc	cmd_fild04	188	74	0	93	Zyosegirl
npc	cmd_fild04	248	86	0	709	Ziyaol
npc	cmd_fild04	267	137	0	703	Daeguro
npc	cmd_fild07	192	58	0	100	Rahasu
npc	cmd_fild07	52	280	0	100	Hallosu
npc	cmd_fild07	299	83	0	100	Zain
npc	cmd_fild07	94	134	0	100	Sarumane
npc	cmd_in02	146	180	0	721	Kafra Employee
npc	moc_fild12	35	303	0	59	Serutero
file	npc/cities/einbech.txt
npc	einbech	172	113	0	855	Nemuk
npc	einbech	197	139	0	855	Young Man
npc	einbech	128	238	0	848	Mogan
npc	einbech	129	234	0	848	Hander
npc	einbech	105	218	0	848	Gushenmu
npc	einbech	39	215	0	852	Train Station Staff
npc	einbech	157	215	0	852	Train Station Manager
npc	einbech	151	168	0	855	Tollaf
npc	einbech	93	139	0	847	Raust
npc	einbech	149	154	0	850	Mjunia
npc	einbech	130	253	0	848	Ekuri
npc	einbech	135	250	0	858	Bulletin Board
npc	einbech	90	214	0	858	Bulletin Board
npc	einbech	158	189	0	858	Bulletin Board
npc	einbech	180	136	0	858	Bulletin Board
npc	einbech	133	114	0	858	Bulletin Board
npc	einbech	77	105	0	858	Bulletin Board
npc	einbech	181	127	0	858	Bulletin Board
npc	ein_in01	279	92	0	854	Tavern Lady
npc	ein_in01	277	95	0	855	Ryan Danger
npc	ein_in01	281	85	0	849	Drunken Man
npc	einbech	46	107	0	846	Shena
npc	einbech	48	107	0	850	Luda
npc	einbech	148	242	0	855	Jung
npc	einbech	148	246	0	851	Franz
file	npc/cities/einbroch.txt
npc	einbroch	218	198	0	855	Mark
npc	einbroch	175	196	0	854	Morei
npc	einbroch	173	229	0	855	Oberu
npc	einbroch	176	172	0	855	Khemko
npc	einbroch	232	272	0	852	Train Station Staff
npc	einbroch	252	301	0	852	Train Station Staff
npc	einbroch	259	326	0	846	Leslie
npc	einbroch	236	191	0	855	Tan
npc	einbroch	228	121	0	855	Little Toby
npc	einbroch	40	116	0	855	Airship Engineer
npc	einbroch	294	312	0	854	Centzu
npc	einbroch	232	255	0	847	Khowropher
npc	einbroch	143	109	0	855	Khetine
npc	einbroch	229	149	0	854	Sleik
npc	airport	174	41	0	99	Young Man
npc	airport	176	41	0	88	Old Man
npc	ein_in01	113	211	0	851	Teinz
npc	ein_in01	48	220	0	851	Lowe
npc	ein_in01	87	237	0	850	Dinje
npc	ein_in01	84	218	0	851	Tsuen
npc	ein_in01	103	239	0	849	Gesin
npc	ein_in01	33	275	0	848	Pevtatin
npc	ein_in01	36	204	0	851	Rombell
npc	ein_in01	64	271	0	855	Vonstein
npc	ein_in01	49	202	0	851	Dorf
npc	ein_in01	68	209	0	852	Khashurantze
npc	ein_in01	85	261	0	851	Zherin
npc	ein_in01	43	252	0	852	Canphotii
npc	einbroch	244	255	0	858	Bulletin Board
npc	einbroch	253	203	0	858	Bulletin Board
npc	einbroch	68	206	0	858	Bulletin Board
npc	einbroch	90	84	0	858	Bulletin Board
npc	einbroch	101	106	0	858	Bulletin Board
npc	einbroch	220	208	0	858	Bulletin Board
npc	einbroch	132	76	0	858	Bulletin Board
npc	einbroch	152	46	0	858	Bulletin Board
npc	einbroch	235	141	0	858	Bulletin Board
npc	einbroch	162	256	0	858	Bulletin Board
npc	einbroch	183	174	0	858	Bulletin Board
npc	einbroch	104	202	0	858	Bulletin Board
npc	ein_in01	31	217	0	851	Cendadt
file	npc/cities/geffen.txt
npc	geffen	59	143	0	91	Meera
npc	geffen	156	190	0	82	Orwalk
npc	geffen_in	164	109	0	64	Wizard Stanza
npc	geffen	147	26	0	97	Ralphie
npc	geffen	111	48	0	101	Stacey
npc	geffen_in	34	170	0	47	Theodore
npc	geffen	146	148	0	99	Suspicious Guy
npc	geffen_in	22	125	0	52	Crumpler
npc	geffen_in	59	61	0	61	Skyler
npc	geffen_in	27	134	0	91	Waitress
npc	geffen_in	70	67	0	90	Waitress
npc	geffen_in	79	76	0	120	Merchant Daven
npc	geffen_in	114	73	0	709	Hadenheim
npc	geffen_in	39	127	0	704	Psychic Advisor
npc	geffen_in	109	72	0	90	Monster Scholar
npc	geffen	203	146	0	97	Citizen
file	npc/cities/gonryun.txt
npc	gon_fild01	255	79	0	776	Kunlun Envoy
npc	gon_fild01	187	239	0	776	Kunlun Envoy
npc	gonryun	153	64	0	776	Kunlun Envoy
npc	gonryun	200	82	0	774	Jian Chung Xun
npc	gonryun	268	88	0	776	Liang Zhun Bu
npc	gonryun	118	111	0	89	Qian Yuen Shuang
npc	gonryun	181	161	0	773	Jing Wen Zhen
npc	gonryun	113	135	0	780	Gatekeeper
npc	gonryun	113	127	0	780	Gatekeeper
npc	gon_in	73	82	0	778	Ji Chung Zhe
npc	gon_in	173	27	0	774	Yu Jiu Xia
npc	gonryun	166	196	0	780	Soldier
npc	gonryun	169	71	0	770	Guidev
file	npc/cities/hugel.txt
npc	hugel	189	143	0	898	Young Man
npc	hugel	126	151	0	90	Emily
npc	hugel	86	165	0	896	Kayplas
npc	hugel	71	197	0	90	Lisa
npc	hugel	169	112	0	892	Old Nikki
npc	hugel	175	115	0	897	Marius
npc	hu_in01	111	386	0	86	Chris
npc	hu_in01	23	311	0	898	Party Supplies Shop
npc	hu_in01	18	94	0	49	A Part-Timer
npc	hu_in01	26	77	0	50	A Part-Timer
file	npc/cities/izlude.txt
npc	izlude_in	125	164	0	65	Aaron
npc	izlu2dun	108	27	0	100	Sailor
file	npc/cities/jawaii.txt
npc	jawaii	239	112	0	100	Mariner
npc	jawaii	122	263	0	100	Mariner
npc	jawaii	188	218	0	80	Tavern Lady
npc	jawaii	220	235	0	724	Jawaii Resident
npc	jawaii	240	146	0	724	Jawaii Resident
npc	jawaii	168	247	0	724	Jawaii Resident
npc	jawaii	165	121	0	724	Jawaii Resident
npc	jawaii	141	200	0	798	Employee
npc	jawaii	108	199	0	74	Employee
npc	jawaii	107	189	0	93	Employee
npc	jawaii	112	173	0	93	Employee
npc	jawaii	214	168	0	71	Honeymoon Helper
npc	jawaii_in	25	94	0	724	Employee
npc	jawaii_in	25	96	0	724	Employee
npc	jawaii_in	25	98	0	724	Employee
npc	jawaii_in	25	100	0	724	Employee
npc	jawaii_in	30	94	0	724	Employee
npc	jawaii_in	30	96	0	724	Employee
npc	jawaii_in	30	98	0	724	Employee
npc	jawaii_in	30	100	0	724	Employee
npc	jawaii_in	15	104	0	80	Waitress
npc	jawaii_in	28	124	0	46	Bartender
npc	jawaii_in	43	115	0	97	Customer
npc	jawaii_in	41	106	0	98	Customer
npc	prt_in	173	13	0	86	Customer
npc	prt_in	170	14	0	89	Customer
file	npc/cities/lighthalzen.txt
npc	lighthalzen	198	285	0	862	Jiwon
npc	lighthalzen	220	244	0	863	Samnang
npc	lighthalzen	261	112	0	862	Ruth
npc	lighthalzen	259	108	0	869	Oyoung
npc	lighthalzen	233	121	0	72	Kariya
npc	lighthalzen	233	82	0	716	Sung
npc	lighthalzen	89	73	0	854	Sameer
npc	lighthalzen	45	59	0	863	Janice
npc	lighthalzen	66	94	0	866	Elmer Keays
npc	lighthalzen	65	94	0	863	Margie Keays
npc	lighthalzen	78	120	0	862	Maivi
npc	lighthalzen	230	182	0	866	Klaubis
npc	lighthalzen	232	156	0	869	Sigmund
npc	lighthalzen	190	134	0	862	Joyce
npc	lighthalzen	191	134	0	869	Dan Song
npc	lighthalzen	115	159	0	866	Collins
npc	lighthalzen	77	157	0	866	Villagomez
npc	lighthalzen	125	68	0	97	Kemp
npc	lighthalzen	138	50	0	847	Mauro
npc	lighthalzen	132	103	0	734	Sefith
npc	lighthalzen	239	64	0	862	Jade
npc	lighthalzen	205	208	0	853	Greedy Looking Man
npc	lhz_in02	34	212	0	91	Maggie
npc	lighthalzen	202	94	0	847	Wallace
npc	lighthalzen	182	102	0	866	Lucius
npc	lighthalzen	147	105	0	869	Laqumet
npc	lhz_in02	242	172	0	868	Hotel Employee
npc	lhz_in02	210	189	0	849	Christopher Michael
npc	lhz_in02	201	181	0	853	Safwat Fahmy
npc	lhz_in02	251	212	0	868	Hotel Employee
npc	lhz_in02	229	217	0	863	Tanoue
npc	lhz_in02	209	277	0	84	Ben Allen
npc	lhz_in02	221	276	0	869	Harp
npc	lhz_in02	238	275	0	869	Hotel Employee
npc	lhz_in02	247	275	0	868	Hotel Employee
npc	lhz_in02	271	281	0	47	Citizen
npc	lhz_in02	277	285	0	61	Bartender
npc	lhz_in02	281	280	0	816	Customer
npc	lhz_in02	287	282	0	853	Customer
npc	lhz_in02	287	273	0	50	Customer
npc	lhz_in02	283	276	0	815	Customer
npc	lighthalzen	123	212	0	700	Merpi
npc	lighthalzen	296	239	0	706	Berru
npc	lighthalzen	297	239	0	818	Pilia
npc	lighthalzen	312	233	0	777	Beggar
npc	lighthalzen	311	194	0	870	Reuben
npc	lighthalzen	306	324	0	870	Shengwen
npc	lhz_in03	26	167	0	850	Shayna
npc	lhz_in01	134	45	0	869	Cenku Dekdam
npc	lighthalzen	330	276	0	79	Nun
npc	lhz_in01	134	38	0	798	Bankri Kun
npc	lhz_in01	139	40	0	53	Enoz
npc	lhz_in01	124	28	0	66	Ellette
npc	lhz_in01	125	40	0	843	Dowbow Ryuei
npc	lhz_in01	125	46	0	849	Leekal
npc	lhz_in01	116	53	0	841	Ninjose
npc	lhz_in01	116	39	0	822	Kejulle Rekenber
npc	lhz_in01	110	40	0	89	Jorjerro
npc	lhz_in01	116	45	0	704	Joshua
npc	lighthalzen	326	249	0	870	Grinnel
npc	lhz_in03	192	19	0	855	Haggar
npc	lhz_in03	193	25	0	61	Bartender
npc	lhz_in03	185	20	0	869	Bad Drunk
npc	lhz_in03	186	29	0	869	Bad Drunk
npc	lhz_in02	265	273	0	865	Lab Staff
npc	lhz_in03	192	93	0	862	City Girl
npc	lhz_in03	189	87	0	869	Drunken Man
npc	lhz_in03	183	82	0	870	Drunken Man
npc	lhz_in03	180	83	0	86	Citizen
npc	lhz_in03	176	85	0	869	Citizen
npc	lhz_in03	184	38	0	55	Loudmouth
npc	lhz_in01	173	28	0	868	Guard
npc	lhz_in01	180	28	0	868	Guard
npc	lhz_in01	72	209	0	862	Guide
npc	lhz_in01	72	195	0	90	Guide
npc	lhz_in01	73	188	0	862	Guide
npc	lhz_in01	35	226	0	867	Rekenber Guard
npc	lhz_in01	23	132	0	867	Rekenber Guard
npc	lhz_in01	217	121	0	851	Repairman
npc	lhz_in01	203	123	0	750	Scientist
npc	lhz_in01	199	137	0	865	Scientist
npc	lhz_in01	46	125	0	867	Rekenber Guard
npc	lhz_in01	24	140	0	868	Regenschirm Guard
npc	lhz_in02	34	41	0	849	Arthur
npc	lhz_in02	28	39	0	703	Helen
npc	lhz_in02	31	34	0	847	Tadem
npc	lhz_in02	31	33	0	863	Gracie
npc	lhz_in02	21	38	0	86	Bank Clerk
npc	lhz_in02	21	25	0	86	Bank Clerk
npc	lhz_in02	34	22	0	755	Bank Clerk
npc	lhz_in02	145	177	0	849	Togii
npc	lhz_in02	159	198	0	85	Healthy Looking Guy
npc	lhz_in02	157	201	0	870	Hinkley
npc	lhz_in02	153	206	0	853	Millette
npc	lhz_in02	147	222	0	85	Officer Guo
npc	lhz_in02	142	222	0	870	Suspect
npc	lhz_in01	14	28	0	109	Banquet Staff
npc	lhz_in01	43	52	0	703	Luccet
npc	lhz_in01	28	33	0	706	Hanccet
npc	lhz_in01	21	50	0	91	Annette
npc	lhz_in01	129	54	0	869	Mereth
npc	lhz_in01	148	45	0	97	Noama
npc	lhz_in01	147	40	0	828	Mazwon
npc	lhz_in01	157	47	0	797	Mareth
npc	lhz_in01	164	45	0	91	Eiya
npc	lhz_in03	100	18	0	81	Rocky
npc	lhz_in03	130	41	0	706	Jay
npc	lhz_in03	129	22	0	850	Housemaid Jane
npc	lhz_in03	124	117	0	74	Housemaid Brenda
npc	lighthalzen	159	222	0	109	Rekenber Employee
npc	lighthalzen	162	304	0	868	Rekenber Guard Drew
npc	lighthalzen	163	306	0	867	Rekenber Guard Tan
npc	lighthalzen	70	227	0	102	Delna
npc	lhz_in02	289	277	0	753	Martial Artist
npc	lighthalzen	107	107	0	869	Kosit
npc	lhz_in03	32	99	0	863	Sopheap
npc	lhz_in03	25	105	0	869	Gopal
npc	lighthalzen	176	65	0	862	Kimmy
npc	lighthalzen	364	282	0	870	Bodger
npc	lhz_in03	239	38	0	849	Avetis
npc	lhz_in02	267	25	0	747	Diana
npc	lhz_in02	267	22	0	91	Shop Assistant
npc	lighthalzen	192	63	0	92	Sergei
npc	lighthalzen	258	223	0	866	Srinivas
npc	lighthalzen	77	203	0	869	Victor Perfecto
npc	lighthalzen	40	107	0	869	Vergil
npc	lhz_in01	144	53	0	98	Jorje
npc	lhz_in01	139	48	0	73	Leimi
npc	lhz_in02	36	274	0	831	Cool Event Staff
npc	lhz_in02	40	280	0	833	Event Planner
npc	lhz_in02	110	286	0	853	Cool Event Manager
npc	lhz_in02	36	284	0	874	Cool Event Staff
npc	lighthalzen	337	296	0	868	Rekenber Employee
npc	lhz_in01	221	131	0	865	Scientist
file	npc/cities/louyang.txt
npc	lou_fild01	190	100	0	815	Girl
npc	louyang	297	167	0	815	Muscular Woman
npc	louyang	274	136	0	819	Powerful-looking guy
npc	louyang	276	136	0	819	Fist master
npc	louyang	276	133	0	819	Trainee
npc	louyang	276	131	0	819	Trainee
npc	louyang	276	129	0	819	Trainee
npc	louyang	274	133	0	819	Trainee
npc	louyang	274	131	0	819	Trainee
npc	louyang	274	129	0	819	Trainee
npc	louyang	278	133	0	819	Trainee
npc	louyang	278	131	0	819	Trainee
npc	louyang	278	129	0	819	Trainee
npc	louyang	272	133	0	819	Trainee
npc	louyang	272	131	0	819	Trainee
npc	louyang	272	129	0	819	Trainee
npc	lou_in01	25	23	0	817	Friendly Looking Lady
file	npc/cities/lutie.txt
npc	xmas_in	100	96	0	718	Santa Claus
npc	xmas_in	167	173	0	711	Duffle
npc	xmas_in	27	103	0	701	Lenient Aunt
npc	xmas	117	304	0	713	Poze
npc	xmas	176	236	0	712	Uncle Hairy
npc	xmas	134	112	0	710	Snowman
npc	xmas	146	136	0	715	Hashokii
npc	xmas	206	168	0	706	Little Boy
npc	xmas	208	168	0	703	Little Girl
file	npc/cities/manuk.txt
npc	manuk	304	195	0	454	Soldier
npc	manuk	274	239	0	455	Soldier
npc	manuk	107	233	0	454	Soldier
npc	manuk	100	100	0	454	Piom
npc	manuk	188	216	0	449	Benknee
npc	manuk	169	260	0	455	Piom
npc	manuk	218	163	0	450	Galtun
npc	manuk	266	199	0	450	Galtun
npc	manuk	225	129	0	449	Benknee
npc	manuk	286	147	0	454	Piom
npc	manuk	183	185	0	454	Piom
npc	manuk	256	143	0	450	Galtun
npc	manuk	245	124	0	455	Piom
npc	man_in01	346	135	0	454	Worker
npc	man_in01	393	134	0	454	Worker
npc	man_in01	377	143	0	454	Worker
npc	man_in01	333	128	0	454	Worker
npc	man_in01	336	128	0	454	Worker
npc	man_in01	283	288	0	454	Worker
npc	manuk	103	354	0	450	Manuk Galtun
npc	manuk	122	354	0	450	Manuk Galtun
npc	manuk	99	334	0	460	Manuk Piom
npc	manuk	103	311	0	455	Manuk Piom
npc	manuk	194	189	0	450	Manuk Galtun
npc	manuk	293	203	0	454	Manuk Piom
npc	manuk	253	173	0	449	Manuk Benknee
npc	manuk	251	180	0	454	Young Villager
npc	man_in01	360	137	0	454	Mechanic
npc	man_in01	68	187	0	454	Worker
npc	man_in01	74	181	0	454	Worker
npc	man_in01	227	280	0	449	Scientist
file	npc/cities/morocc.txt
npc	morocc	150	120	0	707	Soldier - Morocc
npc	morocc	202	244	0	745	Volunteer - Morocc
npc	morocc	88	133	0	748	Volunteer - Morocc
npc	morocc	202	110	0	730	Volunteer - Morocc
npc	morocc	268	287	0	727	Volunteer - Morocc
npc	morocc	37	287	0	79	Volunteer - Morocc
npc	morocc	223	102	0	741	Volunteer - Morocc
npc	morocc	226	102	0	726	Volunteer - Morocc
npc	moc_ruins	123	154	0	99	Young Man
npc	moc_ruins	128	153	0	61	Grampa
npc	moc_ruins	132	144	0	85	Wolf Young Man
npc	moc_ruins	115	144	0	83	Muka Young Man
npc	moc_ruins	109	138	0	99	Diamond Young Man
npc	morocc	54	251	0	89	Young Man
npc	moc_ruins	94	117	0	48	Pale Looking Young Man
npc	moc_ruins	115	82	0	703	Little Girl
npc	moc_ruins	118	82	0	706	Little Boy
npc	moc_ruins	121	116	0	66	Picky Lady
npc	moc_ruins	155	107	0	47	Ant Man
npc	moc_ruins	143	43	0	118	Assassin Boy
npc	moc_ruins	173	141	0	49	Dimitri
npc	moc_ruins	174	120	0	54	Fly Man
npc	moc_ruins	173	70	0	48	Uncle Morocc
npc	moc_fild16	199	212	0	55	Uncle Assassin
npc	moc_fild16	211	254	0	118	Assassin
npc	moc_fild16	195	281	0	707	Assassin Guardian
npc	moc_fild16	204	281	0	707	Assassin Guardian
npc	moc_fild16	207	281	0	707	Assassin Guardian
npc	moc_fild16	216	281	0	707	Assassin Guardian
npc	moc_fild16	200	231	0	707	Assassin Guardian
npc	moc_fild16	211	231	0	707	Assassin Guardian
npc	moc_fild16	200	257	0	707	Assassin Guardian
npc	moc_fild16	211	257	0	707	Assassin Guardian
file	npc/cities/moscovia.txt
npc	moscovia	166	53	0	960	Moscovia P.R. Officer
npc	moscovia	253	166	0	966	Soldier
npc	mosk_in	118	66	0	966	Soldier
npc	mosk_in	133	110	0	966	Soldier
npc	mosk_in	133	73	0	966	Soldier
npc	mosk_in	113	124	0	966	Soldier
file	npc/cities/niflheim.txt
npc	niflheim	52	147	0	796	Keedz
npc	niflheim	195	211	0	796	Gigantia
npc	nif_in	16	27	0	800	Undead Chicken
npc	nif_in	16	30	0	799	Undead Familiar
npc	nif_in	156	93	0	793	Child
npc	niflheim	350	258	0	802	Cursed Spirit
file	npc/cities/payon.txt
npc	payon	246	154	0	90	Lady
npc	payon	134	211	0	59	Young Man
npc	payon	173	82	0	88	Young Man
npc	payon	158	246	0	708	Guardsman
npc	payon	249	156	0	66	Woman
npc	payon	246	158	0	66	Woman
npc	payon	210	110	0	120	Drunkard
npc	payon	132	235	0	98	Monster Scholar
npc	payon_in01	180	7	0	90	Waitress
npc	payon_in03	96	116	0	708	Chief Guardsman
npc	payon_in01	66	64	0	88	Archer Zakk
npc	payon_in01	47	59	0	88	Archer Wolt
npc	payon_in03	99	190	0	107	Chief
npc	payon_in03	102	185	0	708	Guard
npc	pay_arche	77	131	0	88	Archer Joe
file	npc/cities/prontera.txt
npc	prontera	223	99	0	105	Guard
npc	prontera	229	104	0	105	Guard
npc	prontera	47	339	0	105	Guard
npc	prontera	101	288	0	98	Shuger
npc	prontera	54	240	0	97	Tono
npc	prontera	106	116	0	91	Merideth
npc	prontera	160	133	0	102	YuPi
npc	prontera	149	202	0	700	YuNa
npc	prontera	216	70	0	48	Strife
npc	prontera	78	150	0	90	Dairenne
npc	prt_in	175	50	0	71	Library Girl
npc	prt_in	47	141	0	56	An Old Man
npc	prt_in	26	31	0	54	An Old Man
npc	prt_in	180	20	0	61	Bartender
npc	prt_in	173	24	0	85	Shevild
npc	prt_in	177	20	0	97	TenSue
npc	prt_in	177	18	0	80	Marvin
npc	prt_in	284	168	0	55	Ginedin Rephere
npc	prt_church	103	76	0	67	Garnet
npc	prt_church	103	71	0	120	Henson
npc	prt_maze02	100	69	0	105	Soldier
npc	prt_maze02	110	69	0	105	Soldier
file	npc/cities/rachel.txt
npc	ice_dun04	33	166	0	925	Frozen Boy
npc	rachel	124	132	0	921	Citizen
npc	rachel	74	150	0	914	Girl
npc	rachel	144	243	0	934	Cheshrumnir Guard
npc	rachel	155	243	0	934	Cheshrumnir Guard
npc	rachel	209	198	0	921	Kinos
npc	rachel	260	175	0	914	Anku
npc	rachel	272	141	0	921	Himuhimu
npc	rachel	268	120	0	934	Rachel Guard
npc	rachel	125	33	0	934	Rachel Guard
npc	rachel	31	130	0	934	Rachel Guard
npc	rachel	76	77	0	927	Rachel Priest
npc	ra_fild12	45	230	0	934	Airship Guide
npc	rachel	201	174	0	926	Freya's Follower
npc	rachel	206	30	0	920	Freya's Priest
npc	rachel	197	137	0	51	Bard
npc	ra_temple	148	91	0	916	Follower Akarna
npc	ra_temple	115	148	0	916	Follower Yakum
npc	ra_temin	287	88	0	926	Follower Lekua
npc	ra_temin	228	303	0	926	Freya's Follower
npc	ra_temin	230	303	0	926	Freya's Follower
npc	ra_temin	138	64	0	921	Child Follower
npc	ra_fild12	283	208	0	914	Apprentice Priestess
npc	rachel	127	117	0	914	Child Follower
npc	ra_temple	167	155	0	914	Child Follower
npc	ra_temple	179	161	0	921	Child Follower
npc	ra_temple	77	114	0	921	Child Follower
npc	ra_temple	172	113	0	921	Child Follower
npc	airplane	238	54	0	88	Adventurer
file	npc/cities/splendide.txt
npc	splendide	218	193	0	441	Fairy
npc	splendide	180	223	0	440	Fairy
npc	splendide	125	227	0	444	Fairy
npc	splendide	159	164	0	461	Fairy
npc	splendide	229	54	0	439	Fairy
npc	splendide	89	235	0	446	Fairy
npc	splendide	245	243	0	462	Fairy
npc	splendide	230	142	0	439	Fairy
npc	splendide	274	203	0	444	Fairy
npc	splendide	275	141	0	447	Fairy
npc	splendide	224	230	0	440	Fairy
npc	splendide	223	36	0	462	Fairy
npc	splendide	305	129	0	436	Fairy
npc	splendide	142	315	0	462	Fairy
npc	splendide	181	107	0	462	Fairy
npc	splendide	188	76	0	461	Splendide Soldier
npc	splendide	201	76	0	461	Splendide Soldier
npc	splendide	207	97	0	443	Middle-Ranked Laphine
npc	splendide	210	95	0	442	Middle-Ranked Laphine
npc	spl_in01	190	314	0	461	Security Officer
npc	spl_in01	281	329	0	447	Splendide Guard
npc	spl_in01	172	225	0	51	Wandering Poet
npc	spl_in01	182	213	0	438	Resting Laphine
npc	spl_in01	181	218	0	446	Resting Laphine
npc	spl_in01	161	213	0	447	Dining Laphine
npc	spl_in01	162	202	0	436	Laphine taking notes
npc	spl_in01	167	207	0	445	Silent Laphine
npc	spl_in01	180	201	0	461	Laphine Soldier
npc	spl_in01	189	207	0	439	Laphine Staff
npc	spl_in01	154	207	0	440	Laphine Staff
npc	spl_in01	122	314	0	461	High-Ranked Soldier
npc	spl_in01	122	311	0	447	Laphine Soldier
npc	splendide	121	259	0	436	Fairy
npc	splendide	163	264	0	438	Fairy
file	npc/cities/umbala.txt
npc	comodo	170	137	0	84	La Ed
npc	comodo	171	137	0	92	Haith
npc	cmd_in01	175	120	0	69	Iriya
npc	cmd_in01	164	115	0	731	Niels
npc	umbala	70	106	0	781	Utan Kid
npc	umbala	59	243	0	787	Utan Kid
npc	umbala	177	153	0	97	Pasto
npc	umbala	80	146	0	753	Yuwooki
npc	umbala	140	157	0	785	Utan Man
npc	umbala	146	157	0	786	Utan Man
npc	umbala	149	165	0	781	Utan Kid
npc	umbala	92	159	0	785	Bertan
npc	umbala	194	104	0	787	Utan Kid
npc	umbala	193	208	0	789	Utan Man
npc	umbala	139	205	0	785	Utan Man
npc	um_in	158	71	0	787	Utan villager
file	npc/cities/veins.txt
npc	veins	162	34	0	943	Towner
npc	veins	148	41	0	940	Towner
npc	veins	137	179	0	943	Towner
npc	veins	166	91	0	946	Towner
npc	veins	138	71	0	941	Kid
npc	veins	253	133	0	944	Kid
npc	veins	270	164	0	945	Old Man
npc	veins	310	195	0	946	Towner
npc	veins	320	254	0	943	Towner
npc	veins	333	318	0	940	Towner
npc	veins	218	323	0	945	Towner
npc	veins	206	275	0	941	Kid
npc	veins	171	256	0	943	Towner
npc	veins	197	219	0	943	Towner
npc	veins	232	169	0	942	Old lady
npc	veins	121	199	0	945	Old Man
npc	veins	111	50	0	943	Towner
npc	veins	112	51	0	940	Towner
npc	veins	191	134	0	945	Old Man
npc	veins	177	147	0	942	Old Lady
npc	veins	223	165	0	944	Kid
npc	veins	263	153	0	943	Towner
npc	veins	296	184	0	940	Towner
npc	veins	291	205	0	944	Kid
npc	veins	291	259	0	945	Old Man
npc	veins	291	284	0	942	Old Lady
npc	veins	248	301	0	944	Kid
npc	veins	161	63	0	945	Old Man
npc	veins	157	123	0	946	Towner
npc	ve_in	119	386	0	946	Prisoner
npc	ve_in	111	379	0	946	Ward
npc	ve_in	126	378	0	946	Ward
npc	ve_in	101	314	0	943	Towner
npc	ve_in	90	298	0	849	Towner
npc	ve_in	361	243	0	849	Towner
npc	ve_in	242	124	0	849	Towner
npc	ve_in	180	232	0	946	Towner
npc	ve_in	163	212	0	940	Towner
npc	ve_in	190	215	0	946	Towner
npc	ve_in	318	121	0	943	Towner
npc	ve_in	222	125	0	943	Towner
npc	ve_in	222	122	0	940	Towner
npc	ve_in	232	135	0	946	Towner
npc	ve_in	239	135	0	946	Towner
npc	ve_in	232	124	0	943	Towner
npc	ve_in	234	105	0	946	Towner
file	npc/cities/yuno.txt
npc	yuno	184	173	0	729	Freidrich
npc	yuno	337	227	0	103	Juno Granny
npc	yuno	328	239	0	732	Juno Fighter
npc	yuno	343	68	0	730	Juno Despot
npc	yuno	165	111	0	123	Juno Sage
npc	yuno	157	205	0	54	Juno Artisan
npc	yuno	142	183	0	100	Airship Representative
file	npc/custom/battleground/bg_emp.txt
npc	prontera	155	182	0	733	Red Team
npc	prontera	158	182	0	734	Blue Team
file	npc/custom/battleground/bg_pvp.txt
npc	prontera	152	178	0	733	Red Team
npc	prontera	154	178	0	734	Blue Team
file	npc/custom/breeder.txt
npc	prontera	124	201	0	726	Universal Rental NPC
file	npc/custom/card_remover.txt
npc	prt_in	28	73	0	78	Wise Old Woman
file	npc/custom/card_seller.txt
npc	prontera	155	177	0	100	Card Seller
file	npc/custom/etc/airplane.txt
npc	airport	153	43	0	774	Airport Porter
npc	prt_fild08	206	279	0	774	Porter
npc	gef_fild00	50	364	0	774	Porter
npc	moc_fild10	163	173	0	774	Porter
npc	mjolnir_12	61	380	0	774	Porter
npc	pay_fild08	159	91	0	774	Porter
npc	pay_fild03	194	181	0	774	Porter
npc	glast_01	196	326	0	774	Porter
npc	umbala	188	98	0	774	Porter
npc	comodo	203	75	0	774	Porter
npc	amatsu	115	78	0	774	Porter
npc	niflheim	132	242	0	774	Porter
npc	xmas	232	309	0	774	Porter
npc	louyang	35	279	0	774	Porter
npc	gonryun	82	95	0	774	Porter
npc	yuno	58	195	0	774	Porter
npc	moc_fild04	210	326	0	774	Porter
npc	jawaii	247	174	0	774	Porter
npc	gef_fild10	159	95	0	774	Porter
npc	mjolnir_02	76	364	0	774	Porter
npc	gefenia01	97	22	0	774	Porter
npc	ayothaya	182	105	0	774	Porter
npc	lighthalzen	99	241	0	774	Porter
npc	jupe_gate	46	18	0	774	Porter
npc	airport	141	43	0	837	Itinerary Schedule
npc	airplane	102	68	0	852	Docker
file	npc/custom/etc/bank.txt
npc	prontera	132	217	0	109	Banker
file	npc/custom/etc/bank_kafra.txt
npc	prontera	131	190	0	833	Bank Clerk
npc	geffen	125	73	0	833	Bank Clerk
npc	izlude	145	107	0	833	Bank Clerk
npc	morocc	147	84	0	833	Bank Clerk
file	npc/custom/etc/blackjack.txt
npc	cmd_in02	188	89	0	57	Black Jack Dealer
file	npc/custom/etc/lottery.txt
npc	prontera	141	182	0	76	Lottery
file	npc/custom/etc/marriage.txt
npc	prt_church	100	123	0	60	Vomars
npc	prt_church	106	99	0	67	Happy Marry
npc	prt_church	94	99	0	79	Sister Lisa
file	npc/custom/etc/monster_arena.txt
npc	prontera	158	193	0	702	Monster Arena
npc	gon_test	56	91	0	61	Referee
npc	gon_test	58	94	0	86	Usher
npc	gon_test	52	103	0	87	Monster Trainer
npc	gon_test	55	103	0	90	Nurse
npc	gon_test	58	103	0	92	Duel Master
npc	gon_test	42	8	0	92	Duel Master
npc	gon_test	55	8	0	61	Referee
file	npc/custom/etc/morroc_raceway.txt
npc	morocc	166	105	0	116	Race Girl
npc	pvp_y_1-5	169	265	0	116	Race Girl
npc	pvp_y_1-5	145	269	0	733	Starter
npc	pvp_y_1-5	144	267	0	722	Check Point 1
npc	pvp_y_1-5	144	257	0	722	Check Point 1
npc	pvp_y_1-5	70	252	0	722	Check Point 2
npc	pvp_y_1-5	77	243	0	722	Check Point 2
npc	pvp_y_1-5	81	48	0	722	Check Point 3
npc	pvp_y_1-5	72	40	0	722	Check Point 3
npc	pvp_y_1-5	244	65	0	722	Check Point 4
npc	pvp_y_1-5	252	57	0	722	Check Point 4
npc	pvp_y_1-5	259	260	0	722	Check Point 5
npc	pvp_y_1-5	251	252	0	722	Check Point 5
npc	pvp_y_1-5	174	249	0	722	Finish Line
npc	pvp_y_1-5	174	238	0	722	Finish Line
file	npc/custom/etc/mvp_arena.txt
npc	prontera	154	197	0	768	MVP Warper
npc	quiz_00	49	31	0	778	MVP Arena Guide
npc	quiz_00	56	31	0	770	Alpha MVP
npc	quiz_00	58	31	0	773	Beta MVP
npc	quiz_00	60	31	0	774	Theta MVP
npc	quiz_00	62	31	0	776	Epsilon MVP
npc	pvp_n_1-2	100	100	0	727	MVP-Protector
npc	pvp_n_2-2	100	100	0	727	MVP-Protector
npc	pvp_n_3-2	100	100	0	727	MVP-Protector
npc	pvp_n_4-2	100	100	0	727	MVP-Protector
npc	pvp_n_5-2	100	100	0	727	MVP-Protector
npc	pvp_n_6-2	100	100	0	727	MVP-Protector
npc	pvp_n_7-2	100	100	0	727	MVP-Protector
npc	pvp_n_8-2	100	100	0	727	MVP-Protector
npc	pvp_n_1-3	100	100	0	727	MVP-Protector
npc	pvp_n_2-3	100	100	0	727	MVP-Protector
npc	pvp_n_3-3	100	100	0	727	MVP-Protector
npc	pvp_n_4-3	100	100	0	727	MVP-Protector
npc	pvp_n_5-3	100	100	0	727	MVP-Protector
npc	pvp_n_6-3	100	100	0	727	MVP-Protector
npc	pvp_n_7-3	100	100	0	727	MVP-Protector
npc	pvp_n_8-3	100	100	0	727	MVP-Protector
npc	pvp_n_1-4	100	100	0	727	MVP-Protector
npc	pvp_n_2-4	100	100	0	727	MVP-Protector
npc	pvp_n_3-4	100	100	0	727	MVP-Protector
npc	pvp_n_4-4	100	100	0	727	MVP-Protector
npc	pvp_n_5-4	100	100	0	727	MVP-Protector
npc	pvp_n_6-4	100	100	0	727	MVP-Protector
npc	pvp_n_7-4	100	100	0	727	MVP-Protector
npc	pvp_n_8-4	100	100	0	727	MVP-Protector
npc	pvp_n_1-5	100	100	0	727	MVP-Protector
npc	pvp_n_2-5	100	100	0	727	MVP-Protector
npc	pvp_n_3-5	100	100	0	727	MVP-Protector
npc	pvp_n_4-5	100	100	0	727	MVP-Protector
npc	pvp_n_5-5	100	100	0	727	MVP-Protector
npc	pvp_n_6-5	100	100	0	727	MVP-Protector
npc	pvp_n_7-5	100	100	0	727	MVP-Protector
npc	pvp_n_8-5	100	100	0	727	MVP-Protector
file	npc/custom/etc/mvp_room.txt
npc	prontera	148	174	0	100	Private MVP Room
npc	06guild_01	49	49	0	116	MVP Summoner
npc	06guild_02	49	49	0	116	MVP Summoner
npc	06guild_03	49	49	0	116	MVP Summoner
npc	06guild_04	49	49	0	116	MVP Summoner
npc	06guild_05	49	49	0	116	MVP Summoner
npc	06guild_06	49	49	0	116	MVP Summoner
npc	06guild_07	49	49	0	116	MVP Summoner
npc	06guild_08	49	49	0	116	MVP Summoner
file	npc/custom/etc/penal_servitude.txt
npc	sec_pri	36	58	0	105	Chief Warder
npc	sec_in02	137	57	0	708	Overseer
file	npc/custom/etc/quest_warper.txt
npc	alb2trea	73	101	0	113	Warpra
npc	ama_fild01	178	325	0	113	Warpra
npc	gef_fild10	71	339	0	113	Warpra
npc	izlu2dun	104	82	0	113	Warpra
npc	mjolnir_02	85	363	0	113	Warpra
npc	moc_fild04	207	331	0	113	Warpra
npc	moc_fild19	106	97	0	113	Warpra
npc	moc_ruins	64	166	0	113	Warpra
npc	niflheim	197	192	0	113	Warpra
npc	pay_arche	39	135	0	113	Warpra
npc	prt_fild05	273	215	0	113	Warpra
npc	tur_dun01	148	239	0	113	Warpra
npc	valkyrie	48	35	0	113	Warpra
npc	yuno_fild03	37	135	0	113	Warpra
npc	alberta	32	240	0	113	Warpra
npc	aldebaran	146	118	0	113	Warpra
npc	ayothaya	216	171	0	113	Warpra
npc	amatsu	193	81	0	113	Warpra
npc	comodo	195	158	0	113	Warpra
npc	einbroch	229	196	0	113	Warpra
npc	einbech	173	131	0	113	Warpra
npc	geffen	116	66	0	113	Warpra
npc	gonryun	152	130	0	113	Warpra
npc	hugel	90	127	0	113	Warpra
npc	jawaii	107	182	0	113	Warpra
npc	izlude	132	116	0	113	Warpra
npc	lighthalzen	153	100	0	113	Warpra
npc	louyang	211	106	0	113	Warpra
npc	morocc	157	95	0	113	Warpra
npc	nif_fild01	319	77	0	113	Warpra
npc	payon	183	110	0	113	Warpra
npc	prontera	147	172	0	113	Warpra
npc	umbala	133	130	0	113	Warpra
npc	xmas	151	136	0	113	Warpra
npc	yuno	138	162	0	113	Warpra
npc	brasilis	201	222	0	113	Warpra
npc	dicastes01	194	194	0	113	Warpra
npc	manuk	262	177	0	113	Warpra
npc	mora	110	100	0	113	Warpra
npc	moscovia	216	196	0	113	Warpra
npc	rachel	135	116	0	113	Warpra
npc	splendide	205	153	0	113	Warpra
npc	veins	214	123	0	113	Warpra
npc	dewata	194	178	0	113	Warpra
npc	eclage	107	37	0	113	Warpra
npc	abyss_02	274	266	0	112	Warpra Helper
npc	ama_dun02	192	118	0	112	Warpra Helper
npc	anthell02	170	165	0	112	Warpra Helper
npc	ayo_dun02	258	193	0	112	Warpra Helper
npc	ein_dun02	292	282	0	112	Warpra Helper
npc	iz_dun03	202	47	0	112	Warpra Helper
npc	c_tower3	129	106	0	112	Warpra Helper
npc	mjo_dun02	39	25	0	112	Warpra Helper
npc	prt_sewb2	176	30	0	112	Warpra Helper
npc	gefenia03	137	34	0	112	Warpra Helper
npc	gef_dun02	218	61	0	112	Warpra Helper
npc	glast_01	371	308	0	112	Warpra Helper
npc	gon_dun01	167	273	0	112	Warpra Helper
npc	juperos_02	127	154	0	112	Warpra Helper
npc	kh_dun01	14	224	0	112	Warpra Helper
npc	lhz_dun02	156	151	0	112	Warpra Helper
npc	lou_dun02	168	264	0	112	Warpra Helper
npc	mag_dun02	46	41	0	112	Warpra Helper
npc	odin_tem01	115	148	0	112	Warpra Helper
npc	orcsdun01	185	11	0	112	Warpra Helper
npc	pay_dun03	162	143	0	112	Warpra Helper
npc	moc_pryd02	101	95	0	112	Warpra Helper
npc	in_sphinx2	274	268	0	112	Warpra Helper
npc	tha_t07	111	162	0	112	Warpra Helper
npc	treasure02	104	40	0	112	Warpra Helper
npc	xmas_dun02	124	131	0	112	Warpra Helper
npc	um_dun02	44	28	0	112	Warpra Helper
npc	tur_dun02	162	23	0	112	Warpra Helper
npc	prt_maze02	102	69	0	112	Warpra Helper
file	npc/custom/etc/rpsroulette.txt
npc	cmd_in02	182	126	0	85	Crazy Boris
file	npc/custom/etc/shifty_assassin.txt
npc	morocc	148	86	0	725	Shifty Assassin
file	npc/custom/etc/stock_market.txt
npc	prontera	140	181	0	109	Stock Market
file	npc/custom/events/cluckers.txt
npc	prontera	156	219	0	800	Cluckers
file	npc/custom/events/devil_square.txt
npc	prontera	156	185	0	406	Devil Square Guardian
npc	ordeal_1-1	246	245	0	406	Devil Square Guardian
file	npc/custom/events/disguise.txt
npc	prontera	160	155	0	795	Disguise Event
file	npc/custom/events/holiday/hallow06.txt
npc	prontera	151	190	0	807	Hallows' Eve Event
file	npc/custom/events/holiday/uneasy_cemetery.txt
npc	prontera	257	313	0	79	Mother Mathana
file	npc/custom/events/holiday/valentinesdayexp.txt
npc	prontera	156	172	0	58	Tine
npc	alberta	26	243	0	58	Stephen
npc	alberta	29	243	0	53	Jainie
npc	prt_castle	54	34	0	47	Carl Orleans
file	npc/custom/events/holiday/xmas_rings_event.txt
npc	prontera	156	174	0	713	Snower
npc	louyang	224	249	0	717	Sneewy
npc	izlu2dun	133	160	0	714	Snoowy
file	npc/custom/events/mushroom_event.txt
npc	prontera	142	228	0	1084	Find the Mushroom
file	npc/custom/events/mvp_ladder.txt
npc	prontera	164	171	0	56	MvP Ladder Warper
file	npc/custom/healer.txt
npc	alberta	25	240	0	909	Healer
npc	aldebaran	135	118	0	909	Healer
npc	amatsu	200	79	0	909	Healer
npc	ayothaya	207	169	0	909	Healer
npc	comodo	184	158	0	909	Healer
npc	einbech	57	36	0	909	Healer
npc	einbroch	57	202	0	909	Healer
npc	geffen	115	72	0	909	Healer
npc	gonryun	156	122	0	909	Healer
npc	hugel	89	150	0	909	Healer
npc	izlude	121	150	0	909	Healer
npc	jawaii	250	139	0	909	Healer
npc	lighthalzen	152	100	0	909	Healer
npc	louyang	226	103	0	909	Healer
npc	manuk	272	144	0	909	Healer
npc	mid_camp	203	289	0	909	Healer
npc	moc_ruins	72	164	0	909	Healer
npc	morocc	153	97	0	909	Healer
npc	moscovia	220	191	0	909	Healer
npc	niflheim	212	182	0	909	Healer
npc	payon	179	106	0	909	Healer
npc	prontera	162	193	0	909	Healer
npc	rachel	125	116	0	909	Healer
npc	splendide	201	153	0	909	Healer
npc	thor_camp	249	74	0	909	Healer
npc	umbala	105	148	0	909	Healer
npc	veins	217	121	0	909	Healer
npc	xmas	143	136	0	909	Healer
npc	yuno	164	45	0	909	Healer
npc	brasilis	194	221	0	909	Healer
npc	dewata	195	187	0	909	Healer
npc	dicastes01	201	194	0	909	Healer
npc	ecl_in01	45	60	0	909	Healer
npc	malangdo	132	114	0	909	Healer
npc	malaya	227	204	0	909	Healer
npc	mora	55	152	0	909	Healer
file	npc/custom/item_signer.txt
npc	prt_in	24	61	0	47	Perchik
file	npc/custom/itemmall.txt
npc	prontera	147	240	1	99	Armor
npc	prontera	147	242	1	99	Shield
npc	prontera	147	244	1	99	Footgear
npc	prontera	147	246	1	99	Mace
npc	prontera	147	248	1	494	Knuckle
npc	prontera	147	250	1	494	Whips
npc	prontera	147	252	1	494	Instruments
npc	prontera	147	254	1	494	Books
npc	prontera	147	256	1	497	Guns
npc	prontera	147	258	1	497	Fuuma Shuriken
npc	prontera	147	260	1	497	One-Handed Swords
npc	prontera	147	262	1	497	Two-Handed Swords
npc	prontera	147	264	1	731	Spears
npc	prontera	147	238	1	731	Dagger
npc	prontera	164	264	1	731	Axes
npc	prontera	164	262	1	731	Accessories
npc	prontera	164	260	1	731	Bows
npc	prontera	164	258	1	731	Staffs / Rods
npc	prontera	164	256	1	405	Garments
npc	prontera	164	254	1	405	Katars
npc	prontera	164	252	1	405	Lower Headgear
npc	prontera	164	250	1	405	Middle Headgear
npc	prontera	164	248	1	405	Upper Headgear
npc	prontera	164	246	1	832	Headgear 01
npc	prontera	164	244	1	832	Headgear 02
npc	prontera	164	242	1	832	Headgear 03
npc	prontera	164	240	1	832	Headgear 04
npc	prontera	164	238	1	832	Headgear 05
npc	prontera	151	284	1	880	Ammunition
npc	prontera	153	284	1	880	Alchemist Dealer
npc	prontera	155	284	1	880	Street Dealer
npc	prontera	157	284	1	895	Sheepy Gonzales
file	npc/custom/jobmaster.txt
npc	prontera	153	193	0	123	Job Master
file	npc/custom/official/GeffenMagicTournament.txt
npc	dali	100	147	0	10007	Dimensional Device
npc	dali	98	141	0	903	Emmitt White
file	npc/custom/platinum_skills.txt
npc	prontera	128	200	0	94	Platinum Skill NPC
file	npc/custom/population/arena.txt
npc	morocc	144	101	0	632	Arena Manager
file	npc/custom/population/recruiter.txt
npc	alberta	27	240	0	733	Companion Recruiter
npc	aldebaran	137	118	0	733	Companion Recruiter
npc	amatsu	202	79	0	733	Companion Recruiter
npc	comodo	186	158	0	733	Companion Recruiter
npc	einbroch	59	202	0	733	Companion Recruiter
npc	geffen	117	72	0	733	Companion Recruiter
npc	hugel	91	150	0	733	Companion Recruiter
npc	izlude	123	150	0	733	Companion Recruiter
npc	lighthalzen	154	100	0	733	Companion Recruiter
npc	morocc	155	97	0	733	Companion Recruiter
npc	payon	181	106	0	733	Companion Recruiter
npc	prontera	164	193	0	733	Companion Recruiter
npc	rachel	127	116	0	733	Companion Recruiter
npc	umbala	107	148	0	733	Companion Recruiter
npc	veins	219	121	0	733	Companion Recruiter
npc	yuno	166	45	0	733	Companion Recruiter
file	npc/custom/quests/bandit_beard.txt
npc	umbala	126	129	0	120	Bearded Man
npc	izlude_in	123	175	0	50	Master Tailor
npc	aldeba_in	70	179	0	113	Kafra Clerk
npc	alberta	65	123	0	85	Man
file	npc/custom/quests/berzebub.txt
npc	prontera	165	178	0	103	Old Woman
file	npc/custom/quests/dead_branch.txt
npc	niflheim	204	179	0	121	Mister Mobry
file	npc/custom/quests/elvenear.txt
npc	geffen	127	49	0	84	Elven Ears Quest
file	npc/custom/quests/event_6_new_hats.txt
npc	prt_in	130	66	0	704	Zac
npc	prt_in	162	131	0	732	Blac
npc	prt_in	53	56	0	107	Jac
npc	prt_in	45	113	0	705	Pac
file	npc/custom/quests/hunting_missions.txt
npc	prontera	152	187	0	951	Hunting Missions
file	npc/custom/quests/jewel_case.txt
npc	lighthalzen	108	229	0	766	La Fenn
file	npc/custom/quests/kaho_balmung.txt
npc	prontera	158	356	0	105	Royal Messenger
file	npc/custom/quests/kahohorn.txt
npc	geffen	115	107	0	61	Lord Kaho's Servant
file	npc/custom/quests/kings_items.txt
npc	prt_castle	80	170	0	108	King of Prontera
npc	prt_castle	84	170	0	62	King's Daughter
file	npc/custom/quests/may_hats.txt
npc	gonryun	187	140	0	850	Yakima
file	npc/custom/quests/quest_shop.txt
npc	prontera	164	203	0	998	Quest Shop
file	npc/custom/quests/questboard.txt
npc	prontera	129	215	0	857	Questboard
file	npc/custom/quests/sphinx_mask.txt
npc	morocc	208	90	0	58	Turban Thief
file	npc/custom/quests/sunglasses.txt
npc	alberta	88	193	0	73	Sunglasses Trader
npc	moc_fild07	334	186	0	702	Maseph
file	npc/custom/quests/thq/THQS_ChattingNPC.txt
npc	yuno	48	101	0	722	Notice
npc	yuno_in01	32	178	0	94	Ahlma
npc	yuno_in01	33	162	0	92	Smile Helper
npc	yuno_in01	22	162	0	725	Female Assasin
npc	yuno_in01	25	162	0	123	Female Wizard
file	npc/custom/quests/thq/THQS_GuildNPC.txt
npc	yuno_in01	124	164	0	108	Guild Leader
file	npc/custom/quests/thq/THQS_QuestNPC.txt
npc	yuno_in01	112	151	0	62	Quest Manager
file	npc/custom/quests/thq/THQS_Quests.txt
npc	mjolnir_09	187	189	0	107	Old Man
npc	pay_arche	86	129	0	732	Archer
npc	prt_fild06	37	192	0	125	Farmer
npc	prontera	264	353	0	103	Old Lady
npc	morocc	59	109	0	700	Erika
npc	in_moc_16	15	30	0	730	Jeramiah
npc	prt_fild07	316	263	0	84	Marsh Man
npc	payon	161	72	0	714	Molly
npc	moc_fild04	208	322	0	65	Clark
npc	yuno_fild01	186	162	0	73	Flank
npc	prt_sewb1	120	245	0	705	Sewer Management Knight
npc	mjolnir_02	87	357	0	51	Man
npc	pay_arche	45	138	0	724	Flora
npc	yuno	45	138	0	735	Zed
npc	prontera	176	204	0	95	Dassy
npc	prt_gld	157	99	0	752	Czhore
npc	prt_maze01	18	184	0	752	Lithin
npc	moc_ruins	75	167	0	87	Lithin
npc	geffen	57	130	0	724	Blond Girl
npc	gef_tower	49	27	0	735	Wizard
npc	moc_prydb1	47	132	0	48	Thief
npc	xmas	144	136	0	48	Chirach
npc	gef_tower	52	87	0	735	Wizard
npc	prontera	123	208	0	717	Little Girl
npc	alberta	101	84	0	48	Charles
npc	alb2trea	94	102	0	725	Scarlet
npc	morocc	165	55	0	48	Klye
npc	prt_maze02	103	86	0	751	Zack
npc	payon	136	129	0	703	Flower
npc	geffen_in	168	124	0	48	Mage
npc	pay_arche	98	74	0	703	School Girl
npc	payon_in02	19	33	0	740	Jack
npc	morocc	193	51	0	48	Kreg
npc	pay_fild10	145	252	0	122	Man
npc	cmd_fild08	328	349	0	119	Caral
npc	moc_fild15	250	251	0	727	Jeni
file	npc/custom/quests/thq/THQS_TTShop.txt
npc	prt_in	164	174	0	65	Treasure Hunter's Shop
file	npc/custom/quests/umbalian_language.txt
npc	prontera	145	290	0	742	Mason
npc	aldebaran	153	212	0	740	Mojo
npc	amatsu	267	189	0	744	Marie
npc	yuno	157	366	0	743	Wise Man Fabius
file	npc/custom/quests/valhallen.txt
npc	prontera	147	171	0	811	Lenneth
file	npc/custom/resetnpc.txt
npc	prontera	150	193	0	124	Reset Girl
file	npc/custom/stylist.txt
npc	prontera	170	180	0	122	Stylist
file	npc/custom/warper.txt
npc	alb2trea	57	70	0	811	Warper
npc	alberta	28	240	0	811	Warper
npc	aldebaran	145	118	0	811	Warper
npc	amatsu	203	87	0	811	Warper
npc	ayothaya	209	169	0	811	Warper
npc	comodo	194	158	0	811	Warper
npc	einbech	59	38	0	811	Warper
npc	einbroch	69	202	0	811	Warper
npc	gef_fild10	71	339	0	811	Warper
npc	geffen	124	72	0	811	Warper
npc	glast_01	372	308	0	811	Warper
npc	gonryun	162	122	0	811	Warper
npc	hugel	101	151	0	811	Warper
npc	izlu2dun	110	92	0	811	Warper
npc	izlude	134	150	0	811	Warper
npc	jawaii	253	138	0	811	Warper
npc	lighthalzen	162	102	0	811	Warper
npc	louyang	208	103	0	811	Warper
npc	manuk	274	146	0	811	Warper
npc	mid_camp	216	288	0	811	Warper
npc	mjolnir_02	85	364	0	811	Warper
npc	moc_ruins	64	164	0	811	Warper
npc	morocc	159	97	0	811	Warper
npc	moscovia	229	191	0	811	Warper
npc	nameless_n	259	213	0	811	Warper
npc	niflheim	205	179	0	811	Warper
npc	pay_arche	42	134	0	811	Warper
npc	payon	182	108	0	811	Warper
npc	prontera	159	192	0	811	Warper
npc	prt_fild05	279	223	0	811	Warper
npc	rachel	135	116	0	811	Warper
npc	splendide	205	153	0	811	Warper
npc	thor_camp	249	76	0	811	Warper
npc	umbala	106	150	0	811	Warper
npc	veins	214	123	0	811	Warper
npc	xmas	150	136	0	811	Warper
npc	yuno	162	47	0	811	Warper
npc	brasilis	201	222	0	811	Warper
npc	dewata	204	186	0	811	Warper
npc	dicastes01	194	194	0	811	Warper
npc	ecl_in01	51	60	0	811	Warper
npc	lasagna	196	187	0	811	Warper
npc	malangdo	134	117	0	811	Warper
npc	malaya	231	204	0	811	Warper
npc	mora	57	152	0	811	Warper
file	npc/custom/woe_controller.txt
npc	prontera	149	193	0	835	WOE Information
file	npc/events/MemorialDay_2008.txt
npc	prontera	182	214	0	58	Lauds
npc	prontera	153	286	0	857	Memorial Plaque
npc	prontera	150	270	0	900	Grast
file	npc/events/RWC_2011.txt
npc	prontera	114	81	0	407	RWC2011 Agent
file	npc/events/RWC_2012.txt
npc	prontera	147	61	0	87	Driller
npc	prontera	147	59	0	878	Goldberg
file	npc/events/StPatrick_2008.txt
npc	prt_fild05	170	286	0	954	Anxious Leprechaun
file	npc/events/bossnia.txt
npc	prontera	132	125	0	908	Bossnia Staff
npc	geffen	124	169	0	908	Bossnia Staff
npc	payon	165	150	0	908	Bossnia Staff
npc	morocc	142	100	0	908	Bossnia Staff
npc	lighthalzen	203	140	0	908	Bossnia Staff
npc	rachel	132	144	0	908	Bossnia Staff
file	npc/events/children_week.txt
npc	prontera	146	91	0	61	Pandit chacha
file	npc/events/christmas_2005.txt
npc	xmas_in	89	92	0	714	Louise Kim
npc	prontera	155	285	0	753	Enjoy
npc	prontera	150	286	0	869	Happymerry
npc	prontera	161	286	0	875	Christ
npc	prontera	161	281	0	748	Mas
npc	prontera	150	281	0	881	Event
npc	prontera	188	177	0	869	Happymerry
npc	prontera	62	339	0	875	Christ
npc	prontera	163	66	0	748	Mas
npc	prontera	35	209	0	881	Event
npc	prontera	156	242	0	79	Oholy
npc	prontera	94	297	0	738	Deviruchi
npc	prontera	205	242	0	738	Deviruchi
npc	prontera	126	118	0	738	Deviruchi
npc	payon	165	153	0	79	Oholy
npc	payon	142	203	0	738	Deviruchi
npc	payon	248	239	0	738	Deviruchi
npc	payon	140	56	0	738	Deviruchi
npc	morocc	161	85	0	79	Oholy
npc	morocc	52	134	0	738	Deviruchi
npc	morocc	210	264	0	738	Deviruchi
npc	morocc	223	74	0	738	Deviruchi
npc	geffen	120	188	0	79	Oholy
npc	geffen	173	163	0	738	Deviruchi
npc	geffen	49	95	0	738	Deviruchi
npc	geffen	111	101	0	738	Deviruchi
npc	alberta	54	237	0	79	Oholy
npc	alberta	97	86	0	738	Deviruchi
npc	alberta	180	48	0	738	Deviruchi
npc	alberta	54	132	0	738	Deviruchi
file	npc/events/christmas_2008.txt
npc	prontera	226	306	0	79	Caroller
npc	payon	171	109	0	718	Santa Claus
npc	prontera	156	285	0	718	Santa Claus
npc	alberta	117	66	0	718	Santa Claus
npc	geffen	119	70	0	718	Santa Claus
npc	morocc	158	104	0	718	Santa Claus
npc	xmas_in	89	92	0	714	Louise Kim
file	npc/events/christmas_2013.txt
npc	xmas	10	1	0	10086	2013questreset2
npc	xmas	150	134	0	10086	Union Commander Cliff
npc	xmas	172	126	0	10089	Lonely Kwami
npc	xmas	113	161	0	10090	Lonely Willer
npc	xmas	131	97	0	10091	Lonely Rinka
npc	xmas	121	127	0	10088	Lonely Jee
npc	xmas	150	169	0	10087	Lonely Marty
npc	xmas	108	149	0	562	Drop Machine
npc	xmas	111	149	0	563	Slot Machine
npc	xmas	181	150	0	711	Frightened Man
npc	xmas	183	150	0	714	Angry Woman
npc	xmas_in	32	99	0	10089	Singles Union Kwami
npc	xmas_in	34	99	0	10091	Singles Union Rinka
npc	xmas	156	109	0	749	Poor Alchemist
npc	xmas	158	109	0	91	Florist
npc	xmas	166	164	0	443	Raffini Boy
npc	xmas	168	164	0	438	Raffini Girl
npc	xmas	147	123	0	948	Angeling
npc	xmas	149	123	0	949	Arc Angeling
npc	xmas	129	115	0	783	Prenetan
npc	xmas	131	115	0	789	Umpoucoriotan
npc	xmas	138	174	0	737	Dark Lord
npc	xmas	141	174	0	1370	Succubus
file	npc/events/dumplingfestival.txt
npc	payon	93	81	0	834	Exorcist Master Fahae
file	npc/events/easter_2008.txt
npc	prontera	111	99	0	98	Egg Salesman
npc	prontera	113	98	0	701	Dowdy Matron
npc	prontera	108	96	0	709	Cantankerous Geezer
npc	payon	172	173	0	98	Egg Salesman
npc	payon	175	171	0	701	Dowdy Matron
npc	payon	170	171	0	709	Cantankerous Geezer
npc	geffen	136	64	0	98	Egg Salesman
npc	geffen	138	63	0	701	Dowdy Matron
npc	geffen	133	63	0	709	Cantankerous Geezer
npc	aldebaran	133	119	0	98	Egg Salesman
npc	aldebaran	135	117	0	701	Dowdy Matron
npc	aldebaran	132	116	0	709	Cantankerous Geezer
npc	alberta	90	55	0	98	Egg Salesman
npc	alberta	92	53	0	701	Dowdy Matron
npc	alberta	88	52	0	709	Cantankerous Geezer
npc	prontera	230	312	0	79	Nerlen
npc	morocc	131	26	0	880	Secret Corps
file	npc/events/easter_2010.txt
npc	prontera	202	297	0	727	Rina
npc	prontera	204	297	0	463	Rina's Little Friend
npc	prontera	116	82	0	85	Traveler
npc	prontera	163	194	0	92	Traveler
file	npc/events/event_skill_reset.txt
npc	yuno	138	187	0	124	Hypnotist Teacher
file	npc/events/gdevent_aru.txt
npc	arug_dun01	1	1	0	81	Monster Controler
npc	arug_dun01	1	2	0	81	Monster Controler1
npc	arug_dun01	199	195	0	826	Dwarf
npc	arug_que01	100	81	0	715	Pierrot Pier
npc	arug_que01	10	10	0	81	Controller
npc	arug_que01	100	75	0	412	Gergath
npc	arug_dun01	5	5	0	81	Event controller
file	npc/events/gdevent_sch.txt
npc	schg_dun01	1	1	0	81	Monster Controler
npc	schg_dun01	1	2	0	81	Monster Controler1
npc	schg_dun01	194	148	0	826	Dwarf
npc	schg_que01	100	81	0	715	Pierrot Pier
npc	schg_que01	10	10	0	81	Controller
npc	schg_que01	100	75	0	412	Gergath
npc	schg_dun01	5	5	0	81	Event controller
file	npc/events/god_se_festival.txt
npc	yuno	1	1	0	891	Festival Manager
npc	yuno	118	192	0	891	Rmimi Ravies
npc	rachel	1	1	0	891	Festival Manager
npc	rachel	132	117	0	891	Rhehe Ravies
file	npc/events/halloween_2006.txt
npc	prontera	162	69	0	1130	Gloomy Jack
npc	prontera	164	69	0	738	Cool Devi
npc	geffen	145	132	0	729	Hoirin
npc	nif_in	18	34	0	1505	Loli Ruri
npc	nif_in	19	32	0	738	Deviruchi
npc	nif_fild01	165	115	0	794	Chicken Masta
npc	nif_fild01	167	113	0	800	Masta's chicken
npc	nif_fild01	270	145	0	800	Masta's chicken
npc	nif_fild01	219	267	0	800	Masta's chicken
npc	nif_fild01	199	240	0	800	Masta's chicken
npc	nif_fild01	316	97	0	800	Masta's chicken
npc	nif_fild01	147	343	0	800	Masta's chicken
npc	nif_fild01	185	325	0	800	Masta's chicken
npc	nif_fild01	133	105	0	800	Masta's chicken
npc	nif_fild01	331	329	0	800	Masta's chicken
npc	pay_dun03	151	138	0	800	Chicken
npc	pay_dun03	151	138	0	800	Chicken
npc	pay_dun03	152	138	0	800	Chicken
npc	pay_dun03	154	138	0	800	Chicken
npc	pay_dun03	155	138	0	800	Chicken
npc	pay_dun03	157	138	0	800	Chicken
npc	pay_dun03	158	138	0	800	Chicken
npc	pay_dun03	150	137	0	800	Chicken
npc	pay_dun03	153	137	0	800	Chicken
npc	pay_dun03	156	137	0	800	Chicken
npc	pay_dun03	159	137	0	800	Chicken
npc	pay_dun03	149	136	0	800	Chicken
npc	pay_dun03	152	136	0	800	Chicken
npc	pay_dun03	157	136	0	800	Chicken
npc	pay_dun03	160	136	0	800	Chicken
npc	pay_dun03	149	135	0	800	Chicken
npc	pay_dun03	151	135	0	800	Chicken
npc	pay_dun03	152	135	0	800	Chicken
npc	pay_dun03	153	135	0	800	Chicken
npc	pay_dun03	156	135	0	800	Chicken
npc	pay_dun03	157	135	0	800	Chicken
npc	pay_dun03	158	135	0	800	Chicken
npc	pay_dun03	160	135	0	800	Chicken
npc	pay_dun03	149	134	0	800	Chicken
npc	pay_dun03	152	134	0	800	Chicken
npc	pay_dun03	157	134	0	800	Chicken
npc	pay_dun03	160	134	0	800	Chicken
npc	pay_dun03	149	133	0	800	Chicken
npc	pay_dun03	160	133	0	800	Chicken
npc	pay_dun03	150	132	0	800	Chicken
npc	pay_dun03	153	132	0	800	Chicken
npc	pay_dun03	156	132	0	800	Chicken
npc	pay_dun03	159	132	0	800	Chicken
npc	pay_dun03	151	131	0	800	Chicken
npc	pay_dun03	152	131	0	800	Chicken
npc	pay_dun03	153	131	0	800	Chicken
npc	pay_dun03	154	131	0	800	Chicken
npc	pay_dun03	155	131	0	800	Chicken
npc	pay_dun03	156	131	0	800	Chicken
npc	pay_dun03	157	131	0	800	Chicken
npc	pay_dun03	158	131	0	800	Chicken
npc	pay_fild08	147	353	0	800	Chicken
npc	pay_fild08	147	354	0	800	Chicken
npc	pay_fild08	147	355	0	800	Chicken
npc	pay_fild08	148	352	0	800	Chicken
npc	pay_fild08	148	356	0	800	Chicken
npc	pay_fild08	149	351	0	800	Chicken
npc	pay_fild08	149	354	0	800	Chicken
npc	pay_fild08	149	357	0	800	Chicken
npc	pay_fild08	150	351	0	800	Chicken
npc	pay_fild08	150	357	0	800	Chicken
npc	pay_fild08	151	351	0	800	Chicken
npc	pay_fild08	151	353	0	800	Chicken
npc	pay_fild08	151	355	0	800	Chicken
npc	pay_fild08	151	357	0	800	Chicken
npc	pay_fild08	152	351	0	800	Chicken
npc	pay_fild08	152	357	0	800	Chicken
npc	pay_fild08	153	351	0	800	Chicken
npc	pay_fild08	153	357	0	800	Chicken
npc	pay_fild08	154	351	0	800	Chicken
npc	pay_fild08	154	353	0	800	Chicken
npc	pay_fild08	154	355	0	800	Chicken
npc	pay_fild08	154	357	0	800	Chicken
npc	pay_fild08	155	350	0	800	Chicken
npc	pay_fild08	155	352	0	800	Chicken
npc	pay_fild08	155	354	0	800	Chicken
npc	pay_fild08	155	356	0	800	Chicken
npc	pay_fild08	155	358	0	800	Chicken
npc	prontera	155	285	0	799	Familiar
npc	payon	156	231	0	799	Familiar
npc	morocc	159	143	0	799	Familiar
npc	geffen	120	188	0	799	Familiar
npc	alberta	80	171	0	799	Familiar
file	npc/events/halloween_2008.txt
npc	payon	162	176	0	704	Halloween Magician
file	npc/events/halloween_2009.txt
npc	prontera	152	192	0	712	Pumpkin Hat Researcher
npc	prontera	151	173	0	706	Trick or Treater
npc	prontera	270	350	0	706	Trick or Treater
npc	prontera	234	310	0	706	Trick or Treater
npc	prontera	156	321	0	706	Trick or Treater
npc	prontera	156	283	0	706	Trick or Treater
npc	prontera	142	214	0	706	Trick or Treater
npc	prontera	134	125	0	706	Trick or Treater
npc	prontera	220	72	0	706	Trick or Treater
npc	prontera	156	195	0	737	Halloween Wizard
npc	geffen	133	122	0	737	Halloween Wizard
npc	payon	156	196	0	737	Halloween Wizard
npc	alberta	96	57	0	737	Halloween Wizard
npc	aldebaran	146	122	0	737	Halloween Wizard
file	npc/events/halloween_2013.txt
npc	prontera	154	136	0	801	Suspicious Coffin
npc	niflheim	181	173	0	796	Chef Candycon
npc	niflheim	182	177	0	799	Trick
npc	niflheim	183	176	0	799	Treat
npc	niflheim	179	168	0	800	Kentucky
npc	niflheim	177	166	0	800	Chicken
npc	niflheim	198	175	0	802	Wandering soul
npc	niflheim	191	180	0	802	Wandering soul
npc	niflheim	181	181	0	802	Wandering soul
npc	niflheim	183	162	0	802	Wandering soul
file	npc/events/idul_fitri.txt
npc	prontera	146	92	0	58	Cellerb
file	npc/events/lunar_2008.txt
npc	payon_in01	193	30	0	78	Rice Mill Grandma
npc	payon	215	127	0	54	Rice Mill Man
npc	payon	126	113	0	719	Miss Lunar
file	npc/events/nguild/nguild_flags.txt
npc	n_castle	110	96	0	722	NGuild Aldebaran
npc	nguild_alde	30	248	0	722	NGuild Aldebaran
npc	nguild_alde	30	246	0	722	NGuild Aldebaran
npc	nguild_alde	37	248	0	722	NGuild Aldebaran
npc	nguild_alde	37	246	0	722	NGuild Aldebaran
npc	nguild_alde	95	80	0	722	NGuild Aldebaran
npc	nguild_alde	95	59	0	722	NGuild Aldebaran
npc	nguild_alde	62	75	0	722	NGuild Aldebaran
npc	nguild_alde	70	75	0	722	NGuild Aldebaran
npc	nguild_alde	74	75	0	722	NGuild Aldebaran
npc	nguild_alde	62	64	0	722	NGuild Aldebaran
npc	nguild_alde	66	64	0	722	NGuild Aldebaran
npc	nguild_alde	70	64	0	722	NGuild Aldebaran
npc	nguild_alde	74	64	0	722	NGuild Aldebaran
npc	nguild_alde	203	150	0	722	NGuild Aldebaran
npc	nguild_alde	210	150	0	722	NGuild Aldebaran
npc	n_castle	110	109	0	722	NGuild Geffen
npc	nguild_gef	28	157	0	722	NGuild Geffen
npc	nguild_gef	32	157	0	722	NGuild Geffen
npc	nguild_gef	22	156	0	722	NGuild Geffen
npc	nguild_gef	68	185	0	722	NGuild Geffen
npc	nguild_gef	17	171	0	722	NGuild Geffen
npc	nguild_gef	59	16	0	722	NGuild Geffen
npc	nguild_gef	64	16	0	722	NGuild Geffen
npc	n_castle	94	109	0	722	NGuild Payon
npc	nguild_pay	238	67	0	722	NGuild Payon
npc	nguild_pay	238	67	0	722	NGuild Payon
npc	nguild_pay	233	67	0	722	NGuild Payon
npc	nguild_pay	221	123	0	722	NGuild Payon
npc	nguild_pay	221	116	0	722	NGuild Payon
npc	nguild_pay	206	108	0	722	NGuild Payon
npc	nguild_pay	212	108	0	722	NGuild Payon
npc	n_castle	94	96	0	722	NGuild Prontera
npc	nguild_prt	58	56	0	722	NGuild Prontera
npc	nguild_prt	64	56	0	722	NGuild Prontera
npc	nguild_prt	76	32	0	722	NGuild Prontera
npc	nguild_prt	84	32	0	722	NGuild Prontera
npc	nguild_prt	94	39	0	722	NGuild Prontera
npc	nguild_prt	94	24	0	722	NGuild Prontera
npc	nguild_prt	73	14	0	722	NGuild Prontera
npc	nguild_prt	73	6	0	722	NGuild Prontera
npc	nguild_prt	55	46	0	722	NGuild Prontera
npc	nguild_prt	45	46	0	722	NGuild Prontera
file	npc/events/nguild/nguild_kafras.txt
npc	nguild_alde	218	170	0	117	Kafra Service
npc	nguild_gef	35	37	0	117	Kafra Service
npc	nguild_pay	128	58	0	117	Kafra Service
npc	nguild_prt	96	173	0	117	Kafra Service
file	npc/events/nguild/nguild_managers.txt
npc	nguild_alde	218	175	0	55	Frolo
npc	nguild_gef	40	48	0	55	Leiber
npc	nguild_pay	120	58	0	55	Dundar
npc	nguild_prt	112	181	0	55	Thefton
file	npc/events/nguild/nguild_warper.txt
npc	prontera	146	163	0	729	Novice Castles
npc	n_castle	102	107	0	729	Cita
file	npc/events/twintowers.txt
npc	prontera	146	92	0	812	Twin Towers
npc	morocc	160	97	0	812	Twin Towers
npc	payon	176	226	0	812	Twin Towers
npc	izlude	134	92	0	812	Twin Towers
npc	alberta	25	238	0	812	Twin Towers
npc	geffen	120	60	0	812	Twin Towers
npc	aldebaran	143	116	0	812	Twin Towers
npc	comodo	194	158	0	812	Twin Towers
file	npc/events/valentinesday.txt
npc	alberta	26	243	0	58	Stephen
npc	alberta	29	243	0	53	Jainie
npc	prt_castle	54	34	0	47	Carl Orleans
file	npc/events/valentinesday_2009.txt
npc	prontera	164	174	0	58	Trader
npc	prontera	147	171	0	58	Packs Trader
npc	prontera	154	185	0	721	Event Ring Maker
npc	prontera	157	185	0	113	Valentine Vote Manager
npc	prt_castle	42	35	0	47	Dessert Manager
file	npc/events/valentinesday_2012.txt
npc	mosk_in	21	246	0	71	Pinkamenia
npc	mosk_in	21	244	0	410	Baker Extraordinaire
file	npc/events/whiteday.txt
npc	alberta	188	64	0	91	Sugar
file	npc/events/xmas.txt
npc	xmas_in	100	96	0	718	Father Christmas
file	npc/guild/aldeg_cas01.txt
npc	alde_gld	61	87	0	722	Neuschwanstein
npc	alde_gld	61	79	0	722	Neuschwanstein
npc	alde_gld	45	87	0	722	Neuschwanstein
npc	alde_gld	51	87	0	722	Neuschwanstein
npc	aldeg_cas01	30	248	0	722	Neuschwanstein
npc	aldeg_cas01	30	248	0	722	Neuschwanstein
npc	aldeg_cas01	37	248	0	722	Neuschwanstein
npc	aldeg_cas01	37	246	0	722	Neuschwanstein
npc	aldeg_cas01	30	246	0	722	Neuschwanstein
npc	aldeg_cas01	95	80	0	722	Neuschwanstein
npc	aldeg_cas01	95	59	0	722	Neuschwanstein
npc	aldeg_cas01	62	75	0	722	Neuschwanstein
npc	aldeg_cas01	66	75	0	722	Neuschwanstein
npc	aldeg_cas01	70	75	0	722	Neuschwanstein
npc	aldeg_cas01	74	75	0	722	Neuschwanstein
npc	aldeg_cas01	62	64	0	722	Neuschwanstein
npc	aldeg_cas01	66	64	0	722	Neuschwanstein
npc	aldeg_cas01	70	64	0	722	Neuschwanstein
npc	aldeg_cas01	74	64	0	722	Neuschwanstein
npc	aldeg_cas01	74	64	0	722	Neuschwanstein
npc	aldeg_cas01	203	150	0	722	Neuschwanstein
npc	aldeg_cas01	210	150	0	722	Neuschwanstein
npc	aldebaran	152	97	0	722	Neuschwanstein
npc	aldeg_cas01	218	170	0	117	Kafra Staff
npc	aldeg_cas01	218	175	0	55	Alfredo
file	npc/guild/aldeg_cas02.txt
npc	alde_gld	99	251	0	722	Hohenschwangau
npc	alde_gld	99	244	0	722	Hohenschwangau
npc	aldeg_cas02	82	71	0	722	Hohenschwangau
npc	aldeg_cas02	67	30	0	722	Hohenschwangau
npc	aldeg_cas02	183	140	0	722	Hohenschwangau
npc	aldeg_cas02	212	152	0	722	Hohenschwangau
npc	aldeg_cas02	108	39	0	722	Hohenschwangau
npc	aldeg_cas02	57	213	0	722	Hohenschwangau
npc	aldeg_cas02	103	53	0	722	Hohenschwangau
npc	aldeg_cas02	73	53	0	722	Hohenschwangau
npc	aldeg_cas02	63	41	0	722	Hohenschwangau
npc	aldeg_cas02	229	6	0	722	Hohenschwangau
npc	aldeg_cas02	230	40	0	722	Hohenschwangau
npc	aldeg_cas02	197	40	0	722	Hohenschwangau
npc	aldeg_cas02	32	213	0	722	Hohenschwangau
npc	aldeg_cas02	121	29	0	722	Hohenschwangau
npc	aldebaran	149	97	0	722	Hohenschwangau
npc	aldeg_cas02	84	74	0	117	Kafra Staff
npc	aldeg_cas02	78	74	0	55	Chenchenlie
file	npc/guild/aldeg_cas03.txt
npc	alde_gld	146	82	0	722	Nuernberg
npc	alde_gld	138	82	0	722	Nuernberg
npc	aldeg_cas03	176	175	0	722	Nuernberg
npc	aldeg_cas03	77	115	0	722	Nuernberg
npc	aldeg_cas03	77	215	0	722	Nuernberg
npc	aldeg_cas03	112	107	0	722	Nuernberg
npc	aldeg_cas03	112	117	0	722	Nuernberg
npc	aldeg_cas03	69	71	0	722	Nuernberg
npc	aldeg_cas03	91	69	0	722	Nuernberg
npc	aldeg_cas03	108	60	0	722	Nuernberg
npc	aldeg_cas03	121	73	0	722	Nuernberg
npc	aldeg_cas03	121	73	0	722	Nuernberg
npc	aldeg_cas03	75	102	0	722	Nuernberg
npc	aldeg_cas03	199	169	0	722	Nuernberg
npc	aldeg_cas03	181	179	0	722	Nuernberg
npc	aldeg_cas03	192	44	0	722	Nuernberg
npc	aldeg_cas03	208	145	0	722	Nuernberg
npc	aldeg_cas03	207	75	0	722	Nuernberg
npc	aldeg_cas03	96	62	0	722	Nuernberg
npc	aldebaran	134	97	0	722	Nuernberg
npc	aldeg_cas03	118	76	0	117	Kafra Staff
npc	aldeg_cas03	110	118	0	55	Nahzarf
file	npc/guild/aldeg_cas04.txt
npc	alde_gld	239	246	0	722	Wuerzburg
npc	alde_gld	239	239	0	722	Wuerzburg
npc	aldeg_cas04	167	61	0	722	Wuerzburg
npc	aldeg_cas04	164	90	0	722	Wuerzburg
npc	aldeg_cas04	129	193	0	722	Wuerzburg
npc	aldeg_cas04	112	206	0	722	Wuerzburg
npc	aldeg_cas04	113	212	0	722	Wuerzburg
npc	aldeg_cas04	77	117	0	722	Wuerzburg
npc	aldeg_cas04	186	42	0	722	Wuerzburg
npc	aldeg_cas04	30	69	0	722	Wuerzburg
npc	aldeg_cas04	55	97	0	722	Wuerzburg
npc	aldeg_cas04	45	98	0	722	Wuerzburg
npc	aldeg_cas04	33	116	0	722	Wuerzburg
npc	aldeg_cas04	130	180	0	722	Wuerzburg
npc	aldeg_cas04	129	193	0	722	Wuerzburg
npc	aldeg_cas04	33	107	0	722	Wuerzburg
npc	aldeg_cas04	133	220	0	722	Wuerzburg
npc	aldeg_cas04	169	22	0	722	Wuerzburg
npc	aldeg_cas04	169	15	0	722	Wuerzburg
npc	aldebaran	131	97	0	722	Wuerzburg
npc	aldeg_cas04	45	88	0	117	Kafra Staff
npc	aldeg_cas04	67	116	0	55	Brymhensen
file	npc/guild/aldeg_cas05.txt
npc	alde_gld	265	93	0	722	Rothenburg
npc	alde_gld	265	87	0	722	Rothenburg
npc	aldeg_cas05	170	85	0	722	Rothenburg
npc	aldeg_cas05	142	212	0	722	Rothenburg
npc	aldeg_cas05	149	196	0	722	Rothenburg
npc	aldeg_cas05	41	180	0	722	Rothenburg
npc	aldeg_cas05	38	201	0	722	Rothenburg
npc	aldeg_cas05	65	182	0	722	Rothenburg
npc	aldeg_cas05	65	205	0	722	Rothenburg
npc	aldeg_cas05	10	218	0	722	Rothenburg
npc	aldeg_cas05	10	218	0	722	Rothenburg
npc	aldeg_cas05	164	201	0	722	Rothenburg
npc	aldeg_cas05	14	117	0	722	Rothenburg
npc	aldeg_cas05	10	225	0	722	Rothenburg
npc	aldeg_cas05	187	59	0	722	Rothenburg
npc	aldeg_cas05	154	51	0	722	Rothenburg
npc	aldeg_cas05	22	211	0	722	Rothenburg
npc	aldeg_cas05	150	202	0	722	Rothenburg
npc	aldebaran	128	97	0	722	Rothenburg
npc	aldeg_cas05	31	190	0	117	Kafra Staff
npc	aldeg_cas05	51	179	0	55	Esmarehk
file	npc/guild/gefg_cas01.txt
npc	gef_fild13	148	51	0	722	Repherion
npc	gef_fild13	155	54	0	722	Repherion
npc	gef_fild13	212	79	0	722	Repherion
npc	gef_fild13	211	71	0	722	Repherion
npc	gefg_cas01	28	157	0	722	Repherion
npc	gefg_cas01	22	156	0	722	Repherion
npc	gefg_cas01	68	185	0	722	Repherion
npc	gefg_cas01	17	171	0	722	Repherion
npc	gefg_cas01	59	16	0	722	Repherion
npc	gefg_cas01	64	16	0	722	Repherion
npc	geffen	109	123	0	722	Repherion
npc	gefg_cas01	83	47	0	117	Kafra Staff
npc	gefg_cas01	40	48	0	55	Gnahcher
file	npc/guild/gefg_cas02.txt
npc	gef_fild13	303	243	0	722	Eeyorbriggar
npc	gef_fild13	312	243	0	722	Eeyorbriggar
npc	gef_fild13	290	243	0	722	Eeyorbriggar
npc	gef_fild13	324	243	0	722	Eeyorbriggar
npc	gefg_cas02	65	130	0	722	Eeyorbriggar
npc	gefg_cas02	30	123	0	722	Eeyorbriggar
npc	gefg_cas02	65	139	0	722	Eeyorbriggar
npc	gefg_cas02	37	177	0	722	Eeyorbriggar
npc	gefg_cas02	37	168	0	722	Eeyorbriggar
npc	gefg_cas02	68	47	0	722	Eeyorbriggar
npc	gefg_cas02	68	36	0	722	Eeyorbriggar
npc	geffen	112	129	0	722	Eeyorbriggar
npc	gefg_cas02	23	66	0	117	Kafra Staff
npc	gefg_cas02	12	66	0	55	Esmarehk
file	npc/guild/gefg_cas03.txt
npc	gef_fild13	78	182	0	722	Yesnelph
npc	gef_fild13	87	182	0	722	Yesnelph
npc	gef_fild13	73	295	0	722	Yesnelph
npc	gef_fild13	113	274	0	722	Yesnelph
npc	gef_fild13	144	235	0	722	Yesnelph
npc	gef_fild13	144	244	0	722	Yesnelph
npc	gefg_cas03	122	220	0	722	Yesnelph
npc	gefg_cas03	122	229	0	722	Yesnelph
npc	gefg_cas03	91	257	0	722	Yesnelph
npc	gefg_cas03	52	276	0	722	Yesnelph
npc	gefg_cas03	56	164	0	722	Yesnelph
npc	gefg_cas03	65	164	0	722	Yesnelph
npc	gefg_cas03	37	214	0	722	Yesnelph
npc	gefg_cas03	34	208	0	722	Yesnelph
npc	geffen	120	132	0	722	Yesnelph
npc	gefg_cas03	116	89	0	117	Kafra Staff
npc	gefg_cas03	106	23	0	55	Jyang
file	npc/guild/gefg_cas04.txt
npc	gef_fild13	190	283	0	722	Bergel
npc	gef_fild13	199	274	0	722	Bergel
npc	gefg_cas04	24	157	0	722	Bergel
npc	gefg_cas04	35	158	0	722	Bergel
npc	gefg_cas04	44	184	0	722	Bergel
npc	gefg_cas04	51	184	0	722	Bergel
npc	gefg_cas04	39	212	0	722	Bergel
npc	gefg_cas04	29	212	0	722	Bergel
npc	gefg_cas04	24	73	0	722	Bergel
npc	gefg_cas04	35	73	0	722	Bergel
npc	geffen	127	130	0	722	Bergel
npc	gefg_cas04	59	70	0	117	Kafra Staff
npc	gefg_cas04	73	46	0	55	Kellvahni
file	npc/guild/gefg_cas05.txt
npc	gef_fild13	302	87	0	722	Mersetzdeitz
npc	gef_fild13	313	83	0	722	Mersetzdeitz
npc	gef_fild13	252	51	0	722	Mersetzdeitz
npc	gef_fild13	26	147	0	722	Mersetzdeitz
npc	gefg_cas05	77	185	0	722	Mersetzdeitz
npc	gefg_cas05	92	181	0	722	Mersetzdeitz
npc	gefg_cas05	83	158	0	722	Mersetzdeitz
npc	gefg_cas05	62	144	0	722	Mersetzdeitz
npc	gefg_cas05	62	66	0	722	Mersetzdeitz
npc	gefg_cas05	69	66	0	722	Mersetzdeitz
npc	geffen	131	123	0	722	Mersetzdeitz
npc	gefg_cas05	61	52	0	117	Kafra Staff
npc	gefg_cas05	70	52	0	55	Byohre
file	npc/guild/payg_cas01.txt
npc	pay_gld	125	236	0	722	Bright Arbor
npc	pay_gld	110	233	0	722	Bright Arbor
npc	pay_gld	116	233	0	722	Bright Arbor
npc	pay_gld	91	239	0	722	Bright Arbor
npc	payg_cas01	238	67	0	722	Bright Arbor
npc	payg_cas01	233	67	0	722	Bright Arbor
npc	payg_cas01	221	123	0	722	Bright Arbor
npc	payg_cas01	221	116	0	722	Bright Arbor
npc	payg_cas01	206	108	0	722	Bright Arbor
npc	payg_cas01	212	108	0	722	Bright Arbor
npc	payon	90	322	0	722	Bright Arbor
npc	payon	166	177	0	722	Bright Arbor
npc	payg_cas01	128	58	0	117	Kafra Staff
npc	payg_cas01	120	58	0	55	Kurunnadi
file	npc/guild/payg_cas02.txt
npc	pay_gld	292	112	0	722	Scarlet Palace
npc	pay_gld	292	120	0	722	Scarlet Palace
npc	pay_gld	291	135	0	722	Scarlet Palace
npc	pay_gld	271	163	0	722	Scarlet Palace
npc	payg_cas02	254	40	0	722	Scarlet Palace
npc	payg_cas02	254	48	0	722	Scarlet Palace
npc	payg_cas02	202	49	0	722	Scarlet Palace
npc	payg_cas02	209	49	0	722	Scarlet Palace
npc	payg_cas02	59	282	0	722	Scarlet Palace
npc	payg_cas02	70	282	0	722	Scarlet Palace
npc	payon	97	322	0	722	Scarlet Palace
npc	payon	166	173	0	722	Scarlet Palace
npc	payg_cas02	22	275	0	117	Kafra Staff
npc	payg_cas02	22	260	0	55	Cherieos
file	npc/guild/payg_cas03.txt
npc	pay_gld	321	298	0	722	Holy Shadow
npc	pay_gld	321	289	0	722	Holy Shadow
npc	pay_gld	327	304	0	722	Holy Shadow
npc	pay_gld	333	254	0	722	Holy Shadow
npc	payg_cas03	236	54	0	722	Holy Shadow
npc	payg_cas03	236	45	0	722	Holy Shadow
npc	payg_cas03	259	66	0	722	Holy Shadow
npc	payg_cas03	266	66	0	722	Holy Shadow
npc	payg_cas03	34	31	0	722	Holy Shadow
npc	payg_cas03	43	31	0	722	Holy Shadow
npc	payon	113	322	0	722	Holy Shadow
npc	payon	166	169	0	722	Holy Shadow
npc	payg_cas03	9	263	0	117	Kafra Staff
npc	payg_cas03	50	261	0	55	Gheriot
file	npc/guild/payg_cas04.txt
npc	pay_gld	137	160	0	722	Sacred Altar
npc	pay_gld	143	160	0	722	Sacred Altar
npc	pay_gld	133	151	0	722	Sacred Altar
npc	pay_gld	153	166	0	722	Sacred Altar
npc	payg_cas04	255	259	0	722	Sacred Altar
npc	payg_cas04	248	259	0	722	Sacred Altar
npc	payg_cas04	248	168	0	722	Sacred Altar
npc	payg_cas04	248	160	0	722	Sacred Altar
npc	payg_cas04	232	181	0	722	Sacred Altar
npc	payg_cas04	239	181	0	722	Sacred Altar
npc	payon	118	322	0	722	Sacred Altar
npc	payon	166	165	0	722	Sacred Altar
npc	payg_cas04	40	235	0	117	Kafra Staff
npc	payg_cas04	38	284	0	55	DJ
file	npc/guild/payg_cas05.txt
npc	pay_gld	208	268	0	722	Bamboo Grove Hill
npc	pay_gld	199	268	0	722	Bamboo Grove Hill
npc	pay_gld	190	277	0	722	Bamboo Grove Hill
npc	pay_gld	187	294	0	722	Bamboo Grove Hill
npc	payg_cas05	32	249	0	722	Bamboo Grove Hill
npc	payg_cas05	24	249	0	722	Bamboo Grove Hill
npc	payg_cas05	62	271	0	722	Bamboo Grove Hill
npc	payg_cas05	57	271	0	722	Bamboo Grove Hill
npc	payg_cas05	55	252	0	722	Bamboo Grove Hill
npc	payg_cas05	55	260	0	722	Bamboo Grove Hill
npc	payon	123	322	0	722	Bamboo Grove Hill
npc	payon	166	161	0	722	Bamboo Grove Hill
npc	payg_cas05	276	227	0	117	Kafra Staff
npc	payg_cas05	277	249	0	55	Nahzarf
file	npc/guild/prtg_cas01.txt
npc	prt_gld	131	60	0	722	Kriemhild
npc	prt_gld	138	68	0	722	Kriemhild
npc	prt_gld	138	60	0	722	Kriemhild
npc	prt_gld	135	60	0	722	Kriemhild
npc	prtg_cas01	58	56	0	722	Kriemhild
npc	prtg_cas01	64	56	0	722	Kriemhild
npc	prtg_cas01	76	32	0	722	Kriemhild
npc	prtg_cas01	84	32	0	722	Kriemhild
npc	prtg_cas01	94	39	0	722	Kriemhild
npc	prtg_cas01	94	24	0	722	Kriemhild
npc	prtg_cas01	73	14	0	722	Kriemhild
npc	prtg_cas01	73	6	0	722	Kriemhild
npc	prtg_cas01	55	46	0	722	Kriemhild
npc	prtg_cas01	45	46	0	722	Kriemhild
npc	prontera	155	190	0	722	Kriemhild
npc	prtg_cas01	96	173	0	117	Kafra Staff
npc	prtg_cas01	112	181	0	55	Ahvray
file	npc/guild/prtg_cas02.txt
npc	prt_gld	244	126	0	722	Swanhild
npc	prt_gld	244	128	0	722	Swanhild
npc	prt_gld	236	126	0	722	Swanhild
npc	prt_gld	236	128	0	722	Swanhild
npc	prtg_cas02	40	227	0	722	Swanhild
npc	prtg_cas02	46	227	0	722	Swanhild
npc	prtg_cas02	11	219	0	722	Swanhild
npc	prtg_cas02	11	214	0	722	Swanhild
npc	prtg_cas02	20	219	0	722	Swanhild
npc	prtg_cas02	20	214	0	722	Swanhild
npc	prtg_cas02	79	227	0	722	Swanhild
npc	prtg_cas02	70	227	0	722	Swanhild
npc	prtg_cas02	38	189	0	722	Swanhild
npc	prtg_cas02	34	189	0	722	Swanhild
npc	prtg_cas02	153	161	0	722	Swanhild
npc	prtg_cas02	162	161	0	722	Swanhild
npc	prontera	146	194	0	722	Swanhild
npc	prtg_cas02	71	36	0	117	Kafra Staff
npc	prtg_cas02	94	61	0	55	Roy
file	npc/guild/prtg_cas03.txt
npc	prt_gld	147	140	0	722	Fadhgridh
npc	prt_gld	147	136	0	722	Fadhgridh
npc	prt_gld	158	140	0	722	Fadhgridh
npc	prt_gld	158	136	0	722	Fadhgridh
npc	prtg_cas03	168	28	0	722	Fadhgridh
npc	prtg_cas03	182	28	0	722	Fadhgridh
npc	prtg_cas03	43	50	0	722	Fadhgridh
npc	prtg_cas03	48	50	0	722	Fadhgridh
npc	prtg_cas03	43	58	0	722	Fadhgridh
npc	prtg_cas03	48	58	0	722	Fadhgridh
npc	prtg_cas03	158	210	0	722	Fadhgridh
npc	prtg_cas03	169	210	0	722	Fadhgridh
npc	prtg_cas03	162	201	0	722	Fadhgridh
npc	prtg_cas03	165	201	0	722	Fadhgridh
npc	prontera	143	203	0	722	Fadhgridh
npc	prtg_cas03	181	215	0	117	Kafra Staff
npc	prtg_cas03	51	100	0	55	Sttick
file	npc/guild/prtg_cas04.txt
npc	prt_gld	120	243	0	722	Skoegul
npc	prt_gld	120	236	0	722	Skoegul
npc	prt_gld	122	243	0	722	Skoegul
npc	prt_gld	122	236	0	722	Skoegul
npc	prtg_cas04	82	29	0	722	Skoegul
npc	prtg_cas04	75	29	0	722	Skoegul
npc	prtg_cas04	75	27	0	722	Skoegul
npc	prtg_cas04	82	27	0	722	Skoegul
npc	prtg_cas04	59	29	0	722	Skoegul
npc	prtg_cas04	67	29	0	722	Skoegul
npc	prtg_cas04	258	25	0	722	Skoegul
npc	prtg_cas04	258	20	0	722	Skoegul
npc	prtg_cas04	263	20	0	722	Skoegul
npc	prtg_cas04	263	27	0	722	Skoegul
npc	prontera	167	203	0	722	Skoegul
npc	prtg_cas04	258	247	0	117	Kafra Staff
npc	prtg_cas04	259	265	0	55	Van Dreth
file	npc/guild/prtg_cas05.txt
npc	prt_gld	199	243	0	722	Gondul
npc	prt_gld	199	236	0	722	Gondul
npc	prt_gld	197	243	0	722	Gondul
npc	prt_gld	197	236	0	722	Gondul
npc	prtg_cas05	19	247	0	722	Gondul
npc	prtg_cas05	19	243	0	722	Gondul
npc	prtg_cas05	26	247	0	722	Gondul
npc	prtg_cas05	26	243	0	722	Gondul
npc	prtg_cas05	249	289	0	722	Gondul
npc	prtg_cas05	256	289	0	722	Gondul
npc	prtg_cas05	253	271	0	722	Gondul
npc	prtg_cas05	273	257	0	722	Gondul
npc	prontera	165	194	0	722	Gondul
npc	prtg_cas05	52	41	0	117	Kafra Staff
npc	prtg_cas05	36	37	0	55	Raynor
file	npc/guild2/arug_cas01.txt
npc	arug_cas01	92	380	0	55	Steward
npc	arug_cas01	112	193	0	868	Brace
npc	arug_cas01	31	362	0	117	Kafra Employee
npc	arug_cas01	157	345	0	977	Mysterious Sunflower
npc	arug_cas01	102	120	0	722	Mardol
npc	arug_cas01	117	120	0	722	Mardol
npc	arug_cas01	233	140	0	722	Mardol
npc	aru_gld	164	270	0	722	Mardol
npc	aru_gld	142	235	0	722	Mardol
npc	aru_gld	164	245	0	722	Mardol
npc	aru_gld	182	255	0	722	Mardol
file	npc/guild2/arug_cas02.txt
npc	arug_cas02	303	341	0	55	Steward
npc	arug_cas02	38	259	0	868	Yumenes
npc	arug_cas02	354	326	0	117	Kafra Employee
npc	arug_cas02	350	294	0	977	Mysterious Sunflower
npc	arug_cas02	129	178	0	722	Cyr
npc	arug_cas02	149	178	0	722	Cyr
npc	arug_cas02	132	38	0	722	Cyr
npc	arug_cas02	147	38	0	722	Cyr
npc	aru_gld	80	41	0	722	Cyr
npc	aru_gld	80	52	0	722	Cyr
npc	aru_gld	120	83	0	722	Cyr
file	npc/guild2/arug_cas03.txt
npc	arug_cas03	328	98	0	55	Steward
npc	arug_cas03	146	315	0	868	Yehsus
npc	arug_cas03	315	98	0	117	Kafra Employee
npc	arug_cas03	312	154	0	977	Mysterious Sunflower
npc	arug_cas03	148	103	0	722	Horn
npc	arug_cas03	135	103	0	722	Horn
npc	arug_cas03	63	51	0	722	Horn
npc	arug_cas03	214	51	0	722	Horn
npc	aru_gld	60	174	0	722	Horn
npc	aru_gld	74	174	0	722	Horn
file	npc/guild2/arug_cas04.txt
npc	arug_cas04	328	98	0	55	Steward
npc	arug_cas04	146	315	0	868	Nios
npc	arug_cas04	315	98	0	117	Kafra Employee
npc	arug_cas04	312	154	0	977	Mysterious Sunflower
npc	arug_cas04	148	103	0	722	Gefn
npc	arug_cas04	135	103	0	722	Gefn
npc	arug_cas04	63	51	0	722	Gefn
npc	arug_cas04	214	51	0	722	Gefn
npc	aru_gld	306	359	0	722	Gefn
npc	aru_gld	306	348	0	722	Gefn
npc	aru_gld	301	318	0	722	Gefn
npc	aru_gld	313	318	0	722	Gefn
file	npc/guild2/arug_cas05.txt
npc	arug_cas05	328	98	0	55	Steward
npc	arug_cas05	146	315	0	868	Eeos
npc	arug_cas05	315	98	0	117	Kafra Employee
npc	arug_cas05	312	154	0	977	Mysterious Sunflower
npc	arug_cas05	148	103	0	722	Banadis
npc	arug_cas05	135	103	0	722	Banadis
npc	arug_cas05	63	51	0	722	Banadis
npc	arug_cas05	214	51	0	722	Banadis
npc	aru_gld	289	103	0	722	Banadis
npc	aru_gld	289	112	0	722	Banadis
npc	aru_gld	350	98	0	722	Banadis
npc	aru_gld	350	88	0	722	Banadis
file	npc/guild2/guild_flags.txt
npc	yuno	109	167	0	722	Himinn
npc	yuno	110	171	0	722	Andlangr
npc	yuno	111	175	0	722	Viblainn
npc	yuno	112	179	0	722	Hljod
npc	yuno	114	183	0	722	Skidbladnir
npc	rachel	124	120	0	722	Mardol
npc	rachel	136	120	0	722	Cyr
npc	rachel	138	126	0	722	Horn
npc	rachel	135	131	0	722	Gefn
npc	rachel	124	130	0	722	Banadis
file	npc/guild2/schg_cas01.txt
npc	schg_cas01	247	305	0	55	Steward
npc	schg_cas01	123	306	0	868	Ef
npc	schg_cas01	300	287	0	117	Kafra Employee
npc	schg_cas01	280	391	0	976	Mysterious Sunflower
npc	schg_cas01	111	46	0	722	Himinn
npc	schg_cas01	129	46	0	722	Himinn
npc	schg_cas01	109	150	0	722	Himinn
npc	schg_cas01	130	150	0	722	Himinn
npc	sch_gld	290	90	0	722	Himinn
npc	sch_gld	297	90	0	722	Himinn
file	npc/guild2/schg_cas02.txt
npc	schg_cas02	105	378	0	55	Steward
npc	schg_cas02	140	184	0	868	Endeef
npc	schg_cas02	131	365	0	117	Kafra Employee
npc	schg_cas02	174	328	0	976	Mysterious Sunflower
npc	sch_gld	296	247	0	722	Andlangr
npc	sch_gld	280	247	0	722	Andlangr
file	npc/guild2/schg_cas03.txt
npc	schg_cas03	88	90	0	55	Steward
npc	schg_cas03	287	226	0	868	Elzee
npc	schg_cas03	50	50	0	117	Kafra Employee
npc	schg_cas03	25	22	0	976	Mysterious Sunflower
npc	schg_cas03	283	206	0	722	Vidblainn
npc	schg_cas03	283	197	0	722	Vidblainn
npc	schg_cas03	332	323	0	722	Vidblainn
npc	schg_cas03	343	323	0	722	Vidblainn
npc	sch_gld	91	191	0	722	Vidblainn
npc	sch_gld	104	191	0	722	Bidblind
file	npc/guild2/schg_cas04.txt
npc	schg_cas04	247	305	0	55	Steward
npc	schg_cas04	123	306	0	868	Ef
npc	schg_cas04	300	287	0	117	Kafra Employee
npc	schg_cas04	280	391	0	976	Mysterious Sunflower
npc	schg_cas04	111	46	0	722	Hljod
npc	schg_cas04	129	46	0	722	Hljod
npc	schg_cas04	109	150	0	722	Hljod
npc	schg_cas04	130	150	0	722	Hljod
npc	sch_gld	134	97	0	722	Hljod
npc	sch_gld	141	97	0	722	Hljod
file	npc/guild2/schg_cas05.txt
npc	schg_cas05	247	305	0	55	Steward
npc	schg_cas05	123	306	0	868	Ef
npc	schg_cas05	300	287	0	117	Kafra Employee
npc	schg_cas05	280	391	0	976	Mysterious Sunflower
npc	schg_cas05	111	46	0	722	Skidbladnir
npc	schg_cas05	129	46	0	722	Skidbladnir
npc	schg_cas05	109	150	0	722	Skidbladnir
npc	schg_cas05	130	150	0	722	Skidbladnir
npc	sch_gld	101	284	0	722	Skidbladnir
npc	sch_gld	91	284	0	722	Skidbladnir
npc	sch_gld	66	320	0	722	Skidbladnir
npc	sch_gld	66	310	0	722	Skidbladnir
file	npc/instances/EndlessTower.txt
npc	alberta	214	77	0	709	Captain Janssen
npc	e_tower	81	105	0	406	Tower Protection Stone
npc	e_tower	69	117	0	406	Purification Stone
file	npc/instances/NydhoggsNest.txt
npc	mid_camp	271	299	0	755	Historian Magnifier
npc	prt_in	171	94	0	893	Assistant Naomi
npc	splendide	198	178	0	447	Grumbling Soldier
npc	splendide	240	164	0	461	Sighing Soldier
npc	spl_in01	109	60	0	435	Commander Lebiordirr
npc	spl_in01	104	56	0	437	Aide Arioss
npc	spl_in01	101	52	0	447	Splendide Guard
npc	spl_in01	118	52	0	447	Splendide Guard
npc	man_in01	311	57	0	453	Neat Etorr
npc	man_in01	286	61	0	450	Manuk Guard
npc	man_in01	295	61	0	450	Manuk Guard
npc	man_in01	291	62	0	437	Laphine Prisoner
npc	sec_in02	36	167	0	447	Nidhoggur Manager
npc	nyd_dun02	88	195	0	406	Purification Stone
file	npc/instances/OrcsMemory.txt
npc	gef_fild10	242	202	0	406	Dimensional Gorge Piece
npc	gef_fild10	238	202	0	865	Mad Scientist
file	npc/instances/SealedShrine.txt
npc	monk_test	309	146	0	412	Friar Patrick
npc	prt_monk	261	91	0	826	Rust Blackhand
file	npc/jobs/1-1e/gunslinger.txt
npc	que_ng	152	167	0	901	Master Miller
npc	payon	184	65	0	866	Wise Bull Horn
file	npc/jobs/1-1e/ninja.txt
npc	alberta	30	65	0	730	Akagi
npc	que_ng	30	65	0	730	Kuuga Gai
npc	einbroch	184	194	0	881	Suspicious Man
file	npc/jobs/2-1/assassin.txt
npc	in_moc_16	19	33	0	55	Guildsman
npc	in_moc_16	25	90	0	730	Guildsman
npc	in_moc_16	21	165	0	725	Standby Room
npc	in_moc_16	21	165	0	725	Test Guide
npc	in_moc_16	89	98	0	118	Thomas
npc	in_moc_16	87	48	0	725	Barcardi
npc	in_moc_16	149	80	0	106	Guildmaster
npc	in_moc_16	186	81	0	55	Master Assist
npc	in_moc_16	156	87	0	55	[Huey]
npc	in_moc_16	156	85	0	730	[Khai]
npc	in_moc_16	156	83	0	106	[The Anonymous One]
npc	in_moc_16	156	81	0	725	[Barcardi]
npc	in_moc_16	156	79	0	118	[Beholder]
npc	in_moc_16	156	77	0	118	[Thomas]
npc	in_moc_16	156	75	0	55	[Gayle Maroubitz]
file	npc/jobs/2-1/blacksmith.txt
npc	ein_in01	18	28	0	731	Guildsman
npc	ein_in01	201	27	0	63	Guildsman
npc	geffen	46	164	0	69	Baisulist
npc	morocc	27	112	0	725	Wickebine
npc	lighthalzen	209	80	0	734	Krongast
npc	payon	214	79	0	59	Talpiz
npc	hugel	168	183	0	118	Bismarc
npc	ein_in01	24	41	0	726	Blacksmith Guildsman
npc	geffen_in	109	170	0	726	Blacksmith Guildsman
file	npc/jobs/2-1/hunter.txt
npc	in_hunter	99	99	0	727	Hunter Info
npc	pay_fild10	148	252	0	857	Job Change Location
npc	hu_in01	386	373	0	727	Hunter Guildsman
npc	hu_in01	382	382	0	732	Guild Receptionist
npc	payon_in03	131	7	0	59	Hunter
npc	payon_in02	21	31	0	59	Hunter
npc	job_hunte	178	32	0	107	Guide
npc	job_hunte	178	38	0	66	Waiting Room
npc	job_hunte	1	1	0	66	Manager
npc	job_hunte	93	101	0	723	Switch
file	npc/jobs/2-1/knight.txt
npc	prt_in	88	101	0	56	Chivalry Captain
npc	prt_in	75	107	0	65	Sir Andrew
npc	prt_in	71	91	0	65	Sir Siracuse
npc	prt_in	79	94	0	733	Sir Windsor
npc	job_knt	89	106	0	733	Knight Windsor
npc	job_knt	89	106	0	733	Windsor Benedict
npc	prt_in	69	107	0	728	Lady Amy
npc	prt_in	70	99	0	734	Sir Edmond
npc	job_knt	1	1	0	107	Timer
npc	job_knt	143	57	0	107	Warp
npc	prt_in	87	92	0	119	Sir Gray
file	npc/jobs/2-1/priest.txt
npc	prt_church	16	41	0	60	High Bishop
npc	prt_church	27	24	0	79	Sister Cecilia
npc	job_prist	24	187	0	110	Peter S. Alberto
npc	job_prist	23	187	0	110	Peter S. Alberto
npc	job_prist	168	45	0	1109	Deviruchi
npc	job_prist	168	80	0	1046	Doppelganger
npc	job_prist	168	115	0	1272	Dark Lord
npc	job_prist	168	150	0	736	Baphomet
npc	job_prist	1	2	0	110	Mummy_Generator
file	npc/jobs/2-1/wizard.txt
npc	gef_tower	111	37	0	70	Wizard Guildsman
npc	gef_tower	102	24	0	735	Gloomy Wizard
npc	job_wiz	50	165	0	700	Arena Assistant
npc	job_wiz	1	1	0	66	Room of Water
npc	job_wiz	1	2	0	66	Room of Water
npc	job_wiz	1	3	0	66	Room of Earth
npc	job_wiz	1	4	0	66	Room of Earth
npc	job_wiz	1	5	0	66	Room of Fire
npc	job_wiz	1	6	0	66	Room of Fire
npc	job_wiz	1	7	0	66	Test Helper
npc	gef_tower	107	36	0	81	White Dog
file	npc/jobs/2-1a/AssassinCross.txt
npc	valkyrie	44	58	0	725	Assassin Cross
file	npc/jobs/2-1a/HighPriest.txt
npc	valkyrie	44	42	0	60	High Priest
file	npc/jobs/2-1a/HighWizard.txt
npc	valkyrie	44	47	0	735	High Wizard
file	npc/jobs/2-1a/LordKnight.txt
npc	valkyrie	44	39	0	56	Lord Knight
file	npc/jobs/2-1a/Sniper.txt
npc	valkyrie	44	55	0	727	Sniper
file	npc/jobs/2-1a/WhiteSmith.txt
npc	valkyrie	44	50	0	731	MasterSmith
file	npc/jobs/2-1e/StarGladiator.txt
npc	payon	215	102	0	828	Moohyun
npc	comodo	172	230	0	730	Wandering Master
npc	job_star	29	33	0	59	Daru
npc	job_star	95	33	0	106	Beeryu
npc	job_star	161	33	0	77	Cheehee
file	npc/jobs/2-2/alchemist.txt
npc	alde_alche	27	185	0	744	Alchemist Guildsman
npc	alde_alche	175	107	0	749	Fastidious Alchemist
npc	alde_alche	13	15	0	750	Studying Man
npc	alde_alche	79	19	0	748	Experiment Expert
npc	alde_alche	101	184	0	122	Master Alchemist
npc	alde_alche	145	19	0	57	Chief Researcher
file	npc/jobs/2-2/bard.txt
npc	comodo	226	123	0	741	Wandering Bard
file	npc/jobs/2-2/crusader.txt
npc	prt_church	95	127	0	745	Crusader
npc	job_cru	24	187	0	751	Patron Knight
npc	job_cru	24	187	0	700	Waiting Room
file	npc/jobs/2-2/dancer.txt
npc	comodo	180	153	0	90	Sonotora
npc	comodo	193	151	0	86	Bor Robin
npc	job_duncer	43	93	0	724	Aile
npc	job_duncer	95	93	0	101	Bijou
npc	job_duncer	32	154	0	66	Waiting Room
npc	job_duncer	32	154	0	66	Waiting Room
npc	job_duncer	63	110	0	724	Backdancer
npc	job_duncer	66	113	0	724	Backdancer
npc	job_duncer	72	113	0	724	Backdancer
npc	job_duncer	75	110	0	724	Backdancer
file	npc/jobs/2-2/monk.txt
npc	prt_monk	59	247	0	120	Guarding Monk
npc	monk_in	99	58	0	60	Sensei Moohae
npc	prt_monk	251	255	0	79	Touha
npc	prt_monk	57	179	0	110	Boohae
npc	prt_monk	199	169	0	746	Door Keeper
npc	monk_test	329	61	0	753	Bashu
npc	monk_test	386	388	0	110	Apprentice Monk
npc	job_monk	225	180	0	89	Hyunmoo
npc	prt_monk	225	180	0	89	Hyunmoo
npc	monk_test	319	139	0	52	Tomoon
npc	monk_test	82	85	0	95	Proctor
npc	monk_test	88	91	0	52	Proctor
npc	monk_test	95	85	0	79	Proctor
npc	monk_test	137	338	0	79	switchreset
file	npc/jobs/2-2/rogue.txt
npc	moc_ruins	86	103	0	118	Thug
npc	in_rogue	363	122	0	747	Rogue Guildsman
npc	in_rogue	376	23	0	57	Mr. Smith
npc	in_rogue	272	135	0	85	Hermanthorn Jr
npc	in_rogue	244	39	0	99	Aragham Junior
npc	in_rogue	160	34	0	85	Hollgrehenn junior
npc	in_rogue	177	109	0	88	Antonio junior
npc	in_rogue	399	286	0	88	switch
file	npc/jobs/2-2/sage.txt
npc	yuno_in02	38	61	0	743	Dean of the Academy
npc	yuno_in03	154	35	0	742	Staff of the Academy
npc	yuno_in03	105	177	0	754	Written Test Professor
npc	yuno_in03	169	180	0	755	Practical Examination P
npc	yuno_in03	62	176	0	109	History Professor
npc	yuno_in03	32	102	0	755	Biology Professor
npc	yuno_in03	244	31	0	120	Physics Professor
npc	job_sage	50	165	0	700	Test Helper
npc	job_sage	50	165	0	700	Waiting Room
file	npc/jobs/2-2a/Champion.txt
npc	valkyrie	53	42	0	52	Champion
file	npc/jobs/2-2a/Clown.txt
npc	valkyrie	53	54	0	741	Minstrel
file	npc/jobs/2-2a/Creator.txt
npc	valkyrie	53	50	0	122	Biochemist
file	npc/jobs/2-2a/Gypsy.txt
npc	valkyrie	53	56	0	101	Gypsy
file	npc/jobs/2-2a/Paladin.txt
npc	valkyrie	53	39	0	752	Paladin
file	npc/jobs/2-2a/Professor.txt
npc	valkyrie	53	47	0	743	Scholar
file	npc/jobs/2-2a/Stalker.txt
npc	valkyrie	53	58	0	747	Stalker
file	npc/jobs/2-2e/SoulLinker.txt
npc	morocc_in	174	30	0	716	Kid
npc	job_soul	35	30	0	716	Maia
npc	job_soul	30	35	0	827	Monk Spirit
npc	job_soul	30	25	0	754	Sage Spirit
npc	job_soul	25	30	0	744	Alchemist Spirit
npc	sec_in02	35	153	0	871	Soul Linker Var
file	npc/jobs/novice/supernovice.txt
npc	aldeba_in	223	167	0	709	Tzerero
npc	aldeba_in	216	169	0	86	Esseray
npc	aldebaran	54	238	0	117	Kafra Employee
file	npc/jobs/valkyrie.txt
npc	valkyrie	48	86	0	811	Valkyrie
npc	yuno_in02	88	164	0	742	Metheus Sylphe
npc	valkyrie	44	33	0	124	Teleporter
file	npc/kafras/cool_event_corp.txt
npc	lighthalzen	94	248	0	874	Cool Event Corp Staff
npc	hugel	88	168	0	874	Cool Event Corp. Staff
npc	rachel	109	138	0	874	Cool Event Corp. Staff
npc	veins	208	128	0	874	Cool Event Corp. Staff
file	npc/kafras/dts_warper.txt
npc	yuno	162	191	0	861	Kafra Voting Staff
npc	prontera	164	125	0	116	Kafra Voting Staff
npc	moc_ruins	104	133	0	116	Kafra Voting Staff
npc	geffen	122	37	0	116	Kafra Voting Staff
npc	payon	158	182	0	116	Kafra Voting Staff
npc	alberta	119	70	0	116	Kafra Voting Staff
npc	aldebaran	145	102	0	116	Kafra Voting Staff
npc	lighthalzen	163	60	0	861	Kafra Voting Staff
npc	yuno	153	191	0	874	Cool Event Staff
npc	prontera	147	125	0	874	Cool Event Staff
npc	moc_ruins	97	133	0	874	Cool Event Staff
npc	geffen	117	37	0	874	Cool Event Staff
npc	payon	153	182	0	874	Cool Event Staff
npc	alberta	114	70	0	874	Cool Event Staff
npc	aldebaran	138	102	0	874	Cool Event Staff
npc	lighthalzen	154	60	0	874	Cool Event Staff
file	npc/kafras/kafras.txt
npc	aldeba_in	96	181	0	113	Kafra Service
npc	aldebaran	143	119	0	113	Kafra Employee
npc	geffen	120	62	0	115	Kafra Employee
npc	geffen	203	123	0	114	Kafra Employee
npc	morocc	156	97	0	113	Kafra Employee
npc	morocc	160	258	0	114	Kafra
npc	payon	181	104	0	113	Kafra Employee
npc	payon	175	226	0	116	Kafra Employee
npc	pay_arche	55	123	0	117	Kafra Employee
npc	prontera	152	326	0	112	Kafra Employee
npc	prontera	151	29	0	115	Kafra Employee
npc	prontera	29	207	0	113	Kafra Employee
npc	prontera	282	200	0	114	Kafra Employee
npc	prontera	146	89	0	117	Kafra Employee
npc	yuno	152	187	0	860	Kafra Employee
npc	yuno	327	108	0	860	Kafra Employee
npc	yuno	277	221	0	861	Kafra Employee
npc	alberta	28	229	0	116	Kafra Employee
npc	alberta	113	60	0	112	Kafra Employee
npc	comodo	195	150	0	721	Kafra Employee
npc	cmd_fild07	136	134	0	721	Kafra Employee
npc	moscovia	223	191	0	114	Kafra Employee
npc	amatsu	102	149	0	116	Kafra Employee
npc	ayothaya	212	169	0	116	Kafra Employee
npc	einbech	181	132	0	860	Kafra Employee
npc	einbroch	242	205	0	860	Kafra Employee
npc	einbroch	59	203	0	861	Kafra Employee
npc	gonryun	159	122	0	116	Kafra Employee
npc	lighthalzen	164	100	0	860	Kafra Employee
npc	lighthalzen	191	320	0	861	Kafra Employee
npc	lhz_in02	237	284	0	861	Kafra Employee
npc	louyang	210	104	0	116	Kafra Employee
npc	umbala	87	160	0	721	Kafra Employee
npc	niflheim	202	180	0	791	Kafra Employee
npc	izlu2dun	106	58	0	116	Kafra Employee
npc	prt_fild05	290	224	0	114	Kafra Employee
npc	mjolnir_02	83	362	0	116	Kafra Employee
npc	moc_ruins	59	157	0	114	Kafra Employee
npc	gef_fild10	73	340	0	116	Kafra Employee
npc	alb2trea	59	69	0	117	Kafra Employee
npc	brasilis	197	221	0	117	Kafra Employee
file	npc/merchants/advanced_refiner.txt
npc	payon	157	146	0	85	Suhnbi
file	npc/merchants/alchemist.txt
npc	alde_alche	24	188	0	740	Guild Dealer
file	npc/merchants/buying_shops.txt
npc	que_job01	68	84	0	881	Black Marketeer
npc	alberta_in	58	52	0	59	Purchasing Team
file	npc/merchants/cash_trader.txt
npc	payon	171	142	1	116	Kafra Shop Employee
file	npc/merchants/cashheadgear_dye.txt
npc	prt_in	253	168	0	862	Alora
file	npc/merchants/clothes_dyer.txt
npc	prt_in	284	168	0	55	Dyer Ginedin Rephere
file	npc/merchants/coin_exchange.txt
npc	man_in01	286	16	0	454	Merchant of Manuk
npc	spl_in01	110	326	0	439	Merchant of Splendide
file	npc/merchants/dye_maker.txt
npc	morocc_in	146	99	0	58	Java Dullihan
file	npc/merchants/elemental_trader.txt
npc	ama_in02	61	27	0	749	Alchemist
file	npc/merchants/enchan_arm.txt
npc	prontera	165	60	0	73	Apprentice Craftsman
file	npc/merchants/gemstone.txt
npc	payon	173	238	0	754	Jade
file	npc/merchants/hair_dyer.txt
npc	lhz_in02	100	134	0	850	Hair Dyer
file	npc/merchants/hair_style.txt
npc	alberta	33	141	0	87	Roving Hair Dresser
npc	lhz_in02	91	155	0	862	Assistant Beautician
file	npc/merchants/icecream.txt
npc	alberta	120	45	0	85	Ice Cream Maker
npc	moc_fild16	88	304	0	85	Ice Cream Maker
file	npc/merchants/inn.txt
npc	prt_in	244	135	0	53	Inn Employee
npc	prt_in	61	141	0	53	Inn Employee
npc	alberta_in	32	142	0	53	Inn Employee
npc	geffen_in	70	64	0	53	Inn Employee
npc	payon_in01	132	62	0	53	Inn Employee
npc	aldeba_in	92	58	0	53	Inn Maid
npc	ra_in01	376	69	0	931	Inn Keeper
npc	lhz_in02	230	284	0	86	Hotel Employee
npc	hu_in01	246	107	0	53	Inn Maid
npc	ve_in	157	219	0	709	Inn Master
npc	bra_in01	27	24	0	478	Hotel Keeper
npc	ein_in01	206	224	0	855	Hotel Employee
file	npc/merchants/kunai_maker.txt
npc	que_ng	72	29	0	83	Kunai Merchant Kashin
file	npc/merchants/milk_trader.txt
npc	prontera	73	140	0	86	Milk Vendor
file	npc/merchants/novice_exchange.txt
npc	prontera	123	102	0	85	Merchant
npc	morocc	180	259	0	85	Merchant
npc	payon	200	134	0	85	Merchant
npc	aldebaran	152	63	0	85	Merchant
npc	geffen	173	88	0	85	Merchant
file	npc/merchants/old_pharmacist.txt
npc	alberta_in	16	28	0	61	Pharmacist
file	npc/merchants/quivers.txt
npc	payon_in01	5	134	0	89	Inventor Jaax
file	npc/merchants/refine.txt
npc	geffen_in	110	172	0	63	Christopher
npc	ein_in01	38	29	0	63	Paul Spanner
npc	prt_in	63	60	0	85	Hollgrehenn
npc	morocc_in	73	38	0	99	Aragham
npc	payon	144	173	0	88	Antonio
npc	alberta_in	28	58	0	85	Fredrik
npc	yuno_in01	171	21	0	88	Lambert
npc	ein_in01	24	87	0	826	Manthasman
npc	lhz_in02	282	20	0	869	Fulerr
npc	prt_in	56	68	0	86	Vurewell
npc	payon	145	178	0	88	Begnahd
npc	morocc_in	63	32	0	99	Sade
npc	alberta_in	13	71	0	86	Kahlamanlith
npc	yuno_in01	171	27	0	88	Dilemma
npc	ein_in01	15	87	0	86	Tirehaus
npc	lhz_in02	278	24	0	86	Krugg
npc	prt_in	63	69	0	84	Dietrich
npc	payon	137	178	0	88	Hakhim
npc	morocc_in	72	32	0	99	Abdula
npc	alberta_in	21	63	0	84	Xenophon
npc	yuno_in01	164	27	0	88	Delight
npc	ein_in01	18	82	0	84	Matestein
npc	lhz_in02	281	24	0	84	Fruel
npc	alberta_in	31	65	0	86	Repairman
npc	moc_ruins	107	94	0	99	Repairman
npc	payon	143	165	0	88	Repairman
npc	prt_in	63	54	0	86	Repairman
npc	yuno_in01	175	28	0	86	Repairman
npc	geffen_in	34	166	0	99	Repairman
npc	aldeba_in	38	60	0	86	Repairman
npc	lhz_in02	284	14	0	86	Repairman
npc	prt_gld	139	117	0	86	Repairman
npc	gef_fild13	263	117	0	86	Repairman
npc	pay_gld	295	183	0	86	Repairman
npc	alde_gld	220	152	0	86	Repairman
npc	aru_gld	189	336	0	86	Repairman
npc	sch_gld	340	80	0	86	Repairman
file	npc/merchants/renters.txt
npc	prontera	55	350	0	105	Peco Peco Breeder
npc	prontera	232	318	0	105	Peco Peco Breeder
npc	hu_in01	381	304	0	105	Falcon Breeder
file	npc/merchants/shops.txt
npc	alb2trea	87	65	1	83	Tool Dealer
npc	alberta_in	165	96	1	74	Item Collector
npc	alberta_in	182	97	1	73	Tool Dealer
npc	alberta_in	180	15	1	101	Armor Dealer
npc	alberta_in	188	21	1	49	Weapon Dealer
npc	alberta_in	175	97	1	82	Weapon Dealer
npc	aldeba_in	20	60	1	101	Armor Dealer
npc	aldeba_in	28	54	1	49	Weapon Dealer
npc	aldeba_in	22	47	1	713	Weapon Dealer
npc	aldeba_in	94	56	1	83	Tool Dealer
npc	ama_in01	89	28	1	757	Armor Dealer
npc	ama_in01	102	28	1	766	Weapon Dealer
npc	ama_in01	24	30	1	763	Tool Dealer
npc	ayo_in01	18	182	1	840	Tool Dealer
npc	ayo_in01	90	192	1	843	Weapon Dealer
npc	ayo_in01	90	160	1	842	Armor Dealer
npc	brasilis	252	257	1	478	Tool Dealer
npc	brasilis	244	243	1	477	Weapon Dealer
npc	brasilis	221	128	1	477	Fruit Gardener
npc	cmd_in01	117	165	1	101	Armor Dealer
npc	cmd_in01	128	165	1	49	Weapon Dealer
npc	cmd_in01	79	182	1	83	Tool Dealer
npc	comodo	296	125	1	101	Souvenir Vendor
npc	cmd_fild07	257	126	1	83	Tool Dealer
npc	cmd_fild07	250	98	1	49	Weapon Dealer
npc	cmd_fild07	277	85	1	101	Armor Dealer
npc	ein_in01	106	27	1	850	One Hand Weapon Dealer
npc	ein_in01	109	27	1	850	Two Hand Weapon Dealer
npc	ein_in01	119	26	1	855	Weapon Dealer
npc	ein_in01	189	15	1	850	Tool Dealer
npc	einbroch	138	66	1	850	Flu Mask Dealer
npc	einbroch	82	199	1	855	Paddler
npc	que_ng	179	91	1	900	Chivas Lugal
npc	geffen_in	26	178	1	66	Armor Dealer
npc	geffen_in	30	178	1	47	Weapon Dealer
npc	geffen_in	22	171	1	84	Weapon Dealer
npc	geffen_in	74	144	1	66	Trader
npc	geffen_in	77	167	1	68	Tool Dealer
npc	geffen_in	77	173	1	64	Magical Item Seller
npc	geffen_in	171	123	1	64	Tool Dealer
npc	gonryun	147	84	1	777	Tool Dealer
npc	gonryun	174	101	1	774	Weapon Dealer
npc	gonryun	173	84	1	770	Armor Dealer
npc	hugel	105	169	1	90	Vendor from Milk Ranch
npc	hugel	77	167	1	892	Vegetable Gardener
npc	hu_in01	241	368	1	53	Tool Dealer
npc	hu_in01	252	368	1	90	Tool Dealer
npc	hu_in01	100	390	1	86	Bow Dealer
npc	hu_in01	94	390	1	898	Weapon Dealer
npc	hu_in01	94	313	1	86	Armor Dealer
npc	izlude_in	60	127	1	72	Weapon Dealer
npc	izlude_in	70	127	1	62	Armor Dealer
npc	jawaii	186	174	1	85	Ice Cream Guy
npc	yuno	218	97	1	84	Tool Dealer
npc	yuno	226	107	1	83	Tool Dealer
npc	yuno	205	103	1	125	Mr. King's Shop
npc	yuno	163	187	1	90	Magical Item Seller
npc	yuno_in01	25	34	1	83	Tool Dealer
npc	yuno_in01	103	35	1	49	Weapon Dealer
npc	yuno_in01	112	26	1	101	Armor Dealer
npc	yuno_in03	176	22	1	89	Scroll Merchant
npc	lighthalzen	69	75	1	102	Fruit Gardener
npc	lighthalzen	112	44	1	90	Flower Girl
npc	lighthalzen	124	129	1	91	Vegetable Gardener
npc	lighthalzen	220	122	1	90	Vendor from Milk Ranch
npc	lhz_in02	286	95	1	62	Beginner's Merchant
npc	lhz_in02	271	99	1	851	Armor Dealer
npc	lhz_in02	276	99	1	851	Weapon Dealer
npc	lhz_in02	273	35	1	854	Wand Dealer
npc	lhz_in02	17	220	1	91	Vegetable Gardener
npc	lhz_in02	21	220	1	102	Fruit Gardener
npc	lhz_in02	32	219	1	54	Butcher
npc	lhz_in02	38	145	1	91	Gift Merchant
npc	lhz_in02	47	148	1	71	Wedding Shop Dealer
npc	lhz_in02	31	145	1	90	Tool Dealer
npc	lhz_in02	85	216	1	862	Doll Supplier
npc	lhz_in02	87	208	1	715	Toy Supplier
npc	lhz_in03	239	106	1	850	Tool Dealer
npc	lhz_in03	258	101	1	855	Arrow Merchant
npc	lhz_in03	249	24	1	855	Merchant
npc	lou_in02	121	182	1	818	Armor Dealer
npc	lou_in02	130	182	1	822	Weapon Dealer
npc	lou_in02	239	176	1	818	Tool Dealer
npc	xmas_in	40	38	1	83	Tool Dealer
npc	xmas_in	168	104	1	101	Armor Dealer
npc	xmas_in	169	34	1	702	Gift Seller
npc	xmas_in	174	98	1	49	Weapon Dealer
npc	in_moc_16	22	20	1	880	Sepulchral Merchant
npc	moc_ruins	93	53	1	85	Item Collector
npc	moc_ruins	81	113	1	85	Item Collector
npc	moc_ruins	113	126	1	99	Trader
npc	moc_ruins	131	138	1	93	Trader
npc	moc_ruins	71	139	1	93	Trader
npc	moc_ruins	125	135	1	89	Trader
npc	moc_ruins	87	109	1	58	Butcher
npc	moc_ruins	90	149	1	99	Trader
npc	morocc_in	141	67	1	58	Weapon Dealer
npc	morocc_in	141	60	1	58	Armor Dealer
npc	morocc_in	132	57	1	99	Weapon Dealer
npc	mosk_in	21	254	1	968	Tool Dealer
npc	mosk_in	31	180	1	968	Weapon Dealer
npc	mosk_in	79	178	1	961	Armor Dealer
npc	moscovia	152	71	1	968	Fruit Gardener
npc	moscovia	199	110	1	959	Vendor from Milk Ranch
npc	nif_in	37	93	1	801	Axe Dealer
npc	nif_in	37	84	1	801	Armor Dealer
npc	nif_in	145	23	1	801	Tool Dealer
npc	payon_in01	15	119	1	77	Weapon Dealer
npc	payon_in01	5	129	1	703	Weapon Dealer
npc	payon_in01	7	119	1	76	Armor Dealer
npc	payon_in01	5	49	1	88	Tool Dealer
npc	payon_in02	87	34	1	75	Tool Dealer
npc	payon	159	96	1	88	Tool Dealer
npc	prontera	73	134	1	90	Vendor from Milk Ranch
npc	prontera	104	49	1	102	Fruit Gardener
npc	prontera	64	125	1	87	Butcher
npc	prontera	58	182	1	96	Flower Girl
npc	prontera	113	42	1	90	Flower Lady
npc	prontera	105	87	1	91	Gift Merchant
npc	prontera	248	153	1	85	Doll Supplier
npc	prontera	48	58	1	91	Vegetable Gardener
npc	prt_church	108	124	1	79	Nun
npc	prt_fild05	290	221	1	83	Tool Dealer
npc	prt_in	211	169	1	71	Wedding Shop Dealer
npc	prt_in	126	76	1	53	Tool Dealer
npc	prt_in	172	130	1	54	Weapon Dealer
npc	prt_in	172	132	1	48	Armor Dealer
npc	prt_in	171	140	1	47	Weapon Dealer
npc	prt_in	165	140	1	66	Weapon Dealer
npc	prt_monk	135	263	1	726	Weapon Dealer
npc	ra_in01	175	364	1	919	Armor Dealer
npc	ra_in01	257	269	1	919	Tool Dealer
npc	ra_in01	176	389	1	931	Weapon Dealer
npc	ra_in01	254	300	1	931	Fruit Gardener
npc	rachel	65	80	1	919	Vegetable Gardener
npc	tur_dun01	158	54	1	99	Tool Dealer
npc	um_in	104	124	1	788	Tool Dealer
npc	um_in	160	125	1	789	Weapon Dealer
npc	ve_in	386	245	1	931	Weapon Dealer
npc	ve_in	336	243	1	931	Weapon Dealer
npc	ve_in	374	230	1	919	Armor Dealer
npc	ve_in	243	303	1	943	Tool Dealer
npc	ve_in	253	304	1	941	Fruit Gardener
npc	ve_in	252	313	1	942	Magical Item Seller
npc	aldebaran	165	107	1	97	Chef Assistant
npc	comodo	225	164	1	83	Chef Assistant
npc	umbala	102	154	1	83	Chef Assistant
npc	yuno	130	173	1	83	Chef Assistant
npc	einbroch	224	207	1	83	Chef Assistant
npc	lighthalzen	126	126	1	83	Chef Assistant
npc	amatsu	206	150	1	83	Chef Assistant
npc	louyang	256	123	1	820	Chef Assistant
npc	gonryun	147	101	1	83	Chef Assistant
npc	ayothaya	203	178	1	83	Chef Assistant
npc	xmas	152	137	1	83	Chef Assistant
npc	niflheim	209	180	1	83	Chef Assistant
file	npc/merchants/socket_enchant.txt
npc	payon	140	151	0	84	Seiyablem
npc	lhz_in02	281	35	0	84	Seiyablem
npc	prt_in	33	70	0	84	Seiyablem
npc	morocc	51	41	0	84	Seiyablem
npc	prt_in	31	57	0	97	Young Man
npc	payon	143	143	0	97	Young Man
npc	morocc	60	42	0	97	Young Man
npc	lhz_in02	269	33	0	97	Young Man
file	npc/merchants/socket_enchant2.txt
npc	payon	236	199	0	86	Leablem
npc	lighthalzen	96	137	0	86	Leablem
npc	prt_in	22	60	0	86	Leablem
file	npc/merchants/wander_pet_food.txt
npc	prontera	218	218	0	96	Pet Enthusiast
npc	prontera	220	218	0	955	Berry Toe
file	npc/other/acolyte_warp.txt
npc	prontera	98	121	0	90	Acolyte
npc	yuno	142	184	0	90	Acolyte
file	npc/other/arena/arena_aco.txt
npc	arena_room	136	138	0	124	Acolyte Waiting Room
npc	prt_are_in	181	83	0	67	Staff
npc	prt_are_in	25	31	0	67	Staff
npc	arena_room	94	82	0	79	Arena Record Staff
npc	arena_room	140	136	0	729	Guide Alias
npc	arena_room	195	5	0	802	log-on-aco
npc	arena_room	195	10	0	802	acolink
file	npc/other/arena/arena_lvl50.txt
npc	arena_room	64	138	0	124	Lv50 Waiting Room
npc	force_1-1	99	20	0	124	Heel and Toe
npc	prt_are_in	129	188	0	67	Staff
npc	prt_are_in	25	188	0	67	Staff
file	npc/other/arena/arena_lvl60.txt
npc	arena_room	38	88	0	124	Lv60 Waiting Room
npc	force_2-1	99	20	0	124	Minilover
npc	prt_are_in	129	135	0	67	Staff
npc	prt_are_in	25	135	0	67	Staff
file	npc/other/arena/arena_lvl70.txt
npc	arena_room	52	42	0	124	Lv70 Waiting Room
npc	force_3-1	99	20	0	124	Cadillac
npc	prt_are_in	129	83	0	67	Staff
npc	prt_are_in	25	84	0	67	Staff
file	npc/other/arena/arena_lvl80.txt
npc	arena_room	147	42	0	124	Lv80 Waiting Room
npc	force_4-1	99	20	0	124	Octus
npc	prt_are_in	181	188	0	67	Staff
npc	prt_are_in	77	187	0	67	Staff
file	npc/other/arena/arena_party.txt
npc	arena_room	162	88	0	124	Ponox
npc	prt_are_in	76	87	0	67	Helper
npc	force_1-2	99	31	0	124	Slipslowrun
npc	prt_are_in	181	135	0	67	Staff
npc	prt_are_in	77	135	0	67	Staff
file	npc/other/arena/arena_point.txt
npc	prt_are_in	103	11	0	732	Arena Point Manager
file	npc/other/arena/arena_room.txt
npc	arena_room	94	93	0	97	Vendigos
npc	arena_room	105	82	0	57	Arena Record Staff
npc	arena_room	68	135	0	726	Helper Pat
npc	arena_room	41	93	0	750	Helper Ben
npc	arena_room	53	49	0	730	Helper Vicious
npc	arena_room	147	49	0	727	Helper Epin
npc	arena_room	158	93	0	828	Helper Lunic
npc	arena_room	158	82	0	828	Helper Lonik
npc	sec_in02	72	180	0	802	Arena Manager
npc	sec_in02	79	171	0	802	Reward Manager
npc	arena_room	105	93	0	55	Teleporter
npc	prt_are_in	98	14	0	728	Givu
npc	sec_in02	72	171	0	802	Picture Manager
npc	sec_in02	76	176	0	802	Live Broadcast
file	npc/other/auction.txt
npc	moc_ruins	78	173	0	98	Auction Hall Guide
npc	prontera	218	120	0	117	Auction Hall Guide
npc	yuno	129	116	0	90	Auction Hall Guide
npc	lighthalzen	205	169	0	833	Auction Hall Guide
npc	moc_ruins	76	176	0	837	Information Post
npc	prontera	216	120	0	837	Information Post
npc	yuno	131	116	0	837	Information Post
npc	lighthalzen	207	169	0	837	Information Post
npc	auction_01	182	68	0	98	Auction Broker
npc	auction_01	182	75	0	99	Auction Broker
npc	auction_01	177	75	0	98	Auction Broker
npc	auction_01	177	68	0	99	Auction Broker
npc	auction_01	21	74	0	117	Auction Broker
npc	auction_01	27	78	0	116	Auction Broker
npc	auction_01	16	78	0	115	Auction Broker
npc	auction_02	158	47	0	90	Auction Broker
npc	auction_02	145	47	0	90	Auction Broker
npc	auction_02	151	54	0	90	Auction Broker
npc	auction_02	152	41	0	90	Auction Broker
npc	auction_02	57	46	0	874	Auction Broker
npc	auction_02	31	46	0	874	Auction Broker
npc	auction_02	43	65	0	833	Auction Broker
file	npc/other/bulletin_boards.txt
npc	alberta	111	59	0	837	Bulletin Board
npc	geffen	124	65	0	837	Bulletin Board
npc	izlu2dun	104	92	0	837	Bulletin Board
npc	payon	178	108	0	837	Bulletin Board
npc	pay_arche	79	31	0	837	Bulletin Board
npc	prontera	148	49	0	837	Bulletin Board
npc	morocc	152	110	0	837	Bulletin Board
npc	comodo	210	148	0	837	Bulletin Board
npc	umbala	137	94	0	837	Bulletin Board
npc	gef_fild09	227	29	0	835	Bulletin Board
npc	gef_fild13	202	31	0	835	Bulletin Board
npc	gef_fild13	29	206	0	836	Bulletin Board
npc	gef_fild08	211	24	0	836	Bulletin Board
npc	gef_fild10	109	23	0	836	Bulletin Board
npc	yuno	154	112	0	837	Bulletin Board
npc	aldebaran	145	105	0	837	Bulletin Board
npc	xmas_fild01	75	80	0	837	Bulletin Board
npc	niflheim	200	191	0	837	Bulletin Board
npc	glast_01	369	308	0	837	Bulletin Board
file	npc/other/card_trader.txt
npc	prontera	115	90	0	90	Putty
file	npc/other/comodo_gambling.txt
npc	comodo	219	158	0	91	Kachua
npc	comodo	204	148	0	90	Devellin
npc	comodo	210	154	0	118	Suspicious Guy
npc	mjolnir_02	85	362	0	726	Blacksmith Miner
file	npc/other/divorce.txt
npc	nif_in	190	112	0	738	Deviruchi
file	npc/other/fortune.txt
npc	payon_in03	117	128	0	704	Fortune Teller
npc	payon_in03	75	129	0	704	Poring Fortune Teller
npc	payon_in03	118	119	0	101	Ascetic
file	npc/other/guildpvp.txt
npc	pvp_y_room	77	85	0	105	Guild Battle Guide
file	npc/other/gympass.txt
npc	payon	173	141	0	899	Ripped Cabus
file	npc/other/hugel_bingo.txt
npc	que_bingo	48	84	0	124	Bingo Waiting Room
npc	que_bingo	49	31	0	47	Arcade Helper
npc	que_bingo	42	31	0	66	Arcade Helper
npc	que_bingo	54	17	0	712	Arcade Owner
file	npc/other/mail.txt
npc	prontera	146	86	0	888	Mailbox
npc	prontera	275	213	0	888	Mailbox
npc	prontera	34	212	0	888	Mailbox
npc	izlude	136	94	0	888	Mailbox
npc	moc_ruins	72	166	0	888	Mailbox
npc	moc_ruins	156	52	0	888	Mailbox
npc	geffen	115	67	0	888	Mailbox
npc	geffen	199	125	0	888	Mailbox
npc	payon	191	104	0	888	Mailbox
npc	payon	171	226	0	888	Mailbox
npc	pay_arche	55	127	0	888	Mailbox
npc	alberta	90	60	0	888	Mailbox
npc	alberta	30	240	0	888	Mailbox
npc	aldebaran	135	122	0	888	Mailbox
npc	yuno	148	187	0	888	Mailbox
npc	yuno	332	108	0	888	Mailbox
npc	lighthalzen	164	85	0	888	Mailbox
npc	lighthalzen	196	320	0	888	Mailbox
npc	einbroch	231	215	0	888	Mailbox
npc	einbroch	77	202	0	888	Mailbox
npc	einbech	182	124	0	888	Mailbox
npc	comodo	200	150	0	888	Mailbox
npc	umbala	104	155	0	888	Mailbox
npc	amatsu	102	146	0	888	Mailbox
npc	gonryun	152	117	0	888	Mailbox
npc	ayothaya	205	169	0	888	Mailbox
npc	louyang	204	100	0	888	Mailbox
npc	rachel	122	146	0	888	Post Box
npc	veins	218	123	0	888	Post Box
file	npc/other/marriage.txt
npc	prt_church	97	100	0	71	Wedding Staff
npc	prt_church	97	102	0	105	Single Army
npc	prt_church	98	102	0	705	Single Army
npc	prt_church	99	102	0	707	Single Army
npc	prt_church	100	102	0	708	Single Army
npc	prt_church	101	102	0	767	Single Army
npc	prt_church	102	102	0	780	Single Army
npc	prt_church	100	128	0	60	Bishop
npc	prt_church	28	178	0	108	The King of Rune-Midgarts
npc	prt_church	20	179	0	71	Divorce Staff
npc	prt_church	22	179	0	71	Remarry Staff
file	npc/other/mercenary_rent.txt
npc	prontera	41	337	0	105	Mercenary Manager
npc	pay_arche	99	167	0	732	Mercenary Manager
npc	prontera	30	337	0	700	Mercenary Merchant
npc	pay_arche	102	167	0	879	Mercenary Merchant
npc	prontera	299	379	0	105	Mercenary Switch
npc	pay_arche	170	185	0	879	Mercenary Switch
npc	izlude	245	250	0	893	Mercenary Switch
file	npc/other/monster_museum.txt
npc	yuno_in03	32	15	0	67	Museum Guide
npc	yuno_in03	36	21	0	1108	Deviace
npc	yuno_in03	36	27	0	1317	Seal
npc	yuno_in03	36	33	0	1281	Sage Worm
npc	yuno_in03	39	39	0	1216	Penomena
npc	yuno_in03	39	44	0	1391	Galapago
npc	yuno_in03	15	21	0	1163	Raydric
npc	yuno_in03	15	27	0	1250	Chepet
npc	yuno_in03	15	33	0	1390	Violy
npc	yuno_in03	10	39	0	1275	Alice
npc	yuno_in03	10	45	0	1315	Assulter
npc	yuno_in03	38	50	0	1047	PecoPeco Egg
npc	yuno_in03	34	54	0	1048	Thief Bug Egg
npc	yuno_in03	12	50	0	1097	Ant Egg
npc	yuno_in03	18	96	0	1208	Wanderer
npc	yuno_in03	16	100	0	1300	Caterpillar
npc	yuno_in03	16	104	0	1054	Male Thiefbug
npc	yuno_in03	16	108	0	1279	Tri Joint
npc	yuno_in03	16	111	0	1194	Arclouz
npc	yuno_in03	16	117	0	1321	Dragon Tail
npc	yuno_in03	46	96	0	1320	Owl Duke
npc	yuno_in03	48	100	0	1142	Marine Sphere
npc	yuno_in03	48	104	0	1020	Mandragora
npc	yuno_in03	48	108	0	1368	Geographer
npc	yuno_in03	48	112	0	1162	Rafflesia
npc	yuno_in03	48	116	0	1215	Stem Worm
npc	yuno_in03	24	124	0	1367	Blazzer
npc	yuno_in03	28	124	0	1195	Ride Word
npc	yuno_in03	31	124	0	1064	Megalodon
npc	yuno_in03	35	124	0	1386	Sleeper
npc	yuno_in03	39	124	0	1297	Ancient Mummy
npc	yuno_in03	18	122	0	1374	Incubus
npc	yuno_in03	44	120	0	1370	Succubus
file	npc/other/monster_race.txt
npc	p_track01	73	22	0	899	Ticket Helper
npc	p_track01	67	45	0	845	Medal Distributor
npc	p_track01	76	36	0	798	Exit Guide
npc	hugel	58	72	0	798	Eckar Ellebird
npc	p_track01	39	49	0	845	Game Guide
npc	hugel	62	69	0	798	Eckar Erenes
npc	p_track02	73	22	0	899	Ticket Helper
npc	p_track02	39	49	0	845	Game Guide
npc	p_track02	67	45	0	845	Medal Distributor
npc	p_track02	76	38	0	798	Exit Guide
npc	ein_in01	85	208	0	854	Ei'felle
npc	hugel	71	83	0	900	Wayne
npc	airplane	246	47	0	878	Eocatt
npc	hugel	85	93	0	866	Mudie
npc	p_track02	32	45	0	755	Eccentric Scholar
npc	p_track02	69	31	0	726	Blacksmith Guildsman
npc	p_track02	53	45	0	733	Valiant Knight
npc	p_track01	27	47	0	853	Drunkard
npc	p_track01	69	31	0	107	Blacksmith Guildsman
npc	p_track01	45	42	0	881	Absent Minded Man
npc	hugel	5	5	0	868	Monster Race Manager
file	npc/other/poring_war.txt
npc	prt_fild08	159	371	0	909	Poring War Recruiter
npc	poring_w01	100	97	0	909	Poring Vending Machine
npc	poring_w01	96	97	0	738	Sweet Devi
npc	poring_w01	91	97	0	1002	Poring
npc	poring_w01	91	68	0	1002	Poring
npc	poring_w01	112	68	0	1002	Poring
npc	poring_w02	26	181	0	739	Mr. Doppel
npc	poring_w02	170	181	0	739	Mr. Doppel
npc	poring_w02	99	201	0	738	Deviruchi
npc	poring_w01	79	102	0	1002	Angeling Side Poring
npc	poring_w01	80	107	0	1002	Angeling Side Poring
npc	poring_w01	84	108	0	1002	Angeling Side Poring
npc	poring_w01	84	112	0	1002	Angeling Side Poring
npc	poring_w01	88	112	0	1002	Angeling Side Poring
npc	poring_w01	114	112	0	1242	Deviling Side Marin
npc	poring_w01	117	111	0	1242	Deviling Side Marin
npc	poring_w01	117	108	0	1242	Deviling Side Marin
npc	poring_w01	122	108	0	1242	Deviling Side Marin
npc	poring_w01	121	105	0	1242	Deviling Side Marin
file	npc/other/powernpc.txt
npc	gonryun	180	118	0	85	Iron man
npc	gon_test	50	14	0	780	Administrator
npc	gon_test	42	89	0	774	Summoner
npc	gon_test	46	14	0	770	Guide of field of fight
npc	gon_test	70	103	0	773	ChowAnAn
file	npc/other/pvp.txt
npc	morocc_in	144	138	0	84	PVP Narrator
npc	alberta_in	22	146	0	84	PVP Narrator
npc	prt_in	56	140	0	84	PVP Narrator
npc	geffen_in	67	63	0	84	PVP Narrator
npc	payon_in01	142	50	0	84	PVP Narrator
npc	geffen_in	67	63	0	84	PVP Narrator
npc	morocc_in	144	142	0	83	Gate Keeper
npc	alberta_in	26	146	0	83	Gate Keeper
npc	prt_in	52	140	0	83	Gate Keeper
npc	geffen_in	63	63	0	83	Gate Keeper
npc	payon_in01	140	53	0	83	Gate Keeper
npc	pvp_room	54	85	0	105	Registration Staff
npc	pvp_room	62	85	0	105	Spectator's Entrance
npc	pvp_room	70	85	0	105	Spectator's Entrance
npc	pvp_room	78	85	0	105	Spectator's Entrance
npc	pvp_room	86	85	0	105	Spectator's Entrance
file	npc/other/turbo_track.txt
npc	turbo_room	110	135	0	124	Expert mode - 4 person
npc	turbo_room	117	135	0	124	Expert mode - 8 person
npc	turbo_room	124	135	0	124	Expert mode - 16 person
npc	turbo_room	77	135	0	124	Normal mode - 4 person
npc	turbo_room	84	135	0	124	Normal mode - 8 person
npc	turbo_room	91	135	0	124	Normal mode - 16 person
npc	turbo_room	72	132	0	124	Solo Mode
npc	turbo_e_4	298	167	0	124	Helper
npc	turbo_e_4	298	167	0	124	Helper
npc	turbo_e_8	298	167	0	124	Helper
npc	turbo_e_16	298	167	0	124	Helper
npc	turbo_n_4	298	167	0	124	Helper
npc	turbo_n_8	298	167	0	124	Helper
npc	turbo_n_16	298	167	0	124	Helper
npc	turbo_n_1	298	167	0	124	Helper
npc	turbo_e_4	384	167	0	47	Winner Helper
npc	turbo_e_8	384	167	0	47	Winner Helper
npc	turbo_e_16	384	167	0	47	Winner Helper
npc	turbo_n_4	384	167	0	47	Winner Helper
npc	turbo_n_8	384	167	0	47	Winner Helper
npc	turbo_n_16	384	167	0	47	Winner Helper
npc	turbo_n_1	384	167	0	47	Guide
npc	turbo_room	130	92	0	115	Kafra Staff
npc	turbo_room	124	86	1	90	Turbo Track Merchant
npc	turbo_room	99	120	0	124	Turbo Track Guide
npc	turbo_room	102	117	0	857	Hall of Honor
npc	turbo_room	77	115	0	857	Solo Mode
npc	turbo_room	87	114	0	857	Normal Mode Record
npc	turbo_room	112	114	0	857	Expert Mode Record
npc	turbo_room	97	117	0	857	Hall of Honor
npc	turbo_room	75	95	0	857	Solo Mode
npc	turbo_room	67	95	0	857	Normal Mode Records
npc	turbo_room	71	95	0	857	Expert Mode Records
npc	turbo_room	93	117	0	125	Point Exchange Helper
npc	turbo_room	106	117	0	833	Point Manager
npc	alde_gld	186	199	0	845	Turbo Track Guide
npc	alde_gld	178	180	0	837	Sign
file	npc/pre-re/airports/izlude.txt
npc	izlude	206	55	0	90	Airship Staff
file	npc/pre-re/cities/alberta.txt
npc	alberta	245	93	0	709	Sea Captain
npc	alberta	247	42	0	843	Aibakthing
npc	alberta	245	69	0	776	Kunlun Envoy
npc	alberta	245	45	0	815	Girl
npc	alberta	245	66	0	960	Moscovia P.R. Officer
npc	alberta	247	122	0	709	Sailor
npc	alberta	248	89	0	121	Turtle Island Scholar
npc	alberta	232	106	0	57	Gershaun
file	npc/pre-re/cities/brasilis.txt
npc	alberta	247	115	0	100	Crewman
file	npc/pre-re/cities/izlude.txt
npc	izlude	201	181	0	100	Sailor
npc	izlude	55	74	0	90	Bonne
npc	izlude	135	78	0	91	Charfri
npc	izlude	119	121	0	124	Cuskoal
npc	izlude	150	118	0	84	Dega
npc	izlude	150	143	0	97	Kylick
npc	izlude	56	126	0	85	Red
npc	izlude	58	126	0	98	Cebalis
npc	izlude	124	178	0	105	Soldier
file	npc/pre-re/cities/jawaii.txt
npc	izlude	171	185	0	71	Honeymoon Helper
file	npc/pre-re/cities/lutie.txt
npc	aldebaran	223	222	0	718	Mr. Claus
file	npc/pre-re/cities/prontera.txt
npc	prontera	160	330	0	105	Guard
file	npc/pre-re/cities/yuno.txt
npc	yuno	150	283	0	105	Juno Soldier
npc	yuno	165	283	0	105	Juno Soldier
npc	yuno	227	292	0	105	Juno Soldier
npc	yuno	165	228	0	105	Juno Soldier
npc	yuno	150	228	0	105	Juno Soldier
npc	yuno	334	182	0	105	Juno Soldier
npc	yuno	263	320	0	105	Juno Soldier
file	npc/pre-re/guides/guides_alberta.txt
npc	alberta	23	238	0	105	Guide
npc	alberta	120	60	0	105	Guide
file	npc/pre-re/guides/guides_aldebaran.txt
npc	aldebaran	139	63	0	105	Soldier
npc	aldebaran	133	108	0	105	Soldier
file	npc/pre-re/guides/guides_amatsu.txt
npc	amatsu	207	89	0	758	Amatsu Guide
npc	amatsu	251	283	0	767	Guide Man
file	npc/pre-re/guides/guides_ayothaya.txt
npc	ayothaya	203	169	0	839	Noi
file	npc/pre-re/guides/guides_brasilis.txt
npc	brasilis	219	97	0	478	Brasilis Guide
file	npc/pre-re/guides/guides_comodo.txt
npc	comodo	322	178	0	700	Comodo Guide
npc	comodo	176	350	0	700	Comodo Guide
npc	comodo	37	219	0	700	Guide
file	npc/pre-re/guides/guides_einbroch.txt
npc	einbroch	72	202	0	852	Guide
npc	einbroch	155	43	0	852	Guide
npc	einbroch	162	317	0	852	Guide
npc	einbech	67	37	0	852	Guide
npc	einbech	48	214	0	852	Guide
file	npc/pre-re/guides/guides_geffen.txt
npc	geffen	203	116	0	705	Guide
npc	geffen	118	62	0	705	Guide
file	npc/pre-re/guides/guides_gonryun.txt
npc	gonryun	163	60	0	780	Kunlun Guide
file	npc/pre-re/guides/guides_hugel.txt
npc	hugel	98	56	0	863	Hugel Guide Granny
file	npc/pre-re/guides/guides_izlude.txt
npc	izlude	121	87	0	105	Guide
file	npc/pre-re/guides/guides_juno.txt
npc	yuno	153	47	0	700	Juno Guide
file	npc/pre-re/guides/guides_lighthalzen.txt
npc	lighthalzen	207	310	0	852	Guide
npc	lighthalzen	220	311	0	852	Guide
npc	lighthalzen	154	100	0	852	Guide
npc	lighthalzen	307	224	0	852	Guide
file	npc/pre-re/guides/guides_louyang.txt
npc	louyang	213	213	0	825	Soldier
npc	louyang	160	175	0	825	Soldier
npc	louyang	224	104	0	818	Representative
file	npc/pre-re/guides/guides_morroc.txt
npc	morocc	153	286	0	707	Guide
npc	morocc	54	97	0	707	Guide
file	npc/pre-re/guides/guides_moscovia.txt
npc	moscovia	161	76	0	959	Moscovia Guide
file	npc/pre-re/guides/guides_niflheim.txt
npc	niflheim	107	156	0	798	Roaming Man
file	npc/pre-re/guides/guides_payon.txt
npc	payon	162	67	0	708	Guide
npc	pay_arche	85	30	0	708	Guide
file	npc/pre-re/guides/guides_prontera.txt
npc	prontera	154	187	0	105	Guide
npc	prontera	282	208	0	105	East Gate-Guide
npc	prontera	29	200	0	105	West Gate-Guide
npc	prontera	160	29	0	105	South Gate-Guide
npc	prontera	151	330	0	105	North Gate-Guide
file	npc/pre-re/guides/guides_rachel.txt
npc	rachel	138	146	0	934	Rachel Guide
file	npc/pre-re/guides/guides_umbala.txt
npc	umbala	128	94	0	702	Adventurer
file	npc/pre-re/guides/guides_veins.txt
npc	veins	210	345	0	934	Veins Guide
npc	veins	189	101	0	934	Veins Guide
file	npc/pre-re/jobs/1-1/acolyte.txt
npc	prt_church	184	41	0	60	Cleric
npc	prt_fild03	365	255	0	89	Ascetic
npc	moc_fild07	41	355	0	95	Ascetic
npc	prt_fild00	208	218	0	98	Ascetic
file	npc/pre-re/jobs/1-1/archer.txt
npc	payon_in02	64	71	0	85	Archer Guildsman
file	npc/pre-re/jobs/1-1/mage.txt
npc	geffen_in	164	124	0	123	Mage Guildsman
file	npc/pre-re/jobs/1-1/merchant.txt
npc	alberta_in	53	43	0	86	Merchant
npc	alberta_in	28	29	0	83	Merchant Guildsman
npc	morocc_in	140	102	0	86	Student
npc	geffen_in	155	122	0	47	Guild Staff
npc	prontera	248	42	0	116	Kafra Employee
file	npc/pre-re/jobs/1-1/swordman.txt
npc	izlude_in	74	172	0	119	Swordman
npc	izlude_in	62	170	0	85	Swordman
npc	izlude_in	30	175	0	92	Swordman
npc	izlude_in	30	163	0	105	Test Hall Staff
npc	job_sword1	230	245	0	105	Medic
npc	job_sword1	230	242	0	105	Test Hall Staff
npc	job_sword1	230	207	0	105	Medic
npc	job_sword1	230	204	0	105	Test Hall Staff
npc	job_sword1	223	167	0	92	Mae
file	npc/pre-re/jobs/1-1/thief.txt
npc	moc_prydb1	39	129	0	69	Thief Guide
npc	moc_prydb1	42	133	0	118	Comrade
npc	moc_ruins	141	125	0	83	Mr. Irrelevant
file	npc/pre-re/jobs/1-1e/taekwon.txt
npc	payon	157	141	0	753	Phoenix
file	npc/pre-re/jobs/2-2/crusader.txt
npc	prt_castle	45	169	0	752	Senior Crusader
npc	prt_castle	164	32	0	733	Man in Anguish
npc	prt_castle	35	151	0	751	Patron Knight
file	npc/pre-re/jobs/novice/novice.txt
npc	new_1-1	144	116	0	105	Guard
npc	new_2-1	144	116	0	105	Guard
npc	new_3-1	144	116	0	105	Guard
npc	new_4-1	144	116	0	105	Guard
npc	new_5-1	144	116	0	105	Guard
npc	new_1-1	144	107	0	105	Guard
npc	new_2-1	144	107	0	105	Guard
npc	new_3-1	144	107	0	105	Guard
npc	new_4-1	144	107	0	105	Guard
npc	new_5-1	144	107	0	105	Guard
npc	new_1-2	100	29	0	86	Receptionist
npc	new_2-2	100	29	0	86	Receptionist
npc	new_3-2	100	29	0	86	Receptionist
npc	new_4-2	100	29	0	86	Receptionist
npc	new_5-2	100	29	0	86	Receptionist
npc	new_1-1	53	114	0	727	Shion
npc	new_2-1	53	114	0	727	Shion
npc	new_3-1	53	114	0	727	Shion
npc	new_4-1	53	114	0	727	Shion
npc	new_5-1	53	114	0	727	Shion
npc	new_1-2	99	105	0	751	Interfaces Tutor
npc	new_1-2	83	111	0	753	Skill Tutor
npc	new_1-2	115	111	0	726	Item Tutor
npc	new_1-2	118	108	0	117	Kafra Employee
npc	new_1-2	161	182	0	92	Instructor
npc	new_1-2	182	182	0	754	Somatology Instructor
npc	new_1-2	184	172	0	47	Understandings of Skills
npc	new_1-2	121	101	0	105	Guide Soldier
npc	new_1-2	17	182	0	84	Helper
npc	new_1-2	38	182	0	92	Entrance Guard
npc	new_1-3	95	30	0	84	Trainer
npc	new_2-3	95	30	0	84	Trainer
npc	new_3-3	95	30	0	84	Trainer
npc	new_4-3	95	30	0	84	Trainer
npc	new_5-3	95	30	0	84	Trainer
npc	new_1-3	96	174	0	85	Test Examiner
npc	new_2-3	96	174	0	85	Test Examiner
npc	new_3-3	96	174	0	85	Test Examiner
npc	new_4-3	96	174	0	85	Test Examiner
npc	new_5-3	96	174	0	85	Test Examiner
npc	new_1-2	28	185	1	90	Potato Merchant
npc	new_1-4	100	29	0	46	Hanson
npc	new_1-4	91	22	0	57	Bruce
file	npc/pre-re/kafras/kafras.txt
npc	izlude	134	87	0	117	Kafra Employee
file	npc/pre-re/merchants/ammo_boxes.txt
npc	que_ng	187	149	0	83	Magazine Dealer Kenny
npc	izlude	171	127	0	83	Magazine Dealer Kenny
file	npc/pre-re/merchants/ammo_dealer.txt
npc	alberta	118	160	0	86	Bullet Dealer Tony
npc	que_ng	187	156	0	86	Bullet Dealer Tony
npc	izlude	171	133	0	86	Bullet Dealer Tony
file	npc/pre-re/merchants/hair_dyer.txt
npc	prt_in	243	168	0	91	Jovovich
file	npc/pre-re/merchants/hair_style.txt
npc	alberta_in	55	142	0	91	Hair Dresser
npc	lhz_in02	100	143	0	122	Hair Dresser
file	npc/pre-re/merchants/shops.txt
npc	alberta_in	176	81	1	900	Trading Merchant
npc	alde_alche	38	184	1	755	Material Seller
npc	que_ng	180	79	1	900	Johnny Waiker
npc	izlude	105	99	1	54	Butcher
npc	izlude	94	98	1	53	Fruit Gardener
npc	izlude	105	92	1	90	Vendor from Milk Ranch
npc	izlude_in	115	61	1	47	Tool Dealer
npc	izlude_in	121	64	1	900	Trading Merchant
npc	lhz_in02	105	21	1	91	Jeweler
npc	moc_ruins	91	128	1	93	Tool Dealer
npc	moc_ruins	114	63	1	99	Tool Dealer
npc	moc_ruins	110	105	1	102	Jeweler
npc	moc_ruins	52	85	1	99	Jeweler
npc	que_ng	72	31	1	83	Boonji
npc	que_ng	73	26	1	83	Boonray
npc	prontera	156	212	1	700	Chef Assistant
npc	moc_ruins	115	123	1	86	Chef Assistant
npc	geffen	196	111	1	85	Chef Assistant
npc	alberta	167	135	1	712	Chef Assistant
npc	payon	206	119	1	89	Chef Assistant
npc	prontera	218	211	1	125	Pet Groomer
npc	geffen	193	152	1	124	Pet Groomer
npc	payon	177	131	1	124	Pet Groomer
npc	izlude	164	138	1	124	Pet Groomer
npc	yuno	197	114	1	124	Pet Groomer
npc	lighthalzen	222	191	1	125	Pet Groomer
npc	moc_ruins	118	170	1	125	Pet Groomer
file	npc/pre-re/merchants/socket_enchant2.txt
npc	moc_ruins	154	86	0	86	Leablem
file	npc/pre-re/other/bulletin_boards.txt
npc	izlude	131	116	0	837	Bulletin Board
npc	gef_tower	55	142	0	837	Bulletin Board
npc	yuno_fild03	37	143	0	837	Bulletin Board
npc	mjolnir_02	76	362	0	837	Bulletin Board
npc	moc_fild19	107	101	0	837	Bulletin Board
npc	aldebaran	136	133	0	837	Bulletin Board
npc	gef_fild10	69	340	0	837	Bulletin Board
npc	xmas	147	311	0	837	Bulletin Board
npc	pay_arche	39	134	0	837	Bulletin Board
npc	moc_ruins	61	164	0	837	Bulletin Board
npc	prt_fild05	278	220	0	837	Bulletin Board
file	npc/pre-re/other/mercenary_rent.txt
npc	izlude	47	139	0	734	Mercenary Manager
npc	izlude	56	139	0	892	Mercenary Merchant
file	npc/pre-re/other/pvp.txt
npc	pvp_y_room	86	85	0	105	Fight Square Reception
npc	pvp_n_room	30	85	0	105	Fight Square Reception
file	npc/pre-re/other/resetskill.txt
npc	prontera	146	232	0	124	Hypnotist
file	npc/pre-re/other/turbo_track.txt
npc	alde_gld	181	199	0	845	Peco Peco Manager
file	npc/pre-re/quests/collection/quest_alligator.txt
npc	cmd_fild01	362	256	0	106	Cuir
file	npc/pre-re/quests/collection/quest_caramel.txt
npc	mjolnir_01	296	29	0	95	Yullo
file	npc/pre-re/quests/collection/quest_coco.txt
npc	mjolnir_01	293	20	0	779	Nutters
file	npc/pre-re/quests/collection/quest_creamy.txt
npc	prt_fild04	356	148	0	798	Laertes
file	npc/pre-re/quests/collection/quest_demonpungus.txt
npc	ein_fild01	43	249	0	898	Local Villager
file	npc/pre-re/quests/collection/quest_disguiseloliruri.txt
npc	nif_fild01	332	327	0	795	Deadman
file	npc/pre-re/quests/collection/quest_dokebi.txt
npc	pay_fild10	108	357	0	90	Li
file	npc/pre-re/quests/collection/quest_dryad.txt
npc	um_fild01	34	281	0	724	Lilla
file	npc/pre-re/quests/collection/quest_fabre.txt
npc	gef_fild07	321	193	0	754	Langry
file	npc/pre-re/quests/collection/quest_frilldora.txt
npc	moc_fild17	66	273	0	725	Lemly
file	npc/pre-re/quests/collection/quest_goat.txt
npc	ein_fild06	82	171	0	919	Vegetable Farmer
file	npc/pre-re/quests/collection/quest_golem.txt
npc	moc_fild11	57	138	0	707	Private Jeremy
file	npc/pre-re/quests/collection/quest_hode.txt
npc	moc_fild17	208	346	0	707	Shone
file	npc/pre-re/quests/collection/quest_leafcat.txt
npc	ayo_fild01	44	241	0	877	Lella
file	npc/pre-re/quests/collection/quest_mantis.txt
npc	lou_fild01	240	354	0	878	Mantis Researcher
file	npc/pre-re/quests/collection/quest_pecopeco.txt
npc	moc_fild02	74	329	0	97	Gregor
file	npc/pre-re/quests/collection/quest_pupa.txt
npc	gef_fild04	191	54	0	123	Halgus
file	npc/pre-re/quests/collection/quest_zhupolong.txt
npc	lou_dun02	161	264	0	732	Dragon Hunter
file	npc/pre-re/quests/cooking_quest.txt
npc	prt_castle	43	30	0	878	Charles Orleans
npc	prt_castle	45	35	0	886	Madeleine Chu
npc	prt_castle	45	28	0	877	Child with Cat
npc	prt_castle	44	30	0	725	Wickebine
file	npc/pre-re/quests/first_class/tu_archer.txt
npc	mjolnir_11	27	223	0	95	Acolyte
npc	prt_castle	76	165	0	55	Minister
file	npc/pre-re/quests/monstertamers.txt
npc	izlude_in	129	64	0	125	Monster Tamer
file	npc/pre-re/quests/mrsmile.txt
npc	izlude	129	118	0	92	Smile Assistance
file	npc/pre-re/quests/quest_payon.txt
npc	payon_in01	56	12	0	89	Young man
file	npc/pre-re/quests/quests_13_1.txt
npc	izlude	99	136	0	100	Promotional Staff
npc	prt_castle	121	51	0	752	Alliance Manager
npc	prt_castle	117	51	0	754	Member of Alliance
npc	prt_castle	83	67	0	109	Recruiter for the Brave
npc	prt_castle	88	165	0	57	Laur
npc	mid_camp	264	263	0	931	Diego
file	npc/pre-re/quests/quests_izlude.txt
npc	izlude	182	186	0	49	Edgar
file	npc/pre-re/quests/quests_lighthalzen.txt
npc	izlude	186	57	0	853	Scamp
file	npc/pre-re/quests/quests_morocc.txt
npc	moc_ruins	113	181	0	89	William
npc	moc_ruins	118	176	0	64	Alchemist
npc	morocc	176	103	0	754	Continental Official
npc	prontera	153	353	0	105	Messenger
npc	prt_castle	117	163	0	755	Inspector
npc	prt_castle	272	375	0	881	Prince
npc	prt_castle	274	372	0	48	Servant
npc	prt_castle	339	202	0	989	Prince
npc	prt_castle	289	201	0	991	Prince
npc	prt_castle	288	208	0	962	Calbern
npc	prt_castle	391	205	0	993	Prince
npc	prt_castle	364	375	0	987	Prince
npc	aldebaran	132	184	0	96	Girl
npc	prt_castle	314	373	0	983	Prince
npc	prt_castle	368	312	0	985	Prince
npc	prt_castle	156	325	0	86	Young Noble
npc	prt_castle	157	323	0	880	Aged Noble
npc	prt_castle	314	371	0	985	Prince
npc	prt_castle	314	372	0	985	Prince
npc	prt_castle	272	372	0	983	Prince
npc	prt_castle	336	202	0	983	Prince
npc	prt_castle	286	201	0	983	Prince
npc	prt_castle	388	205	0	983	Prince
npc	prt_castle	364	372	0	983	Prince
npc	prt_castle	368	310	0	983	Prince
npc	prt_castle	176	170	0	105	Guard
file	npc/pre-re/quests/quests_nameless.txt
npc	izlude_in	110	64	0	878	Dorian
file	npc/pre-re/quests/quests_veins.txt
npc	ve_fild05	257	130	0	945	Wincing Old Man
file	npc/pre-re/quests/seals/brisingamen_seal.txt
npc	prt_castle	84	51	0	105	Librarian
file	npc/pre-re/quests/seals/megingard_seal.txt
npc	prt_castle	44	151	0	56	Rebarev Doug
npc	prt_castle	48	164	0	734	Crusader
file	npc/pre-re/quests/skills/swordman_skills.txt
npc	izlude_in	175	130	0	98	Knight De Thomas
file	npc/pre-re/quests/the_sign_quest.txt
npc	prt_castle	107	58	0	105	Soldier
file	npc/quests/bard_quest.txt
npc	geffen	132	38	0	51	Bard
npc	morocc	134	111	0	741	Bard
npc	morocc	132	111	0	703	Little Girl
npc	yuno_in01	172	100	0	712	Old Man
npc	payon	181	172	0	51	Bard
npc	yuno_in04	20	123	0	95	Representative
npc	yuno_in04	33	119	0	828	Adventurer
file	npc/quests/bunnyband.txt
npc	alberta	26	229	0	83	Kafra Employee
file	npc/quests/cooking_quest.txt
npc	payon	209	127	0	88	Servant
file	npc/quests/counteragent_mixture.txt
npc	alberta_in	133	55	0	84	Louitz
npc	geffen	181	114	0	82	Aure Dupon
npc	geffen_in	141	140	0	121	Morgenstein
file	npc/quests/dandelion_request.txt
npc	izlude	103	106	0	48	Guildsman
npc	prontera	237	313	0	79	Nun
npc	alberta	129	59	0	49	Guildsman
npc	geffen	123	109	0	742	Academy Staff
npc	morocc	155	56	0	93	Miya
npc	payon	231	323	0	59	Guildsman
npc	morocc	43	108	0	82	Sharp-Looking Kid
npc	que_job01	81	79	0	733	Idle Knight
npc	que_job01	82	95	0	46	Bar Master
npc	que_job01	49	49	0	877	Tao
npc	que_job01	16	21	0	55	Valdes
npc	que_job01	17	11	0	55	Valdes
npc	que_job01	142	56	0	55	Valdes
npc	que_job01	19	18	0	885	Lin
npc	que_job01	13	9	0	885	Lin
npc	que_job01	84	17	0	885	Lin
npc	que_job01	79	15	0	880	R
npc	que_job01	147	54	0	885	Lin
npc	que_job01	13	17	0	884	Kidd
npc	que_job01	12	8	0	884	Kidd
npc	que_job01	148	54	0	884	Kidd
npc	que_job01	91	83	0	884	Kidd
npc	que_job01	89	85	0	880	Dandelion Member
npc	yuno_in04	180	106	0	73	Reading Girl
npc	yuno_in04	174	130	0	884	Kidd
npc	que_job01	6	79	0	885	Lin
npc	morocc_in	46	125	0	729	Assistant
npc	moc_castle	40	20	0	849	Man
npc	que_job02	66	85	0	880	Dandelion Member
npc	que_job02	116	108	0	884	Kidd
npc	que_job02	126	103	0	884	Kidd
npc	que_job02	121	106	0	885	Lin
npc	que_job02	127	101	0	885	Lin
npc	que_job02	124	109	0	880	R
npc	que_job02	113	107	0	880	Dandelion
npc	que_job02	121	100	0	880	Dandelion
npc	que_job02	122	98	0	880	Dandelion
npc	que_job02	122	111	0	880	Dandelion
npc	que_job03	66	85	0	880	Dandelion Member
npc	que_job03	116	108	0	884	Kidd
npc	que_job03	126	103	0	884	Kidd
npc	que_job03	121	106	0	885	Lin
npc	que_job03	127	101	0	885	Lin
npc	que_job03	124	109	0	880	R
npc	que_job03	113	107	0	880	Dandelion
npc	que_job03	121	100	0	880	Dandelion
npc	que_job03	122	98	0	880	Dandelion
npc	que_job03	122	111	0	880	Dandelion
npc	morocc	30	29	0	880	Member
npc	morocc	29	26	0	880	Member
npc	morocc	33	27	0	880	Member
npc	morocc	34	30	0	880	Member
npc	que_job01	68	88	0	881	Simon
npc	que_job01	70	84	0	882	Kimmie
npc	sec_in02	38	162	0	882	Morocc Invasion Manager
file	npc/quests/doomed_swords.txt
npc	prt_in	162	11	0	86	Ghatu
npc	prontera	197	188	0	50	Veeyop
npc	morocc	281	178	0	97	Cetsu
npc	izlude_in	173	88	0	102	Nain
npc	pay_fild08	218	283	0	89	Mysterious Man
file	npc/quests/doomed_swords_quest.txt
npc	mjolnir_02	186	193	0	57	Middle-Aged Man
npc	payon	248	159	0	120	Old Man
npc	morocc	248	159	0	86	Young Man
file	npc/quests/eye_of_hellion.txt
npc	morocc_in	116	101	0	735	Old Scholar Tyus
npc	prontera	269	326	0	50	Clanux Heffron
npc	payon	182	132	0	48	Grout'he Tuccok
npc	geffen	110	200	0	754	Sage Welshyun
npc	gef_tower	116	37	0	748	Enoz
file	npc/quests/first_class/tu_acolyte.txt
npc	prt_church	179	15	0	110	Priest Praupin
npc	prt_monk	230	106	0	79	Asthe
npc	monk_in	18	38	0	110	Priest Gardron
npc	prt_monk	235	245	0	81	Dog
npc	prt_monk	226	257	0	93	Ill Girl
npc	prt_monk	197	228	0	89	Veiner
npc	prt_monk	28	260	0	50	Hedrick
npc	monk_in	103	176	0	60	Karven
npc	prt_monk	219	164	0	95	Gloria
npc	prt_monk	153	210	0	95	Cleope Verce
npc	sec_in02	17	156	0	726	1st Job Quest Reset
file	npc/quests/first_class/tu_archer.txt
npc	payon_in02	67	65	0	51	Bard Jet
npc	pay_arche	127	154	0	835	Sign
npc	payon_in02	54	13	0	55	Master Kavaruk
npc	pay_arche	103	165	0	832	Reidin Corse
npc	pay_arche	84	139	0	727	Seisner
npc	pay_arche	130	113	0	740	Alchemist Guildmember
npc	prontera	126	335	0	51	Arthail
npc	prontera	167	281	0	753	New Guild Master
npc	prontera	144	301	0	123	Mage
npc	monk_in	19	43	0	60	Bishop Maugins
file	npc/quests/first_class/tu_magician01.txt
npc	geffen	67	180	0	102	New Mage Manager
file	npc/quests/first_class/tu_merchant.txt
npc	alberta_in	70	51	0	98	Guarnien
npc	prontera	66	111	0	82	Sagle
npc	prontera	93	330	0	97	Kellion
npc	prt_in	169	11	0	92	Aigie
npc	prontera	247	129	0	85	Jayon
npc	prt_in	251	129	0	709	Maos
file	npc/quests/first_class/tu_sword.txt
npc	izlude_in	82	163	0	733	Shurank
npc	geffen	154	143	0	734	Dequ'ee
npc	morocc_in	51	101	0	89	Geil
npc	morocc	82	292	0	84	Muetro
npc	morocc	240	72	0	86	Hans
npc	morocc_in	12	156	0	97	Bankley
file	npc/quests/first_class/tu_thief01.txt
npc	moc_ruins	66	164	0	84	Thief Trainer
file	npc/quests/guildrelay.txt
npc	aldeg_cas01	51	102	0	754	Buzz
npc	aldeg_cas01	75	39	0	754	Lenya
npc	aldeg_cas01	200	175	0	754	Gealuve
npc	aldeg_cas01	59	224	0	754	Pariz
npc	aldeg_cas02	120	51	0	754	Buzz
npc	aldeg_cas02	180	184	0	754	Lenya
npc	aldeg_cas02	62	65	0	754	Gealuve
npc	aldeg_cas02	62	201	0	754	Pariz
npc	aldeg_cas03	70	252	0	754	Buzz
npc	aldeg_cas03	72	115	0	754	Lenya
npc	aldeg_cas03	114	119	0	754	Gealuve
npc	aldeg_cas03	188	181	0	754	Pariz
npc	aldeg_cas04	31	116	0	754	Buzz
npc	aldeg_cas04	66	117	0	754	Lenya
npc	aldeg_cas04	24	80	0	754	Gealuve
npc	aldeg_cas04	181	97	0	754	Pariz
npc	aldeg_cas05	31	191	0	754	Buzz
npc	aldeg_cas05	140	196	0	754	Lenya
npc	aldeg_cas05	148	224	0	754	Gealuve
npc	aldeg_cas05	165	51	0	754	Pariz
npc	gefg_cas01	85	47	0	754	Jody
npc	gefg_cas01	67	83	0	754	Ron Haware
npc	gefg_cas01	184	40	0	754	Vers
npc	gefg_cas01	35	34	0	754	Gen Garish
npc	gefg_cas02	15	69	0	754	Jody
npc	gefg_cas02	23	22	0	754	Ron Haware
npc	gefg_cas02	178	38	0	754	Vers
npc	gefg_cas02	18	159	0	754	Gen Garish
npc	gefg_cas03	257	41	0	754	Jody
npc	gefg_cas03	110	91	0	754	Ron Haware
npc	gefg_cas03	158	57	0	754	Vers
npc	gefg_cas03	124	24	0	754	Gen Garish
npc	gefg_cas04	26	73	0	754	Jody
npc	gefg_cas04	34	16	0	754	Ron Haware
npc	gefg_cas04	55	70	0	754	Vers
npc	gefg_cas04	73	38	0	754	Gen Garish
npc	gefg_cas05	47	47	0	754	Jody
npc	gefg_cas05	65	28	0	754	Ron Haware
npc	gefg_cas05	87	31	0	754	Vers
npc	gefg_cas05	46	28	0	754	Gen Garish
npc	payg_cas01	87	35	0	106	Chungye
npc	payg_cas01	129	29	0	754	Dosuhlji
npc	payg_cas01	13	146	0	741	Yayula
npc	payg_cas01	91	49	0	59	Ashin
npc	payg_cas02	34	253	0	106	Chungye
npc	payg_cas02	77	229	0	754	Dosuhlji
npc	payg_cas02	252	287	0	741	Yayula
npc	payg_cas02	289	264	0	59	Ashin
npc	payg_cas03	48	265	0	106	Chungye
npc	payg_cas03	7	265	0	754	Dosuhlji
npc	payg_cas03	16	16	0	741	Yayula
npc	payg_cas03	10	266	0	59	Ashin
npc	payg_cas04	24	285	0	106	Chungye
npc	payg_cas04	21	16	0	754	Dosuhlji
npc	payg_cas04	69	270	0	741	Yayula
npc	payg_cas04	18	239	0	59	Ashin
npc	payg_cas05	277	271	0	106	Chungye
npc	payg_cas05	273	15	0	754	Dosuhlji
npc	payg_cas05	283	24	0	741	Yayula
npc	payg_cas05	276	287	0	59	Ashin
npc	prtg_cas01	96	205	0	754	Hermod
npc	prtg_cas01	157	117	0	728	Atila
npc	prtg_cas01	149	78	0	92	Cecil
npc	prtg_cas01	125	191	0	754	Diligo
npc	prtg_cas02	73	35	0	754	Hermod
npc	prtg_cas02	43	41	0	728	Atila
npc	prtg_cas02	52	63	0	92	Cecil
npc	prtg_cas02	100	62	0	754	Diligo
npc	prtg_cas03	5	68	0	754	Hermod
npc	prtg_cas03	18	109	0	728	Atila
npc	prtg_cas03	71	81	0	92	Cecil
npc	prtg_cas03	183	215	0	754	Diligo
npc	prtg_cas04	39	263	0	754	Hermod
npc	prtg_cas04	259	251	0	728	Atila
npc	prtg_cas04	6	281	0	92	Cecil
npc	prtg_cas04	59	282	0	754	Diligo
npc	prtg_cas05	52	70	0	754	Hermod
npc	prtg_cas05	253	91	0	728	Atila
npc	prtg_cas05	276	93	0	92	Cecil
npc	prtg_cas05	211	36	0	754	Diligo
file	npc/quests/gunslinger_quests.txt
npc	que_ng	182	85	0	109	Garrison
npc	lighthalzen	322	247	0	86	Ravey
npc	que_ng	187	163	0	744	Ingrid
npc	que_ng	185	180	0	726	Vanessa
npc	que_ng	149	178	0	744	Lab Director
npc	lighthalzen	205	284	0	85	F. Harrison
file	npc/quests/juice_maker.txt
npc	prt_in	49	172	0	53	Marianne
npc	prt_in	47	173	0	97	Morrison
npc	payon_in03	188	146	0	86	Marx Hansen
file	npc/quests/kiel_hyre_quest.txt
npc	yuno_in01	35	179	0	46	Pub Master
npc	yuno	217	114	0	96	Little Kid
npc	lighthalzen	366	299	0	46	Windmill Owner
npc	lighthalzen	366	289	0	97	Windmill Owner's Helper
npc	yuno_fild08	196	196	0	102	Hanie
npc	yuno_fild08	158	194	0	852	Security Guard
npc	yuno_fild08	158	183	0	852	Security Guard
npc	kh_school	57	142	0	893	Student
npc	kh_school	57	139	0	893	Student
npc	kh_school	176	60	0	101	Lady
npc	kh_school	179	39	0	895	Cute Student
npc	kh_school	178	180	0	895	Elly
npc	yuno_fild02	93	210	0	85	Cottage Keeper
npc	kh_vila	181	178	0	81	Vicious Dog
npc	kh_school	119	149	0	894	Beautiful Lady
npc	kh_school	117	149	0	894	Beautiful lady
npc	kh_school	118	149	0	894	Beautiful lady
npc	kh_school	120	149	0	894	Beautiful lady
npc	kh_school	121	149	0	894	Beautiful lady
npc	kh_school	122	186	0	894	Beautiful Lady
npc	kh_dun01	163	223	0	857	Signboard
npc	kh_mansion	78	55	0	109	Steward
npc	kh_mansion	22	28	0	903	Kiel Hyre
npc	kh_mansion	18	30	0	894	Allysia
npc	kh_mansion	25	79	0	727	Mysterious Woman
npc	yuno	257	140	0	846	Odd Grandma
npc	yuno	250	132	0	711	Old Lady
npc	yuno_fild12	232	222	0	709	Old Fisherman
npc	kh_kiehl02	50	52	0	902	Kiehl
npc	kh_kiehl02	49	55	0	727	Mitchell
npc	kh_kiehl02	53	52	0	880	Agent
npc	kh_kiehl02	51	49	0	880	Agent
npc	kh_kiehl02	47	50	0	880	Agent
npc	kh_kiehl02	46	53	0	880	Agent
npc	kh_kiehl02	48	53	0	902	Kiehl
file	npc/quests/lvl4_weapon_quest.txt
npc	umbala	117	285	0	85	Bazo
npc	umbala	163	257	0	785	Hibilaithan
npc	um_in	156	77	0	788	Tabezthan
npc	aldebaran	178	239	0	712	Bill Thayer
npc	geffen	203	146	0	97	Citizen
npc	morocc	289	230	0	92	Citizen
npc	niflheim	240	193	0	794	Kayron
npc	niflheim	99	268	0	794	Reyghema
npc	niflheim	187	280	0	795	Hein
npc	niflheim	331	72	0	795	Waltboughst
file	npc/quests/mage_solution.txt
npc	pay_arche	122	100	0	88	Dollshoi
npc	moc_ruins	91	150	0	93	Ponka-Hontas
file	npc/quests/monstertamers.txt
npc	alberta_in	173	76	0	125	Monster Tamer
npc	aldeba_in	168	175	0	125	Monster Tamer
npc	comodo	112	182	0	103	Munak's Grandma
file	npc/quests/mrsmile.txt
npc	alberta	113	53	0	92	Smile Assistance
npc	aldebaran	136	135	0	92	Smile Assistance
npc	geffen	119	107	0	92	Smile Assistance
npc	moc_ruins	59	154	0	92	Smile Assistance
npc	payon	186	104	0	92	Smile Assistance
npc	prontera	157	187	0	92	Smile Assistance
file	npc/quests/newgears/2004_headgears.txt
npc	payon	115	131	0	725	Neko Neko
npc	geffen	129	148	0	779	Argen
npc	yuno	300	188	0	753	Zhenbolt
npc	prontera	165	232	0	744	Nephia
npc	comodo	237	217	0	732	Meruntei
npc	geffen	67	87	0	700	Ipore
npc	yuno	241	52	0	813	Old Blacksmith
npc	xmas	183	267	0	793	Pretty Lindsay
npc	xmas	175	156	0	712	Fuzzy Fuzz
npc	payon_in03	8	193	0	77	Nanhyang
npc	geffen	83	189	0	716	Seth
npc	xmas_in	35	30	0	797	Hat Merchant
npc	yuno_in03	20	18	0	726	Nehris
npc	alde_alche	88	180	0	748	Muscle Man
npc	morocc	273	79	0	99	Educated Traveller
npc	pay_dun03	48	84	0	1180	Nine Tails
npc	pay_dun03	48	84	0	762	Nine Tails
npc	in_orcs01	31	93	0	1023	Orc Warrior
npc	in_orcs01	162	33	0	1087	Orc Hero
file	npc/quests/newgears/2005_headgears.txt
npc	yuno	222	116	0	851	Kasis
npc	lighthalzen	143	68	0	47	Strange Guy
npc	lighthalzen	360	313	0	706	Kid
npc	einbech	70	222	0	91	Metelle
npc	lhz_in02	91	38	0	90	Margaret Mary
npc	lighthalzen	182	89	0	91	Relaxed-Looking Lady
npc	gl_prison1	137	138	0	1200	Zealotus
npc	gl_prison1	97	104	0	1202	Phendark
npc	gl_prison1	100	48	0	1201	Rybio
npc	airport	148	41	0	852	Freight Manager
file	npc/quests/newgears/2006_headgears.txt
npc	rachel	91	273	0	930	?
npc	rachel	152	131	0	928	Sakjul
npc	hugel	147	103	0	897	Ghenirhemin
npc	payon	135	320	0	97	Chungwolmang
npc	payon_in03	139	124	0	88	Han Garam
file	npc/quests/newgears/2008_headgears.txt
npc	gef_fild05	80	149	0	877	Myu
npc	morocc_in	137	102	0	82	Trainee
npc	in_orcs01	119	106	0	1273	Orc Lady
file	npc/quests/ninja_quests.txt
npc	que_ng	28	50	0	709	Boshuu
npc	que_ng	28	45	0	86	Basshu
npc	que_ng	27	18	0	709	Toshu
npc	que_ng	72	34	0	847	Craftsman Kaibara
npc	que_ng	22	62	0	709	Tetsu
file	npc/quests/obb_quest.txt
npc	alberta	43	244	0	99	Tourist
npc	moc_ruins	105	62	0	50	Jacob
npc	comodo	68	195	0	120	Old Man
npc	moc_ruins	107	62	0	716	Tommy
file	npc/quests/okolnir.txt
npc	arug_cas01	161	371	0	899	Guide
npc	arug_cas02	349	347	0	899	Guide
npc	arug_cas03	324	161	0	899	Guide
npc	arug_cas04	324	161	0	899	Guide
npc	arug_cas05	324	161	0	899	Guide
npc	schg_cas01	376	307	0	899	Guide
npc	schg_cas02	181	335	0	899	Guide
npc	schg_cas03	84	101	0	899	Guide
npc	schg_cas04	376	307	0	899	Guide
npc	schg_cas05	376	307	0	899	Guide
npc	que_qaru01	345	82	0	403	Wish Maiden
npc	que_qaru02	345	82	0	403	Wish Maiden
npc	que_qaru03	345	82	0	403	Wish Maiden
npc	que_qaru04	345	82	0	403	Wish Maiden
npc	que_qaru05	345	82	0	403	Wish Maiden
npc	que_qsch01	345	82	0	403	Wish Maiden
npc	que_qsch02	345	82	0	403	Wish Maiden
npc	que_qsch03	345	82	0	403	Wish Maiden
npc	que_qsch04	345	82	0	403	Wish Maiden
npc	que_qsch05	345	82	0	403	Wish Maiden
npc	que_qaru01	131	136	0	1930	Piamette
npc	que_qaru02	131	136	0	1930	Piamette
npc	que_qaru03	131	136	0	1930	Piamette
npc	que_qaru04	131	136	0	1930	Piamette
npc	que_qaru05	131	136	0	1930	Piamette
npc	que_qsch01	131	136	0	1930	Piamette
npc	que_qsch02	131	136	0	1930	Piamette
npc	que_qsch03	131	136	0	1930	Piamette
npc	que_qsch04	131	136	0	1930	Piamette
npc	que_qsch05	131	136	0	1930	Piamette
npc	que_qaru01	235	285	0	1752	Guard of Shadow
npc	que_qaru01	224	290	0	1752	Guard of Shadow
npc	que_qaru01	236	296	0	1752	Guard of Shadow
npc	que_qaru01	225	303	0	1752	Guard of Shadow
npc	que_qaru02	235	285	0	1752	Guard of Shadow
npc	que_qaru02	224	290	0	1752	Guard of Shadow
npc	que_qaru02	236	296	0	1752	Guard of Shadow
npc	que_qaru02	225	303	0	1752	Guard of Shadow
npc	que_qaru03	235	285	0	1752	Guard of Shadow
npc	que_qaru03	224	290	0	1752	Guard of Shadow
npc	que_qaru03	236	296	0	1752	Guard of Shadow
npc	que_qaru03	225	303	0	1752	Guard of Shadow
npc	que_qaru04	235	285	0	1752	Guard of Shadow
npc	que_qaru04	224	290	0	1752	Guard of Shadow
npc	que_qaru04	236	296	0	1752	Guard of Shadow
npc	que_qaru04	225	303	0	1752	Guard of Shadow
npc	que_qaru05	235	285	0	1752	Guard of Shadow
npc	que_qaru05	224	290	0	1752	Guard of Shadow
npc	que_qaru05	236	296	0	1752	Guard of Shadow
npc	que_qaru05	225	303	0	1752	Guard of Shadow
npc	que_qsch01	235	285	0	1752	Guard of Shadow
npc	que_qsch01	224	290	0	1752	Guard of Shadow
npc	que_qsch01	236	296	0	1752	Guard of Shadow
npc	que_qsch01	225	303	0	1752	Guard of Shadow
npc	que_qsch02	235	285	0	1752	Guard of Shadow
npc	que_qsch02	224	290	0	1752	Guard of Shadow
npc	que_qsch02	236	296	0	1752	Guard of Shadow
npc	que_qsch02	225	303	0	1752	Guard of Shadow
npc	que_qsch03	235	285	0	1752	Guard of Shadow
npc	que_qsch03	224	290	0	1752	Guard of Shadow
npc	que_qsch03	236	296	0	1752	Guard of Shadow
npc	que_qsch03	225	303	0	1752	Guard of Shadow
npc	que_qsch04	235	285	0	1752	Guard of Shadow
npc	que_qsch04	224	290	0	1752	Guard of Shadow
npc	que_qsch04	236	296	0	1752	Guard of Shadow
npc	que_qsch04	225	303	0	1752	Guard of Shadow
npc	que_qsch05	235	285	0	1752	Guard of Shadow
npc	que_qsch05	224	290	0	1752	Guard of Shadow
npc	que_qsch05	236	296	0	1752	Guard of Shadow
npc	que_qsch05	225	303	0	1752	Guard of Shadow
npc	que_qaru01	266	296	0	1753	Bloody Hunter
npc	que_qaru01	271	283	0	1753	Bloody Hunter
npc	que_qaru01	270	307	0	1753	Bloody Hunter
npc	que_qaru01	279	300	0	1753	Bloody Hunter
npc	que_qaru02	266	296	0	1753	Bloody Hunter
npc	que_qaru02	271	283	0	1753	Bloody Hunter
npc	que_qaru02	270	307	0	1753	Bloody Hunter
npc	que_qaru02	279	300	0	1753	Bloody Hunter
npc	que_qaru03	266	296	0	1753	Bloody Hunter
npc	que_qaru03	271	283	0	1753	Bloody Hunter
npc	que_qaru03	270	307	0	1753	Bloody Hunter
npc	que_qaru03	279	300	0	1753	Bloody Hunter
npc	que_qaru04	266	296	0	1753	Bloody Hunter
npc	que_qaru04	271	283	0	1753	Bloody Hunter
npc	que_qaru04	270	307	0	1753	Bloody Hunter
npc	que_qaru04	279	300	0	1753	Bloody Hunter
npc	que_qaru05	266	296	0	1753	Bloody Hunter
npc	que_qaru05	271	283	0	1753	Bloody Hunter
npc	que_qaru05	270	307	0	1753	Bloody Hunter
npc	que_qaru05	279	300	0	1753	Bloody Hunter
npc	que_qsch01	266	296	0	1753	Bloody Hunter
npc	que_qsch01	271	283	0	1753	Bloody Hunter
npc	que_qsch01	270	307	0	1753	Bloody Hunter
npc	que_qsch01	279	300	0	1753	Bloody Hunter
npc	que_qsch02	266	296	0	1753	Bloody Hunter
npc	que_qsch02	271	283	0	1753	Bloody Hunter
npc	que_qsch02	270	307	0	1753	Bloody Hunter
npc	que_qsch02	279	300	0	1753	Bloody Hunter
npc	que_qsch03	266	296	0	1753	Bloody Hunter
npc	que_qsch03	271	283	0	1753	Bloody Hunter
npc	que_qsch03	270	307	0	1753	Bloody Hunter
npc	que_qsch03	279	300	0	1753	Bloody Hunter
npc	que_qsch04	266	296	0	1753	Bloody Hunter
npc	que_qsch04	271	283	0	1753	Bloody Hunter
npc	que_qsch04	270	307	0	1753	Bloody Hunter
npc	que_qsch04	279	300	0	1753	Bloody Hunter
npc	que_qsch05	266	296	0	1753	Bloody Hunter
npc	que_qsch05	271	283	0	1753	Bloody Hunter
npc	que_qsch05	270	307	0	1753	Bloody Hunter
npc	que_qsch05	279	300	0	1753	Bloody Hunter
npc	que_qaru01	247	330	0	1933	Temple Keeper
npc	que_qaru01	255	330	0	1933	Temple Keeper
npc	que_qaru02	247	330	0	1933	Temple Keeper
npc	que_qaru02	255	330	0	1933	Temple Keeper
npc	que_qaru03	247	330	0	1933	Temple Keeper
npc	que_qaru03	255	330	0	1933	Temple Keeper
npc	que_qaru04	247	330	0	1933	Temple Keeper
npc	que_qaru04	255	330	0	1933	Temple Keeper
npc	que_qaru05	247	330	0	1933	Temple Keeper
npc	que_qaru05	255	330	0	1933	Temple Keeper
npc	que_qsch01	247	330	0	1933	Temple Keeper
npc	que_qsch01	255	330	0	1933	Temple Keeper
npc	que_qsch02	247	330	0	1933	Temple Keeper
npc	que_qsch02	255	330	0	1933	Temple Keeper
npc	que_qsch03	247	330	0	1933	Temple Keeper
npc	que_qsch03	255	330	0	1933	Temple Keeper
npc	que_qsch04	247	330	0	1933	Temple Keeper
npc	que_qsch04	255	330	0	1933	Temple Keeper
npc	que_qsch05	247	330	0	1933	Temple Keeper
npc	que_qsch05	255	330	0	1933	Temple Keeper
npc	que_qaru01	251	255	0	1931	Wish Maiden
npc	que_qaru02	251	255	0	1931	Wish Maiden
npc	que_qaru03	251	255	0	1931	Wish Maiden
npc	que_qaru04	251	255	0	1931	Wish Maiden
npc	que_qaru05	251	255	0	1931	Wish Maiden
npc	que_qsch01	251	255	0	1931	Wish Maiden
npc	que_qsch02	251	255	0	1931	Wish Maiden
npc	que_qsch03	251	255	0	1931	Wish Maiden
npc	que_qsch04	251	255	0	1931	Wish Maiden
npc	que_qsch05	251	255	0	1931	Wish Maiden
npc	que_qaru01	252	340	0	403	Wish Maiden
npc	que_qaru02	252	340	0	403	Wish Maiden
npc	que_qaru03	252	340	0	403	Wish Maiden
npc	que_qaru04	252	340	0	403	Wish Maiden
npc	que_qaru05	252	340	0	403	Wish Maiden
npc	que_qsch01	252	340	0	403	Wish Maiden
npc	que_qsch02	252	340	0	403	Wish Maiden
npc	que_qsch03	252	340	0	403	Wish Maiden
npc	que_qsch04	252	340	0	403	Wish Maiden
npc	que_qsch05	252	340	0	403	Wish Maiden
file	npc/quests/partyrelay.txt
npc	payon	103	113	0	109	Ledrion
npc	payon	83	327	0	86	Gatan
npc	payon	204	221	0	731	Bafhail
npc	payon	168	314	0	706	Lospii
npc	comodo	71	137	0	109	Ledrion
npc	comodo	236	197	0	86	Gatan
npc	comodo	152	184	0	731	Bafhail
npc	comodo	64	219	0	706	Lospii
npc	einbroch	107	93	0	109	Ledrion
npc	einbroch	260	128	0	86	Gatan
npc	einbroch	251	178	0	731	Bafhail
npc	einbroch	173	72	0	706	Lospii
npc	hugel	102	130	0	109	Ledrion
npc	hugel	169	139	0	86	Gatan
npc	hugel	55	200	0	731	Bafhail
npc	hugel	144	201	0	706	Lospii
npc	rachel	215	71	0	109	Ledrion
npc	rachel	45	163	0	86	Gatan
npc	rachel	245	132	0	731	Bafhail
npc	rachel	158	215	0	706	Lospii
npc	veins	274	188	0	109	Ledrion
npc	veins	138	207	0	86	Gatan
npc	veins	202	235	0	731	Bafhail
npc	veins	97	245	0	706	Lospii
file	npc/quests/quests_13_1.txt
npc	prontera	163	53	0	100	Promotional Staff
npc	aldebaran	127	138	0	100	Promotional Staff
npc	geffen	90	67	0	100	Promotional Staff
npc	lighthalzen	220	292	0	899	Guide
npc	lhz_in01	136	260	0	967	Munkenro
npc	lhz_in01	132	259	0	868	Sikaiz
npc	lhz_in01	115	250	0	899	Guard
npc	lhz_in01	115	252	0	899	Guard
npc	lhz_in01	147	252	0	899	Guard
npc	lhz_in01	147	250	0	899	Guard
npc	lhz_in01	124	234	0	899	Guard
npc	lhz_in01	121	234	0	899	Guard
npc	lhz_in01	137	234	0	899	Guard
npc	lhz_in01	140	234	0	899	Guard
npc	lhz_in01	130	232	0	899	Guard
npc	lhz_in01	128	249	0	904	Member of Alliance
npc	lhz_in01	136	245	0	869	Member of Alliance
npc	lhz_in01	140	245	0	85	Member of Alliance
npc	lhz_in01	136	249	0	865	Member of Alliance
npc	lhz_in01	124	245	0	932	Member of Alliance
npc	lhz_in01	136	241	0	849	Member of Alliance
npc	lhz_in01	126	249	0	930	Member of Alliance
npc	lhz_in01	122	245	0	882	Member of Alliance
npc	ra_temple	119	113	0	935	Alliance Manager
npc	lhz_in01	32	22	0	109	Officer A
npc	lhz_in01	30	24	0	109	Officer B
npc	moc_fild20	349	179	0	707	Rift Guard
npc	moc_fild22b	37	196	0	707	Rift Guard
npc	moc_fild22b	330	154	0	707	Rift Guard
npc	moc_fild22b	230	197	0	967	Munkenro
npc	mid_camp	213	286	0	707	Rift Guard
npc	moc_ruins	137	89	0	707	Time-Space Gap Guard
npc	moc_fild22b	370	370	0	100	Allied Manager
npc	mid_camp	222	283	0	727	Marian
npc	mid_camp	261	284	0	405	Instructor
npc	mid_camp	123	290	0	967	Otto
npc	mid_campin	106	122	0	89	Receptionist Brink
npc	mid_campin	295	128	0	884	Lucas
npc	mid_campin	292	120	0	849	Davi
npc	mid_camp	160	298	0	865	Jan
npc	mid_camp	30	168	0	939	Gerard
npc	man_fild01	80	248	0	934	Alberto
npc	mid_camp	159	282	0	886	Cooking Soldier
npc	mid_camp	166	248	0	937	Sorcerer
npc	mid_camp	188	254	0	883	Monster Scholar
npc	mid_camp	240	270	0	750	Botanist
npc	mid_camp	336	171	0	852	Camp Guard
npc	mid_camp	13	143	0	852	Camp Guard
npc	mid_camp	9	215	0	852	Camp Guard
npc	mid_camp	45	148	0	750	Botanist
npc	spl_fild02	34	223	0	442	Small Fairy
npc	man_fild03	236	105	0	454	Tree Giant
npc	mid_camp	212	237	0	852	Camp Guard Captain
npc	mid_campin	376	120	0	754	Research Official
npc	mid_camp	165	245	0	748	Ryosen
npc	mid_camp	247	255	0	868	Hue
npc	mid_camp	222	218	0	931	Hansenne
npc	mid_campin	379	123	0	748	Ryosen
npc	mid_campin	372	123	0	868	Hue
npc	mid_campin	375	129	0	931	Hansenne
npc	mid_camp	143	306	0	946	Breeder Taab
npc	mid_camp	152	316	0	1989	Hillsrion
npc	mid_camp	145	313	0	1986	Tatacho
npc	mid_camp	162	306	0	1992	Cornus
npc	mid_camp	62	125	0	421	Cat Paw Agent
npc	mid_camp	72	94	0	421	Fluffy Gyaruk
npc	mid_camp	69	144	0	421	Ferocious Gorurug
npc	mid_camp	66	122	0	712	Henry Clifford
npc	mid_camp	88	100	0	876	Cat Paw Mining Agent
npc	sec_in02	80	171	0	406	Piece of crack
npc	mid_campin	90	121	0	459	Hibba Agip
npc	mid_campin	94	118	0	755	Staff Officer Abidal
npc	mid_campin	85	118	0	751	Instructor Igrid
npc	mid_camp	206	286	0	997	Expedition Messenger
npc	mid_camp	2	2	0	997	Command Timer
npc	mid_camp	203	286	0	997	Expedition Messenger
npc	mid_camp	209	286	0	998	Expedition Messenger
npc	man_fild01	315	95	0	707	Expedition Scout
npc	man_fild03	202	251	0	707	Expedition Scout
npc	spl_fild02	295	368	0	707	Expedition Scout
npc	spl_fild03	172	71	0	707	Expedition Scout
npc	ra_temple	122	174	0	918	Nuria
npc	lhz_in01	110	174	0	903	Gerhart
npc	mid_campin	68	185	0	803	Pursuit Party Leader
npc	mid_camp	191	206	0	852	Manager
npc	mid_camp	199	311	0	884	Mr. Kidd
npc	mid_camp	256	272	0	897	Defaria
npc	morocc	43	108	0	82	Sharp-Looking Boy
npc	que_job01	82	95	0	46	Bar Master
npc	que_job01	81	79	0	733	Idle Knight
npc	que_job01	49	49	0	877	Tao
npc	que_job01	16	21	0	55	Valdes
npc	que_job01	84	17	0	885	Rin
npc	que_job01	144	54	0	885	Rin
npc	que_job01	143	50	0	456	Rayan
npc	que_dan01	49	36	0	457	Corpse
npc	que_dan01	34	34	0	885	Rin
npc	que_dan01	29	34	0	885	Rin
npc	que_dan01	36	34	0	456	Rayan
npc	que_dan01	39	37	0	456	Dandelion Member
npc	que_dan01	41	34	0	456	Dandelion Member
npc	que_dan01	26	40	0	456	Dandelion Member
npc	que_dan01	21	35	0	456	Dandelion Member
npc	que_dan01	25	32	0	456	Dandelion Member
npc	que_dan02	115	53	0	456	Man
npc	que_dan02	115	54	0	884	Mr. Kidd
npc	que_dan02	108	17	0	457	Dismembered Corpse
npc	que_dan02	103	24	0	457	Crushed Corpse
npc	que_dan02	92	37	0	457	Mutated Corpse
npc	que_dan02	99	36	0	457	Mutilated Corpse
npc	que_dan02	102	42	0	457	Disfigured Corpse
file	npc/quests/quests_13_2.txt
npc	spl_fild02	25	211	0	421	Cat Paw Agent
npc	man_fild02	132	47	0	421	Cat Paw Agent
npc	spl_in01	32	306	0	447	Splendide Guard
npc	nyd_dun01	55	223	0	454	Snorren
npc	manuk	278	177	0	454	Villager
npc	manuk	281	177	0	449	Villager
npc	man_in01	175	59	0	454	Snorren
npc	man_in01	22	126	0	441	Captured Laphine
npc	man_in01	17	128	0	454	Snorren
npc	man_in01	19	126	0	450	Luik
npc	spl_in02	236	92	0	447	Arc
npc	spl_in02	239	93	0	441	Terra
npc	manuk	252	116	0	450	Manuk Galtun
npc	man_in01	378	276	0	453	Manuk Engineer
npc	spl_in01	97	313	0	446	Laphine Craftsman
npc	mid_camp	146	306	0	982	Pet Breeder
npc	mid_camp	192	239	0	857	Wanted Sign
npc	nyd_dun01	258	134	0	463	Dragon Egg
npc	nyd_dun01	100	210	0	463	Dragon Egg
npc	nyd_dun01	74	68	0	463	Dragon Egg
npc	nyd_dun01	98	142	0	463	Dragon Egg
npc	nyd_dun01	244	157	0	463	Dragon Egg
npc	nyd_dun01	59	185	0	463	Dragon Egg
npc	nyd_dun02	68	256	0	463	Dragon Egg
npc	nyd_dun02	68	256	0	463	Dragon Egg
npc	nyd_dun02	202	166	0	463	Dragon Egg
npc	nyd_dun02	200	165	0	463	Dragon Egg
npc	nyd_dun02	201	166	0	463	Dragon Egg
npc	nyd_dun02	201	166	0	463	Dragon Egg
npc	nyd_dun02	203	167	0	463	Dragon Egg
npc	nyd_dun02	201	164	0	463	Dragon Egg
npc	nyd_dun02	201	157	0	2013	Egg Keeper Draco
npc	nyd_dun02	206	157	0	2013	Egg Keeper Draco
npc	nyd_dun02	144	103	0	456	Stranger
npc	nyd_dun02	206	114	0	456	Stranger
npc	mid_camp	197	237	0	869	Schwarzwald Mechanic
npc	mid_campin	168	82	0	935	Arunafeltz Linguist
npc	mid_camp	147	256	0	735	Rune-Midgarts Magician
npc	mid_camp	7	3	0	708	Translator Preparation
npc	man_in01	372	221	0	449	Scientist
npc	spl_in01	30	324	0	446	High Laphine
npc	spl_in02	139	65	0	438	Middle-Ranked Laphine
npc	splendide	205	139	0	447	Exhausted Soldier
npc	splendide	181	135	0	447	Exhausted Soldier
npc	splendide	139	178	0	447	Exhausted Soldier
npc	splendide	164	188	0	447	Exhausted Soldier
npc	splendide	177	257	0	447	Exhausted Soldier
npc	splendide	124	212	0	447	Exhausted Soldier
npc	splendide	196	153	0	447	Exhausted Soldier
npc	mid_camp	283	198	0	883	Bazett Teablack
npc	manuk	193	135	0	454	Worker
file	npc/quests/quests_airship.txt
npc	airplane	47	61	0	833	Crewman
npc	ein_in01	261	241	0	703	Elle Cherno
npc	ein_in01	123	94	0	851	Theo Cherno
npc	ein_in01	125	99	0	850	Tarsha Cherno
npc	airplane_01	246	54	0	873	Airship Captain
npc	airplane_01	238	154	0	873	Airship Captain
npc	airplane	236	163	0	873	Airship Captain
npc	airplane	236	63	0	706	Hallen
npc	airplane	33	69	0	73	Kaci
npc	ein_in01	263	35	0	873	Ferlock
file	npc/quests/quests_alberta.txt
npc	alberta	117	135	0	96	Elin
npc	alberta_in	28	145	0	120	Grampa
npc	alberta_in	122	53	0	47	Cherokee
npc	alberta	120	53	0	51	Stylish Merchant
npc	alberta	136	79	0	71	Hat store girl
npc	alberta	91	70	0	89	Kinsey
npc	alberta_in	23	104	0	120	Grandpa Turtle
npc	tur_dun01	165	29	0	709	Sailor
npc	tur_dun03	105	76	0	110	Knight Leader
npc	tur_dun03	105	74	0	119	Mudasamu
npc	tur_dun01	190	115	0	105	Knight
npc	tur_dun03	189	126	0	105	Knight
npc	tur_dun03	104	171	0	105	Knight
npc	tur_dun03	67	130	0	105	Knight
npc	alberta_in	131	95	0	706	Iromo
npc	alberta_in	120	93	0	53	Iromo's Mother
npc	alberta	45	106	0	706	Little Boy
file	npc/quests/quests_aldebaran.txt
npc	aldeba_in	152	166	0	86	Trader
file	npc/quests/quests_amatsu.txt
npc	amatsu	223	236	0	763	Publisher
npc	ama_test	52	44	0	109	Assistant
npc	ama_test	49	93	0	766	Grandpa
npc	ama_test	50	93	0	761	Grandma
npc	ama_test	50	100	0	762	Coach
npc	ama_test	50	100	0	762	Coach
npc	ama_in01	162	17	0	765	Sushi Master
npc	amatsu	112	164	0	767	Gate Soldier
npc	amatsu	119	164	0	767	Gate Soldier
npc	ama_in02	207	40	0	767	Gate Soldier
npc	ama_in02	207	49	0	767	Gate Soldier
npc	amatsu	164	174	0	767	Gate Soldier
npc	amatsu	171	174	0	767	Gate Soldier
npc	ama_in02	187	57	0	767	Soldier
npc	ama_in02	170	62	0	767	Soldier
npc	ama_in02	37	157	0	767	Soldier
npc	ama_in02	32	51	0	767	Soldier
npc	ama_in02	40	167	0	767	Soldier
npc	ama_in02	32	167	0	767	Soldier
npc	ama_in02	42	34	0	767	Soldier
npc	ama_in02	203	156	0	767	Soldier
npc	ama_in02	195	156	0	767	Soldier
npc	ama_in02	115	177	0	767	Soldier
npc	ama_dun01	229	7	0	767	Soldier
npc	ama_in02	200	176	0	768	Lord of Palace
npc	ama_in01	22	111	0	761	Grandma
npc	amatsu	189	166	0	764	Kouji
npc	ama_in01	169	173	0	769	Shaman
npc	ama_in01	180	173	0	762	Kitsune Mask
file	npc/quests/quests_ayothaya.txt
npc	ayothaya	233	105	0	838	Powerful-Looking Woman
npc	ayo_dun02	91	264	0	841	Haggard Man
npc	ayothaya	253	99	0	843	Fisherman
npc	ayothaya	193	171	0	842	Old Man
npc	ayothaya	83	132	0	843	Dusit
npc	ayo_in01	181	193	0	840	Shaman
npc	ayo_fild01	129	197	0	842	Puraim
npc	ayo_fild02	25	154	0	843	Aik
npc	ayothaya	196	265	0	842	Einon
npc	ayo_in01	145	163	0	839	Cook
npc	ayothaya	153	86	0	843	Thongpool
npc	ayothaya	121	240	0	842	Mr. Jun
npc	ayothaya	213	94	0	841	Merchant
file	npc/quests/quests_brasilis.txt
npc	brasilis	297	307	0	50	Angelo
npc	bra_fild01	98	96	0	81	Puppy
npc	bra_fild01	59	116	0	81	Puppy
npc	bra_fild01	62	142	0	81	Puppy
npc	bra_fild01	80	163	0	81	Puppy
npc	bra_fild01	73	210	0	81	Puppy
npc	bra_fild01	80	210	0	81	Puppy
npc	bra_fild01	38	235	0	81	Puppy
npc	bra_fild01	307	64	0	81	Puppy
npc	bra_fild01	260	60	0	81	Puppy
npc	bra_fild01	234	101	0	81	Puppy
npc	bra_fild01	200	84	0	81	Puppy
npc	bra_fild01	176	63	0	81	Puppy
npc	brasilis	192	133	0	478	Lucia
npc	brasilis	187	162	0	476	Candy Maker
npc	bra_in01	95	179	0	477	Cherto
npc	brasilis	203	64	0	706	Strange Kid
npc	brasilis	56	224	0	704	Mage Paje
npc	brasilis	59	226	0	909	Poring
npc	bra_fild01	75	83	0	2073	Toucan
npc	bra_fild01	34	184	0	2072	Jaguar
npc	brasilis	203	286	0	893	Botanist Karmen
npc	bra_in01	142	27	0	474	Marta
npc	bra_in01	145	27	0	472	Brasilis Boy
npc	brasilis	270	145	0	473	Brasilis Girl
npc	bra_dun02	67	205	0	475	Recluse
npc	brasilis	185	246	0	62	Pedro
npc	brasilis	187	244	0	72	Mariana
npc	brasilis	181	250	0	706	Fabio
npc	brasilis	180	249	0	706	Daniel
npc	bra_in01	136	180	0	1867	Ghost
npc	bra_in01	7	181	0	477	Curator
npc	bra_in01	206	190	0	1867	Ghost
npc	brasilis	315	334	0	474	Shaman
npc	bra_dun02	157	74	0	478	Iara
npc	bra_fild01	188	301	0	472	Native Warrior
file	npc/quests/quests_comodo.txt
npc	comodo	228	159	0	700	Hair Ornament Girl
npc	comodo	273	137	0	702	Traveler
npc	comodo	206	310	0	704	Campground Boy
npc	comodo	204	310	0	65	Camping Youth
npc	comodo	209	305	0	71	Camping Maiden
npc	comodo	209	314	0	706	Campground Lad
npc	comodo	221	310	0	86	BBQ Boy
npc	comodo	218	309	0	90	BBQ Visitor
npc	comodo	216	310	0	50	BBQ Papa
npc	comodo	215	307	0	74	BBQ Mama
npc	comodo	213	310	0	706	BBQ Boy
npc	cmd_in02	32	140	0	49	Chief
npc	comodo	88	97	0	109	Toruna
npc	comodo	164	291	0	73	Rakusa
npc	comodo	169	284	0	98	Kichiri
npc	comodo	163	280	0	55	Magatu
npc	cmd_in02	189	99	0	85	Manzi
npc	comodo	187	153	0	701	Hullaris
npc	beach_dun3	30	220	0	704	Nigirboran
npc	aldebaran	44	53	0	64	Meteurengut
npc	morocc	201	30	0	99	Zaka
npc	comodo	232	87	0	106	Won
file	npc/quests/quests_ein.txt
npc	einbech	97	167	0	847	Cavitar
npc	einbroch	215	180	0	85	Uwe Kleine
npc	einbroch	132	84	0	853	Liotzburg
npc	ein_in01	67	242	0	851	Zelmeto
npc	sec_in02	127	86	0	851	Factory Quest Test
npc	einbech	165	105	0	847	Buender Hikeman
npc	ein_in01	231	163	0	849	Sick Old Man
npc	ein_in01	32	133	0	850	Maid
npc	ein_in01	254	35	0	749	Scientist
npc	einbroch	51	46	0	852	Laboratory Soldier
npc	einbroch	51	56	0	852	Laboratory Soldier
npc	airplane	31	77	0	853	Drunken Man
npc	einbech	57	210	0	855	Young Man
npc	ein_in01	31	138	0	90	Calla
npc	ein_in01	200	101	0	854	Klitzer
npc	ein_in01	21	147	0	853	Megass
npc	ein_in01	31	151	0	850	Satra
npc	ein_in01	191	102	0	846	Kaijeta
npc	einbroch	188	72	0	855	Keneshiotz
npc	einbech	216	118	0	854	Catzllanpu
npc	einbroch	208	208	0	850	Kesunboss
npc	einbech	176	125	0	850	Ellhenje
npc	ein_in01	208	86	0	855	Decii
npc	ein_in01	192	90	0	849	Supineque
file	npc/quests/quests_geffen.txt
npc	geffen_in	144	166	0	63	Blacksmith
npc	geffen_in	30	71	0	83	Eric
npc	geffen	122	77	0	700	Nia
file	npc/quests/quests_gonryun.txt
npc	gon_in	17	93	0	775	Chief
npc	gon_in	152	35	0	702	Hostess
npc	gon_in	165	16	0	748	Man in hangover
npc	gon_in	18	27	0	771	Madam
npc	gonryun	139	142	0	772	Girl
npc	gonryun	100	241	0	733	Stranger
npc	geffen_in	71	112	0	731	Blacksmith
npc	geffen_in	106	106	0	716	Girl
npc	prontera	275	86	0	97	Young man
npc	yuno	208	164	0	101	Active little girl
npc	yuno_in01	99	101	0	744	Doctor
npc	gonryun	237	226	0	776	Han Ran Jiao
file	npc/quests/quests_hugel.txt
npc	hu_in01	387	245	0	849	Allen Schuwell
npc	hu_in01	385	247	0	97	Postell Schuwell
npc	hu_fild06	34	123	0	97	Postell Schuwell
npc	ein_in01	16	36	0	86	Morriphen
npc	hu_in01	326	307	0	90	Siria
npc	lighthalzen	88	79	0	85	Dono
npc	lhz_in03	193	28	0	83	Makkie
npc	hugel	70	137	0	879	Shede
npc	hu_in01	256	40	0	897	Herico
npc	lhz_in03	39	44	0	97	Enquro Carson
npc	hu_in01	310	380	0	891	Girl
npc	einbech	208	124	0	851	Bomb Maker
npc	hu_fild06	155	309	0	1053	Moks Bugs
npc	hu_fild06	218	320	0	1053	Moks Bugs
npc	hu_fild06	249	329	0	1053	Moks Bugs
npc	hu_fild06	218	373	0	1053	Moks Bugs
npc	hu_in01	365	170	0	793	Girl
npc	hu_in01	377	106	0	892	Pub Granny
npc	hugel	191	172	0	892	Manainne
npc	niflheim	90	106	0	802	A Spirit
npc	hugel	100	103	0	866	Perfitz
npc	hugel	196	164	0	50	El Schatt
npc	hugel	107	67	0	706	Torpy
npc	hu_fild06	190	367	0	701	Torpy's Mom
npc	hugel	100	174	0	898	Strange Man
npc	hu_in01	15	372	0	74	Cellette Lavit
npc	hugel	76	134	0	101	Neha
npc	hugel	87	139	0	86	Maewan
npc	hugel	84	125	0	700	Layoma
npc	hugel	102	161	0	100	Erjan
npc	yuno	111	156	0	90	Euslan
npc	que_bingo	53	190	0	778	Eukran
npc	odin_tem01	130	134	0	774	Young Man
npc	hugel	56	104	0	709	Kurupe
npc	hu_fild06	217	270	0	896	Burupu
npc	hugel	68	99	0	889	Booboo the Cow
npc	hugel	91	152	0	837	Sign
npc	hu_in01	19	161	0	803	Alex
npc	hu_in01	14	11	0	70	Laura
npc	hu_in01	18	167	0	86	Julian
npc	hu_in01	16	20	0	95	Ashe
npc	hu_in01	159	84	0	70	Laura
npc	hu_in01	158	84	0	803	Alex
npc	hu_in01	162	85	0	95	Ashe
npc	hu_in01	155	82	0	86	Julian
npc	hugel	209	109	0	709	Boatman
npc	odin_tem01	93	146	0	709	Boatman
file	npc/quests/quests_juperos.txt
npc	yuno_in04	190	125	0	700	Scholar
npc	sec_in02	39	167	0	864	Juperos Manager
file	npc/quests/quests_lighthalzen.txt
npc	lighthalzen	267	200	0	868	Guard
npc	lighthalzen	294	223	0	868	Guard
npc	lighthalzen	341	224	0	868	Fishbone
npc	lighthalzen	240	216	0	870	Suspicious Guy
npc	lighthalzen	220	169	0	870	Suspicious Guy
npc	lighthalzen	164	127	0	870	Suspicious Guy
npc	lhz_in02	201	210	0	869	Digotz
npc	lighthalzen	337	232	0	870	Maku
npc	yuno_in04	107	14	0	754	Student
npc	yuno_in04	96	106	0	754	Passionate Student
npc	lighthalzen	346	263	0	846	Elder
npc	lhz_in03	32	162	0	53	Crippled Girl
npc	lhz_in01	114	181	0	71	Representative
npc	lhz_in01	27	247	0	71	Representative
npc	lhz_in01	273	121	0	865	Mad Scientist
npc	lhz_in01	286	226	0	831	Secretary Slierre
npc	lighthalzen	179	170	0	98	Ordinary Man
npc	yuno_fild04	165	245	0	89	Dismal Guy
npc	yuno_pre	69	20	0	862	Secretary
npc	yuno_pre	95	71	0	852	Guard
npc	yuno_pre	96	69	0	754	A Fine Gentleman
npc	yuno_pre	69	79	0	872	Mr. President
npc	yuno_pre	77	68	0	862	Secretary
npc	yuno_pre	75	73	0	109	A Neat Gentleman
npc	aldebaran	58	225	0	116	Kafra Employee
npc	aldeba_in	155	240	0	859	Kafra Employee
npc	lhz_fild02	228	214	0	849	Wounded Man
npc	lhz_fild01	66	219	0	859	Mysterious Woman
npc	lhz_in01	93	45	0	865	Researcher
npc	lhz_in01	285	169	0	865	Researcher
npc	sec_in02	17	170	0	809	boss
npc	lhz_in02	19	274	0	851	Maintenance Guy
npc	lhz_in01	174	258	0	868	Young Man
npc	lighthalzen	141	162	0	85	Old Man
npc	einbroch	55	52	0	852	Laboratory Guard
npc	airplane_01	96	48	0	869	Man
file	npc/quests/quests_louyang.txt
npc	lou_in02	53	174	0	822	Employee
npc	lou_in02	76	181	0	822	Employee
npc	lou_in02	61	175	0	818	Employee
npc	lou_in02	62	183	0	820	Chef
npc	lou_fild01	195	177	0	819	Jiu Lian Bu
npc	lou_fild01	175	173	0	819	Jiu Lian Bu
npc	lou_in02	58	183	0	823	Chef Assistant
npc	lou_in02	80	173	0	746	Li Min
npc	lou_in02	42	186	0	816	Liu Jia Lim
npc	lou_in02	43	169	0	827	Jiang Rong
npc	louyang	261	123	0	824	Chi Wu Ping
npc	louyang	174	150	0	815	Jiu Chi Ling
npc	lou_in02	265	69	0	814	Doctor
npc	lou_in02	272	55	0	798	Familiar-Looking Patient
npc	lou_in02	248	166	0	824	Tool Shop Master
npc	lou_in02	201	166	0	819	Storage Keeper
npc	lou_in02	210	47	0	825	City Hall Officer
npc	lou_in02	156	38	0	822	Studying Officer
npc	lou_in02	123	39	0	824	Poison King
npc	lou_in02	253	45	0	822	Employee
npc	lou_fild01	224	348	0	817	Lady
npc	lou_in01	99	158	0	821	Lord
npc	lou_in01	111	151	0	825	Soldier
npc	lou_in01	91	151	0	825	Soldier
npc	lou_in01	102	144	0	825	Soldier
npc	lou_in01	99	144	0	825	Soldier
npc	lou_in02	77	37	0	824	Hermit
npc	lou_in01	43	147	0	750	Gunpowder Expert
npc	lou_in01	45	138	0	825	Soldier
npc	lou_in01	82	139	0	825	Soldier
file	npc/quests/quests_lutie.txt
npc	xmas	117	295	0	704	Vending Machine Man
file	npc/quests/quests_morocc.txt
npc	yuno_in04	180	106	0	73	Reading Girl
npc	morocc_in	46	125	0	729	Assistant
npc	que_job01	70	84	0	882	Girl
npc	moc_fild20	354	183	0	707	Continental Guard
npc	moc_fild20	354	174	0	707	Continental Guard
npc	moc_fild20	38	174	0	707	Continental Guard
npc	moc_fild20	38	183	0	707	Continental Guard
npc	moc_fild20	189	21	0	707	Continental Guard
npc	moc_fild20	200	21	0	707	Continental Guard
npc	moc_fild20	203	336	0	707	Continental Guard
npc	moc_fild20	215	336	0	707	Continental Guard
npc	prontera	164	304	0	997	Continental Messenger
npc	geffen	128	90	0	997	Continental Messenger
npc	payon	200	113	0	997	Continental Messenger
npc	alberta	127	64	0	998	Continental Messenger
npc	aldebaran	135	128	0	998	Continental Messenger
npc	morocc	159	113	0	752	Chief Balrog
npc	sec_in02	14	43	0	971	Morocc GlobalVar Admin
npc	moc_fild21	5	5	0	971	Morocc GlobalVar Admin
npc	moc_ruins	137	70	0	48	Book-Touching Man
npc	prt_in	179	92	0	57	Library Curator
npc	yuno	333	210	0	57	Library Master
npc	yuno	335	208	0	81	Dog
npc	yuno_in04	111	57	0	862	Library Part-Timer
npc	yuno_in04	169	123	0	407	Suspicious Man
npc	que_ba	257	39	0	744	Female Researcher
npc	que_ba	176	43	0	402	Researcher
npc	que_ba	181	14	0	865	Researcher
npc	que_ba	104	55	0	980	Grotesque Woman
npc	que_ba	99	51	0	999	Grotesque Man
npc	que_ba	50	238	0	980	Grotesque Woman
npc	que_ba	48	227	0	999	Grotesque Man
npc	cave	82	97	0	996	Cave Settler
npc	cave	85	101	0	401	Jaeda
npc	cave	22	186	0	999	Monsterous Man
npc	cave	91	43	0	870	Cave Settler
npc	cave	72	71	0	981	Cave Settler
npc	cave	134	62	0	981	Cave Settler
npc	cave	113	74	0	401	Cave Settler
npc	cave	76	39	1	62	Cave Girl
npc	cave	108	34	0	979	Cave Settler
npc	cave	105	32	0	979	Cave Settler
file	npc/quests/quests_moscovia.txt
npc	moscovia	171	71	0	968	Berbayeff
npc	moscovia	135	52	0	837	Bulletin Board
npc	moscovia	135	49	0	964	Mr. Ibanoff
npc	mosk_ship	98	110	0	964	Mr. Ibanoff
npc	mosk_fild01	86	104	0	963	Aged Stranger
npc	mosk_in	131	92	0	965	Csar Alexsay III
npc	mosk_in	127	89	0	967	Prime Minister Dmitree
npc	mosk_in	144	279	0	959	Gallina
npc	mosk_in	148	274	0	958	Anna
npc	mosk_in	202	269	0	962	Mikhail
npc	mosk_in	135	191	0	961	Landlord
npc	mosk_in	141	212	0	964	Pub Owner
npc	mosk_in	147	202	0	968	Victor
npc	mosk_in	211	259	0	960	Larissa
npc	moscovia	208	182	0	967	Acorn Dealer
npc	mosk_in	215	46	0	970	Baba Yaga, the Horrible
npc	moscovia	252	203	0	958	A Little Girl
npc	moscovia	233	204	0	968	A Young Man
npc	moscovia	219	229	0	964	A Middle-Aged Man
npc	moscovia	255	203	0	962	A Little Boy
npc	moscovia	204	188	0	959	A Lady
npc	moscovia	167	97	0	961	A Lady
npc	moscovia	202	102	0	962	A Little Boy
npc	moscovia	220	172	0	968	A Young Man
npc	moscovia	253	175	0	964	A Man
npc	moscovia	168	135	0	961	A Lady
npc	moscovia	192	80	0	959	A Lady
npc	moscovia	211	215	0	967	A Young Man
npc	moscovia	149	112	0	964	A Man
npc	moscovia	196	71	0	968	A Young Man
npc	moscovia	234	168	0	964	A Man
npc	moscovia	228	80	0	962	A Little Boy
npc	moscovia	211	93	0	958	Irina
npc	mosk_fild02	198	252	0	755	Sage
npc	mosk_dun01	167	160	0	972	Gray Wolf
npc	mosk_dun01	50	256	0	972	Gray Wolf
npc	mosk_dun01	46	256	0	958	Maria Morebna
npc	moscovia	178	127	0	63	The Blacksmith
npc	moscovia	206	81	0	712	Vassili Grandpapa
npc	moscovia	213	216	0	960	Ryubaba
npc	moscovia	223	210	0	962	Little Boy
npc	mosk_fild02	157	233	0	69	Shepherdess
npc	moscovia	166	145	0	961	Worried Mother
npc	mosk_fild02	101	204	0	837	Caution
npc	mosk_fild02	101	200	0	837	Caution
npc	mosk_fild02	124	202	0	971	Lusalka
npc	prontera	228	279	0	968	Wanderer
npc	morocc	165	82	0	48	Morocc Villager
npc	moc_pryd04	126	120	0	967	Soldier
npc	mosk_fild02	243	270	0	866	Marozka
npc	mosk_dun02	48	214	0	970	Baba Yaga
npc	mosk_dun02	257	193	0	889	Cow
npc	mosk_dun02	146	247	0	889	Cow
npc	mosk_dun02	102	107	0	889	Cow
npc	mosk_dun02	65	232	0	801	Noisy Coffin
npc	amatsu	233	234	0	758	Momotoro Publisher
npc	payon	65	119	0	78	Broom Grandma
npc	mosk_dun01	3	3	0	958	Koshei GlobalVar
file	npc/quests/quests_nameless.txt
npc	airplane_01	95	61	0	899	Agent
npc	cmd_in02	174	89	0	97	Ordinary Man
npc	cmd_in02	111	52	0	97	Ordinary Man
npc	ra_in01	308	59	0	930	Waiter
npc	ra_in01	301	50	0	927	Normal-Looking Man
npc	ra_in01	301	52	0	927	Common-Looking Man
npc	ra_in01	297	50	0	926	Suspicious-Looking Man
npc	ve_in	78	314	0	945	Magistrate
npc	ve_in	81	296	0	946	Soldier
npc	ve_in	239	115	0	943	Drunkard
npc	ve_in	238	120	0	940	Drunkard
npc	ve_fild07	128	130	0	97	Secret Agent
npc	nameless_in	13	58	0	97	Larjes
npc	nameless_in	13	53	0	1864	Creature
npc	nameless_n	166	254	0	97	Larjes
npc	nameless_i	259	218	0	97	Larjes
npc	nameless_n	259	218	0	97	Larjes
npc	abbey03	232	233	0	956	Man
npc	abbey03	232	232	0	956	Dead Man
npc	sec_in02	15	15	0	809	boss
npc	ra_temple	165	57	0	915	Niren
npc	ra_temple	168	54	0	917	Sippie
npc	moc_ruins	77	167	0	880	Foreign Merchant
npc	moc_ruins	101	133	0	929	Foreign Merchant
npc	ra_temin	103	151	0	917	Female Follower
npc	ra_fild03	139	355	0	914	Ishmael
npc	que_temsky	101	93	0	915	Niren
npc	que_temsky	98	93	0	932	Zhed
npc	que_temsky	99	100	0	936	Pope
npc	comodo	224	187	0	86	Muff
npc	alberta	127	143	0	85	Belder
npc	moc_ruins	152	147	0	732	Ibrahim
npc	alberta	102	80	0	86	Jhonnita
npc	payon	69	65	0	89	Kimeunbang
npc	geffen	128	153	0	883	Leblo
npc	payon_in03	167	149	0	75	Wola
npc	in_rogue	366	46	0	828	Rogue Investigator
npc	cmd_in02	94	208	0	828	Investigator
npc	prontera	148	326	0	734	Chief Officer
npc	prt_in	168	18	0	65	Valdes
npc	in_rogue	359	116	0	747	Marybell
npc	payon	244	62	0	897	Moonho Ahn
npc	payon	192	176	0	903	Gooho Ahn
npc	moc_ruins	90	67	0	99	Suspicious Man
npc	moc_ruins	75	171	0	99	Suspicious Man
npc	z_agit	97	101	0	931	Louis
npc	z_agit	99	101	0	101	Martha
npc	z_agit	95	101	0	876	Catfoii
npc	morocc	143	63	0	929	Ragged Man
npc	morocc	102	298	0	98	Man
npc	comodo	339	224	0	881	Man in Hiding
npc	comodo	139	184	0	742	Scholar
npc	alberta_in	70	109	0	788	Shaman
npc	yuno_in04	38	48	0	55	Archeologist
npc	prontera	140	304	0	901	Old Soldier
npc	gef_fild08	182	185	0	739	The Wanderer
npc	prontera	163	204	0	99	Man from Morocc
npc	in_rogue	355	28	0	118	Rogue Agent
npc	aldebaran	114	56	0	828	Rogue Agent
npc	geffen	91	36	0	828	Rogue Guild Agent
npc	payon	209	44	0	828	Rogue Guild Agent
npc	comodo	233	199	0	810	Rogue Guild Agent
npc	morocc	116	39	0	779	Rogue Guild Agent
file	npc/quests/quests_niflheim.txt
npc	niflheim	224	243	0	795	Alreg
npc	nif_in	105	81	0	794	Crayu
npc	nif_in	31	20	0	794	Kuzkahina
npc	nif_in	188	168	0	792	Witch
npc	prt_in	161	20	0	92	Erious
npc	umbala	215	181	0	733	Billik
npc	niflheim	153	215	0	794	Feylin
file	npc/quests/quests_payon.txt
npc	payon_in01	99	72	0	103	Granny
npc	payon_in01	18	10	0	76	Mystic Lady
npc	payon_in02	25	71	0	86	Boy
file	npc/quests/quests_prontera.txt
npc	prt_in	88	105	0	105	Recruiter
npc	prt_fild05	270	212	0	105	Culvert Guardian
npc	prt_in	38	108	0	53	Teacher
npc	prontera	248	212	0	706	Busy Boy
npc	yuno	311	195	0	754	Historian
npc	morocc_in	45	126	0	702	Historian
npc	mjolnir_01	135	168	0	754	Historian
npc	mjolnir_01	312	269	0	81	Dog
npc	mjolnir_01	313	269	0	706	Dazed Boy
npc	mjolnir_01	316	268	0	879	Exhausted-Looking Woman
npc	prt_church	185	106	0	60	Father Bamph
npc	prt_church	184	110	0	60	Father Biscuss
npc	prt_church	23	89	0	60	Father Biscuss
npc	prt_church	16	114	0	60	Father Bamph
npc	moc_fild16	201	295	0	884	Assassin Guildsman
npc	que_job01	10	16	0	885	Marjana
npc	prt_in	162	99	0	67	Librarian
file	npc/quests/quests_rachel.txt
npc	ra_in01	384	246	0	47	Vincent
npc	rachel	114	232	0	869	Logan
npc	ra_in01	372	200	0	929	Manson
npc	rachel	48	237	0	894	Jenny
npc	rachel	138	73	0	85	Idle Merchant
npc	rachel	120	47	0	85	Idle Merchant
npc	ra_fild01	245	325	0	934	Suspicious Man
npc	rachel	263	32	0	931	Kid
npc	ra_in01	235	194	0	931	Katinshuell
npc	ra_in01	250	19	0	929	Mr. Shendar
npc	rachel	73	244	0	919	Lachellen
npc	rachel	196	77	0	921	Kid
npc	rachel	151	155	0	921	Kid
npc	rachel	266	35	0	918	Grandma
npc	rachel	157	183	0	916	Sincere Follower Urstia
npc	ice_dun02	120	105	0	924	Man Stuck in Ice
npc	rachel	265	98	0	930	Hamion
npc	rachel	113	97	0	929	Mohadian
npc	ice_dun03	126	126	0	802	Blazing Fire
npc	ice_dun03	172	126	0	802	Blazing Fire
npc	ice_dun03	172	172	0	802	Blazing Fire
npc	ice_dun03	127	172	0	802	Blazing Fire
npc	ra_temple	116	174	0	920	Nemma
npc	rachel	243	37	0	921	Kid
npc	ra_temin	277	159	0	932	High Priest Zhed
npc	ra_temin	170	46	0	920	Panno
npc	ra_temin	134	128	0	926	Pope's Office Guard
npc	ra_temin	134	134	0	926	Pope's Office Guard
npc	ra_temsky	95	99	0	935	Priest
npc	ra_temsky	93	97	0	926	Male Follower
npc	ra_temsky	90	95	0	926	Male Follower
npc	ra_temsky	98	59	0	926	Male Follower
npc	ra_temsky	104	99	0	920	Priestess
npc	ra_temsky	106	97	0	916	Female Follower
npc	ra_temsky	108	95	0	916	Female Follower
npc	ra_temsky	101	59	0	916	Female Follower
npc	ra_temsky	99	99	0	936	Pope
npc	ra_temin	294	149	0	915	High Priestess Niren
npc	que_san04	122	200	0	915	High Priestess Niren
npc	rachel	142	167	0	916	Seeking Follower
file	npc/quests/quests_umbala.txt
npc	um_in	39	122	0	784	Utan Chief
npc	um_in	44	71	0	782	Utan Shaman
npc	um_in	139	48	0	783	Phrenetan
npc	um_in	144	45	0	789	Umpokoriohtan
npc	um_in	101	73	0	783	Wainatan
npc	um_in	94	123	0	783	Bertztan
npc	umbala	145	217	0	783	Chabimatan
file	npc/quests/quests_veins.txt
npc	ve_in	169	310	0	121	Strange Old Man
npc	ve_in02	37	28	0	898	Factory Manager
npc	ve_in02	54	49	0	943	Factory Worker
npc	ve_in02	68	39	0	943	Factory Worker
npc	prontera	202	122	0	703	Kid
npc	prt_church	89	108	0	741	Bard
npc	morocc	53	87	0	707	Prison Ward
npc	morocc_in	79	163	0	748	Public Security Officer
npc	ra_in01	50	387	0	51	Upset Looking Bard
npc	ra_in01	58	389	0	707	Jesse
npc	ra_in01	58	389	0	929	Guant Prisoner
npc	job_duncer	93	106	0	892	Dance Instructor
npc	job_duncer	85	49	0	724	Young Dancer
npc	job_duncer	83	52	0	724	Cheerful Dancer
npc	job_duncer	87	50	0	724	Mature Looking Dancer
npc	airplane	76	56	0	724	Young Dancer
npc	airplane	75	53	0	724	Cheerful Dancer
npc	airplane	79	55	0	724	Mature Looking Dancer
npc	ein_in01	174	266	0	724	Young Dancer
npc	ein_in01	172	266	0	724	Cheerful Dancer
npc	ein_in01	170	266	0	724	Mature Looking Dancer
npc	ein_in01	279	221	0	903	Hotel Manager
npc	ein_in01	166	282	0	904	Employee
npc	ein_in01	181	284	0	109	Corporate Figure
npc	ein_in01	181	285	0	920	Arunafeltz Figure
npc	ein_in01	168	274	0	109	Corporate Figure
npc	ein_in01	170	284	0	920	Arunafeltz Figure
npc	morocc	297	154	0	51	Thin-Faced Bard
npc	morocc	294	152	0	899	????
npc	morocc	293	155	0	899	????
npc	morocc	298	150	0	899	????
npc	prontera	109	161	0	83	Young Man
npc	geffen	196	167	0	101	Young Woman
npc	comodo	135	299	0	809	Young Man
npc	sec_in02	10	43	0	809	Extra Story Patch
npc	veins	327	185	0	944	Kid
npc	que_thor	36	66	0	941	Little Curdie
npc	veins	181	166	0	900	Lockenlock
npc	veins	227	127	0	940	Ivory
npc	veins	115	59	0	847	Saraman
npc	veins	78	226	0	938	Camel
npc	veins	72	227	0	938	Camel
npc	veins	81	222	0	938	Camel
npc	veins	77	219	0	938	Camel
npc	veins	73	215	0	938	Camel
npc	veins	68	215	0	938	Camel
npc	ve_fild07	235	42	0	938	Silk Sand Camel
npc	veins	221	120	0	943	Young Town Native
npc	ra_temin	87	133	0	934	Rachel Guard
npc	ra_temin	82	133	0	934	Rachel Guard
npc	ra_temin	40	124	0	920	Female Follower
npc	ra_temin	42	124	0	934	Rachel Guard
npc	ra_temin	113	140	0	934	Rachel Guard
npc	veins	159	171	0	945	Towner
npc	ve_in	233	116	0	901	Drunken Man
npc	ve_in	232	117	0	940	Drunken Lady
npc	ve_in	234	115	0	940	Drunken Lady
npc	que_thor	145	66	0	939	Guard
npc	que_thor	136	66	0	939	Guard
npc	que_thor	127	60	0	939	Guard
npc	thor_camp	250	104	0	934	Sahedi
npc	thor_camp	187	228	0	946	Colonel Vito
npc	thor_camp	155	175	0	946	Colonel Vito
npc	thor_camp	159	74	0	946	Colonel Vito
npc	thor_camp	124	314	0	939	Soldier
npc	thor_camp	134	309	0	939	Soldier
npc	thor_camp	248	104	0	939	Aitra
npc	thor_camp	49	97	0	933	High Priest
npc	thor_camp	49	122	0	939	Thor Volcano Soldier
npc	thor_camp	31	93	0	939	Thor Volcano Soldier
npc	thor_camp	59	79	0	939	Thor Volcano Soldier
npc	thor_camp	143	114	0	939	Thor Volcano Soldier
npc	thor_camp	206	92	0	939	Thor Volcano Soldier
npc	thor_camp	201	321	0	939	Thor Volcano Soldier
npc	thor_camp	196	315	0	939	Thor Volcano Soldier
npc	thor_camp	98	213	0	939	Thor Volcano Soldier
npc	thor_camp	98	209	0	939	Thor Volcano Soldier
npc	thor_camp	246	191	0	939	Guard
npc	ve_in	235	135	0	947	Bartender
npc	ve_in	237	131	0	940	Female Customer
npc	ve_in	239	107	0	943	Male Customer
file	npc/quests/quests_yuno.txt
npc	yuno_in03	26	39	0	709	Metto
npc	yuno_in01	17	30	0	85	Wagan
npc	yuno_in01	17	95	0	99	Stangckle
npc	yuno_in01	19	183	0	55	Kato
npc	yuno_in03	178	43	0	121	CiCi
npc	yuno_in01	103	157	0	98	Bain
npc	yuno_in01	100	153	0	47	Bajin
npc	yuno	157	87	0	102	A Citizen of Juno
npc	yuno	261	99	0	735	Sage Yklah
npc	yuno	305	207	0	735	Sage Syklah
npc	yuno	213	298	0	735	Sage Esklah
file	npc/quests/seals/brisingamen_seal.txt
npc	prt_fild08	175	374	0	51	Bard
npc	yuno_in04	47	113	0	749	Studying Scholar
npc	prt_church	113	103	0	798	Praying Man
npc	prontera	260	354	0	101	Woman
npc	que_god02	48	55	0	745	Lowen Ellenen
npc	que_god02	54	64	0	105	Soldier
npc	que_god02	55	64	0	105	Soldier
npc	que_god02	21	127	0	745	Lowen Ellenen
npc	que_god02	178	127	0	811	Valkyrie
npc	xmas	36	103	0	826	Alfrik
npc	prt_fild02	185	270	0	826	Dvalin
npc	mjolnir_09	87	129	0	826	Berling
npc	mjo_dun02	126	34	0	826	Grer
file	npc/quests/seals/god_global.txt
npc	sec_in02	15	170	0	817	Golbal var
file	npc/quests/seals/god_weapon_creation.txt
npc	gld_dun01	28	85	0	826	Grunburti
npc	gld_dun02	85	84	0	826	Grunburti
npc	gld_dun03	92	105	0	826	Grunburti
npc	gld_dun04	268	230	0	826	Grunburti
npc	que_god01	154	112	0	826	Grunburti
npc	que_god01	293	3	0	90	Godly Item Quests
file	npc/quests/seals/megingard_seal.txt
npc	prt_in	172	106	0	833	Librarian
npc	geffen_in	109	161	0	751	Crusader
npc	morocc_in	146	179	0	66	Employee
npc	in_rogue	243	61	0	748	Suspicious Man
npc	alberta	196	146	0	751	Crusader
npc	aldebaran	66	213	0	69	Lady
npc	cmd_in02	190	94	0	828	Man
npc	jawaii_in	44	110	0	734	Security Officer
npc	niflheim	109	254	0	796	Egnigem
file	npc/quests/seals/mjolnir_seal.txt
npc	prontera	124	297	0	706	Tialfi
npc	prt_fild01	196	47	0	703	Roskva
npc	mjolnir_11	149	247	0	826	Dwarf Blacksmith
npc	mjolnir_09	209	341	0	826	Dwarf Blacksmith
npc	mjolnir_01	35	136	0	826	Dwarf Blacksmith
npc	mjolnir_12	18	18	0	826	Dwarf Blacksmith
file	npc/quests/seals/seal_status.txt
npc	prontera	113	294	0	837	Sign Post
file	npc/quests/seals/sleipnir_seal.txt
npc	yuno	164	200	0	101	Noyee
npc	que_god01	98	98	0	69	Manager
npc	que_god01	66	125	0	89	Researcher
npc	que_god01	11	136	0	742	Researcher
npc	que_god01	55	47	0	803	Researcher
npc	que_god01	14	47	0	713	Researcher
npc	payon	79	171	0	95	Friar
file	npc/quests/skills/acolyte_skills.txt
npc	prt_church	173	23	0	79	Cleric
file	npc/quests/skills/alchemist_skills.txt
npc	yuno_in04	33	108	0	883	Pisruik
npc	yuno_in04	22	107	0	740	Irache
npc	yuno_in04	27	107	0	748	Degas
npc	lhz_in01	224	140	0	57	Kellasus
npc	lhz_in01	225	122	0	754	Skrajjad
npc	lhz_in01	204	138	0	750	Keshibien
npc	lhz_in02	278	273	0	709	Broncher
npc	lhz_in03	106	34	0	706	Koring
npc	lhz_in03	109	31	0	90	Beninne
npc	lighthalzen	226	210	0	86	Nannan
npc	lhz_in01	218	141	0	98	Alchemist
file	npc/quests/skills/archer_skills.txt
npc	moc_ruins	118	99	0	88	Roberto
npc	payon	103	63	0	88	Jason
file	npc/quests/skills/assassin_skills.txt
npc	in_moc_16	14	27	0	884	Assassin
npc	in_moc_16	23	27	0	885	Assassin
file	npc/quests/skills/bard_skills.txt
npc	prontera	174	328	0	89	Young Man
npc	morocc_in	169	72	0	741	Spiteful-Looking Bard
npc	niflheim	239	70	0	800	Yhelle
npc	niflheim	185	205	0	800	Yhelle
npc	niflheim	85	203	0	800	Yhelle
npc	niflheim	149	81	0	800	Yhelle
npc	niflheim	209	144	0	800	Yhelle
npc	morocc_in	178	73	0	54	Customer
npc	morocc_in	175	70	0	50	Customer
npc	morocc_in	166	76	0	46	Bartender
file	npc/quests/skills/blacksmith_skills.txt
npc	geffen	178	72	0	726	Akkie
npc	geffen	172	52	0	826	Goodman
file	npc/quests/skills/crusader_skills.txt
npc	geffen	110	117	0	752	Ford
npc	gef_fild13	297	242	0	751	Soldier
npc	prt_church	87	127	0	755	Pastor
file	npc/quests/skills/dancer_skills.txt
npc	comodo	204	172	0	724	Canell
npc	prontera	183	333	0	79	Aelle
file	npc/quests/skills/hunter_skills.txt
npc	pay_arche	109	169	0	712	Arpesto
file	npc/quests/skills/knight_skills.txt
npc	prt_in	85	99	0	734	Knight
npc	prontera	72	352	0	733	Grand Master
npc	prontera	78	354	0	734	Knight
npc	prontera	73	357	0	734	Knight
npc	prontera	78	357	0	734	Knight
npc	prontera	66	358	0	733	Knight
file	npc/quests/skills/mage_skills.txt
npc	geffen_in	151	119	0	64	Great Wizard
file	npc/quests/skills/merchant_skills.txt
npc	alberta	83	96	0	98	Necko
npc	alberta	119	221	0	107	Charlron
file	npc/quests/skills/monk_skills.txt
npc	prt_monk	270	198	0	753	Apprentice Monk
npc	monk_test	316	69	0	823	Monk
file	npc/quests/skills/novice_skills.txt
npc	prt_in	234	133	0	66	Nami
npc	prt_in	73	87	0	65	Chivalry Member
npc	prt_castle	175	146	0	50	Nursing Instructor
file	npc/quests/skills/priest_skills.txt
npc	prt_church	111	112	0	79	Sister Linus
file	npc/quests/skills/rogue_skills.txt
npc	in_rogue	357	174	0	705	Killer
npc	in_rogue	355	179	0	46	Haijara Greg
npc	in_rogue	152	29	0	84	Louis Greg
npc	in_rogue	268	125	0	86	Thor Greg
npc	in_rogue	181	114	0	85	Jay Greg
npc	prt_are01	149	162	0	700	Kienna
npc	prt_are01	136	150	0	700	Kienna
npc	prt_are01	150	138	0	700	Kienna
npc	prt_are01	163	147	0	700	Kienna
npc	prt_are01	134	140	0	700	Kienna
npc	prt_are01	161	140	0	700	Kienna
npc	prt_are01	161	160	0	700	Kienna
npc	prt_are01	138	159	0	700	Kienna
npc	in_rogue	88	119	0	828	Waiting Room
file	npc/quests/skills/sage_skills.txt
npc	yuno_in03	176	24	0	755	Mischna
file	npc/quests/skills/swordman_skills.txt
npc	prt_in	75	88	0	85	Leon Von Frich
npc	prt_in	94	57	0	85	Juan
file	npc/quests/skills/thief_skills.txt
npc	moc_prydb1	154	128	0	118	Alcouskou
npc	payon	91	77	0	99	Bag Seller
file	npc/quests/skills/wizard_skills.txt
npc	gef_tower	115	36	0	876	Meow
npc	prt_in	82	98	0	46	Simon Mayace
file	npc/quests/thana_quest.txt
npc	hu_fild01	140	163	0	852	Tower Keeper
npc	tha_t01	149	78	0	90	Guide
npc	tha_t01	140	78	0	831	Guide
npc	tha_t02	231	161	0	874	Entrance Guide
npc	thana_boss	217	167	0	1711	Memory Seal
npc	thana_boss	202	75	0	1712	Memory Seal
npc	thana_boss	80	76	0	1709	Memory Seal
npc	thana_boss	62	171	0	1710	Memory Seal
npc	thana_boss	141	235	0	1708	Memory Seal
file	npc/quests/the_sign_quest.txt
npc	prt_in	227	45	0	804	Archeologist
npc	prt_in	228	26	0	55	Steward
npc	prt_in	248	23	0	1275	Maid
npc	morocc_in	115	154	0	810	Rogue
npc	morocc_in	114	162	0	118	Young Man
npc	payon	154	170	0	78	Hagin
npc	payon_in03	81	22	0	1170	Maid
npc	payon_in03	79	22	0	1404	Maid
npc	payon_in03	81	15	0	1170	Maid
npc	payon_in03	79	15	0	1404	Maid
npc	payon_in03	8	31	0	1416	Maid
npc	payon_in03	13	31	0	1416	Maid
npc	payon_in03	11	31	0	808	Daewoon
npc	aldeba_in	155	101	0	805	Sir Jore
npc	aldeba_in	156	118	0	102	Piru Piru
npc	prt_maze02	57	151	0	91	Pleur
npc	prt_maze02	16	183	0	91	Pleur
npc	prt_maze02	14	183	0	51	Gordon
npc	geffen_in	59	74	0	803	Jesqurienne
npc	geffen_in	61	72	0	754	Aaron
npc	cmd_in02	88	51	0	806	Strange Guy
npc	cmd_in01	33	25	0	724	Examiner
npc	cmd_in01	33	33	0	66	Standby Room
npc	alberta_in	125	101	0	807	Wealthy-looking Merchant
npc	alberta_in	154	171	0	758	Maid
npc	alde_alche	169	162	0	749	Alchemist
npc	alberta_in	114	178	0	109	Refined Steward
npc	alberta	98	202	0	105	Guard
npc	alberta	43	49	0	89	Poor-looking Merchant
npc	yuno	330	100	0	734	Knight
npc	geffen_in	159	48	0	711	Lonely-looking Woman
npc	geffen_in	171	42	0	703	Cute Girl
npc	mjo_dun02	88	295	0	85	Flaming Spirit Man
npc	gef_tower	118	36	0	64	Annoyed Man
npc	umbala	163	256	0	781	Native
npc	um_in	27	23	0	121	Fastidious-Looking Guy
npc	alberta	165	83	0	755	Fastidious Old Man
npc	himinn	48	86	0	811	Valkyrie
npc	que_sign01	196	39	0	90	Serin
npc	que_sign01	196	44	0	737	Dark Lord
npc	que_sign01	196	39	0	90	Serin
npc	que_sign01	197	195	0	90	Serin
npc	niflheim	313	70	0	90	Pleasant-Featured Lady
npc	que_sign01	122	141	0	792	Witch
npc	que_sign01	45	227	0	856	Queen of the Dead
npc	niflheim	146	241	0	735	Depressing Man
npc	niflheim	102	54	0	739	Mad Man
file	npc/re/airports/izlude.txt
npc	izlude	202	75	0	90	Airship Staff
npc	izlude_a	202	75	0	90	Airship Staff
npc	izlude_b	202	75	0	90	Airship Staff
npc	izlude_c	202	75	0	90	Airship Staff
npc	izlude_d	202	75	0	90	Airship Staff
file	npc/re/battleground/bg_common.txt
npc	morocc	145	82	0	728	Maroll Battle Recruiter
file	npc/re/cities/alberta.txt
npc	alberta	246	74	0	709	Sea Captain
npc	alberta	246	29	0	843	Aibakthing
npc	alberta	246	82	0	100	Crewman
npc	alberta	246	62	0	776	Kunlun Envoy
npc	alberta	246	40	0	815	Girl
npc	alberta	246	51	0	960	Moscovia P.R. Officer
npc	alberta	244	118	0	709	Sailor
npc	alberta	246	114	0	121	Turtle Island Scholar
npc	alberta	232	103	0	57	Gershaun
file	npc/re/cities/comodo.txt
npc	cmd_fild07	43	275	0	83	Spectator
npc	cmd_fild07	45	273	0	727	Passerby
npc	cmd_fild07	47	274	0	724	Traveler
npc	cmd_fild07	50	271	0	85	Adventurer
file	npc/re/cities/dewata.txt
npc	alberta	212	202	0	536	Dewata Sailor
npc	dewata	229	49	0	536	Alberta Sailor
npc	dewata	221	237	0	536	Young Man
npc	dewata	114	243	0	536	Lazy Young Man
npc	dewata	159	81	0	881	Tourist
npc	dewata	146	109	0	886	Restauranteur
npc	dewata	147	107	0	85	Gourmet
npc	dewata	154	107	0	86	Sightseer
npc	dewata	95	203	0	536	Travel Guide
npc	dewata	97	207	0	803	Tourist
npc	dewata	100	206	0	59	Tourist
npc	dewata	101	206	0	90	Tourist
npc	dewata	99	203	0	755	Tourist
npc	dewata	67	186	0	834	Monk
npc	dewata	65	188	0	834	Monk
npc	dewata	63	190	0	834	Monk
npc	dewata	62	192	0	834	Monk
npc	dewata	75	122	0	834	Monk
npc	dewata	69	101	0	834	Monk
npc	dewata	71	79	0	834	Monk
npc	dewata	211	272	0	534	Lodge Owner
npc	dewata	245	244	0	536	Lodge Employee
npc	dewata	233	263	0	828	Sweet Married Couple
npc	dewata	234	263	0	727	Sweet Married Couple
npc	dewata	279	213	0	887	Tourist
npc	dewata	269	208	0	538	Little Kid in Town
npc	dewata	227	129	0	538	Sarr
npc	dewata	239	140	0	539	Siyak
npc	dewata	193	145	0	538	Sipo
npc	dewata	228	177	0	538	Majya
npc	dewata	278	100	0	703	Missing Child
npc	dewata	249	87	0	101	Mum
npc	dewata	251	85	0	97	Poppa
npc	dewata	278	281	0	534	Happily Married Grandpa
npc	dewata	280	277	0	535	Happily Married Grandma
npc	dewata	165	103	0	534	Adventurer Semangat
npc	dewata	139	114	0	535	Semangat's Wife
npc	dewata	181	88	0	536	Young Man
npc	dewata	179	204	0	537	Young Lady
npc	dewata	280	236	0	726	Settler
npc	dewata	204	230	0	537	Dieting Lady
npc	dewata	117	156	0	538	Dreaming Kid
npc	dewata	144	216	0	538	Energetic Kid
npc	dewata	127	248	0	539	Wishing Kid
npc	dew_fild01	101	259	0	541	Jaty Tribe Gatekeeper
npc	dew_fild01	106	306	0	541	R. Jaty Tribe Warrior
file	npc/re/cities/dicastes.txt
npc	dicastes01	194	159	0	492	Excited Galten
npc	dicastes01	202	86	0	450	Sentinel
npc	dicastes01	194	95	0	450	Sentinel
npc	dicastes01	234	158	0	450	Training Galten
npc	dicastes01	244	166	0	450	Training Galten
npc	dicastes01	272	166	0	450	Training Galten
npc	dicastes01	248	129	0	450	Training Galten
npc	dic_in01	349	282	0	492	Waiting Galten
npc	dic_in01	370	261	0	492	Waiting Galten
npc	dic_in01	381	261	0	492	Waiting Galten
npc	dic_in01	370	282	0	492	Waiting Galten
npc	dic_in01	354	219	0	492	Resting Galten
npc	dic_in01	365	197	0	492	Resting Galten
npc	dic_in01	87	102	0	454	Resting Piom
npc	dic_in01	29	119	0	489	Resting Piom
npc	dic_in01	91	113	0	489	Suspicious Piom
npc	dic_in01	168	116	0	491	Tired Piom
npc	dic_in01	149	104	0	455	Tired Piom
npc	dic_in01	341	113	0	491	Tired Piom
npc	dic_in01	252	103	0	711	Eating Adventurer
npc	dic_in01	32	54	0	449	Venknick
npc	dic_in01	372	116	0	490	Thrilled Piom
npc	dic_in01	360	125	0	449	Serious Venknicka
npc	dic_in01	42	250	0	489	Guide
npc	dic_in01	335	34	0	490	Talkative Piom
npc	dic_in01	387	30	0	454	Manuk Piom
npc	dicastes01	282	210	0	453	Free Knit
npc	dicastes01	246	210	0	449	Free Venknick
npc	dicastes01	235	245	0	490	Excited Piom
npc	dicastes01	284	262	0	453	Favorable Knit
npc	dicastes01	164	180	0	489	Limpy Piom
npc	dicastes01	191	202	0	450	Complaining Galten
npc	dicastes01	202	197	0	449	Crazy Venknick
npc	dic_in01	98	110	0	489	Worried Piom
npc	dic_in01	98	96	0	492	Lost Galten
file	npc/re/cities/eclage.txt
npc	ecl_in02	96	22	0	545	sign
npc	ecl_in01	8	71	0	447	Eclage Guard
npc	ecl_in02	164	56	0	835	Receptionist
npc	ecl_in02	135	45	0	442	Injured Laphine
npc	ecl_in02	137	44	0	441	Doctor Laphine
file	npc/re/cities/izlude.txt
npc	izlude	197	205	0	100	Sailor
npc	izlude_a	197	205	0	100	Sailor
npc	izlude_b	197	205	0	100	Sailor
npc	izlude_c	197	205	0	100	Sailor
npc	izlude_d	197	205	0	100	Sailor
npc	izlude	71	92	0	90	Bonne
npc	izlude_a	71	92	0	90	Bonne
npc	izlude_b	71	92	0	90	Bonne
npc	izlude_c	71	92	0	90	Bonne
npc	izlude_d	71	92	0	90	Bonne
npc	izlude	172	215	0	91	Charfri
npc	izlude_a	172	215	0	91	Charfri
npc	izlude_b	172	215	0	91	Charfri
npc	izlude_c	172	215	0	91	Charfri
npc	izlude_d	172	215	0	91	Charfri
npc	izlude	174	164	0	124	Cuskoal
npc	izlude_a	174	164	0	124	Cuskoal
npc	izlude_b	174	164	0	124	Cuskoal
npc	izlude_c	174	164	0	124	Cuskoal
npc	izlude_d	174	164	0	124	Cuskoal
npc	izlude	85	103	0	84	Dega
npc	izlude_a	85	103	0	84	Dega
npc	izlude_b	85	103	0	84	Dega
npc	izlude_c	85	103	0	84	Dega
npc	izlude_d	85	103	0	84	Dega
npc	izlude	140	186	0	97	Kylick
npc	izlude_a	140	186	0	97	Kylick
npc	izlude_b	140	186	0	97	Kylick
npc	izlude_c	140	186	0	97	Kylick
npc	izlude_d	140	186	0	97	Kylick
npc	izlude	57	159	0	85	Red
npc	izlude_a	57	159	0	85	Red
npc	izlude_b	57	159	0	85	Red
npc	izlude_c	57	159	0	85	Red
npc	izlude_d	57	159	0	85	Red
npc	izlude	55	159	0	98	Cebalis
npc	izlude_a	55	159	0	98	Cebalis
npc	izlude_b	55	159	0	98	Cebalis
npc	izlude_c	55	159	0	98	Cebalis
npc	izlude_d	55	159	0	98	Cebalis
npc	izlude	165	156	0	105	Soldier
npc	izlude_a	165	156	0	105	Soldier
npc	izlude_b	165	156	0	105	Soldier
npc	izlude_c	165	156	0	105	Soldier
npc	izlude_d	165	156	0	105	Soldier
npc	prt_fild08	350	219	0	105	Guard
npc	prt_fild08a	350	219	0	105	Guard
npc	prt_fild08b	350	219	0	105	Guard
npc	prt_fild08c	350	219	0	105	Guard
npc	prt_fild08d	350	219	0	105	Guard
npc	izlude	122	105	0	64	Channel Warp Official
npc	izlude_a	122	105	0	64	Channel Warp Official
npc	izlude_b	122	105	0	64	Channel Warp Official
npc	izlude_c	122	105	0	64	Channel Warp Official
npc	izlude_d	122	105	0	64	Channel Warp Official
npc	izlude	143	205	0	703	Talkative Kid
npc	izlude_a	143	205	0	703	Talkative Kid
npc	izlude_b	143	205	0	703	Talkative Kid
npc	izlude_c	143	205	0	703	Talkative Kid
npc	izlude_d	143	205	0	703	Talkative Kid
npc	izlude	146	205	0	706	Talkative Adventurer
npc	izlude_a	146	205	0	706	Talkative Adventurer
npc	izlude_b	146	205	0	706	Talkative Adventurer
npc	izlude_c	146	205	0	706	Talkative Adventurer
npc	izlude_d	146	205	0	706	Talkative Adventurer
npc	prt_fild08	338	217	0	882	Resting Adventurer
npc	prt_fild08a	338	217	0	882	Resting Adventurer
npc	prt_fild08b	338	217	0	882	Resting Adventurer
npc	prt_fild08c	338	217	0	882	Resting Adventurer
npc	prt_fild08d	338	217	0	882	Resting Adventurer
file	npc/re/cities/jawaii.txt
npc	izlude	180	224	0	71	Honeymoon Helper
npc	izlude_a	180	224	0	71	Honeymoon Helper
npc	izlude_b	180	224	0	71	Honeymoon Helper
npc	izlude_c	180	224	0	71	Honeymoon Helper
npc	izlude_d	180	224	0	71	Honeymoon Helper
file	npc/re/cities/lutie.txt
npc	aldebaran	168	168	0	718	Mr. Claus
file	npc/re/cities/malangdo.txt
npc	prontera	114	77	0	553	Dolangmal
npc	geffen	109	61	0	553	Dolangmal
npc	payon	200	106	0	553	Dolangmal
npc	aldebaran	170	104	0	553	Dolangmal
npc	morocc	168	275	0	553	Dolangmal
npc	yuno	165	122	0	553	Dolangmal
npc	rachel	121	126	0	553	Dolangmal
npc	lighthalzen	254	83	0	553	Dolangmal
npc	mora	57	150	0	553	Dolangmal
npc	alberta	200	151	0	554	Odgnalam
npc	izlude	182	218	0	554	Odgnalam
npc	izlude_a	182	218	0	554	Odgnalam
npc	izlude_b	182	218	0	554	Odgnalam
npc	izlude_c	182	218	0	554	Odgnalam
npc	izlude_d	182	218	0	554	Odgnalam
npc	malangdo	219	86	0	545	Kong
npc	malangdo	147	117	0	554	Innkeeper
npc	malangdo	151	120	0	479	Minstrel
npc	malangdo	149	120	0	485	Wanderer
npc	malangdo	216	168	0	558	Cat Trainer
npc	malangdo	164	203	0	853	Cat Trainer
file	npc/re/cities/malaya.txt
npc	alberta	196	202	0	100	Optamara Crew
npc	malaya	276	55	0	100	Optamara Crew
npc	ma_in01	30	94	0	583	Inn Keeper
npc	ma_fild01	74	367	0	572	Unidentified Creature
npc	ma_fild02	282	41	0	572	Unidentified Creature
npc	ma_scene01	195	92	0	572	Unidentified Creature
npc	ma_fild01	109	116	0	572	Unidentified Creature
npc	ma_fild01	280	150	0	572	Unidentified Creature
npc	ma_fild01	309	221	0	572	Unidentified Creature
npc	ma_fild02	246	324	0	572	Unidentified Creature
npc	ma_fild02	71	296	0	572	Unidentified Creature
npc	ma_fild02	32	263	0	572	Unidentified Creature
npc	ma_scene01	158	139	0	572	Unidentified Creature
npc	ma_scene01	167	112	0	572	Unidentified Creature
npc	malaya	227	311	0	575	Grandma
npc	malaya	189	263	0	578	Drumming Young Man
npc	malaya	270	59	0	570	Port Guard
npc	malaya	88	252	0	576	Little Girl
npc	malaya	219	92	0	577	Little Kid
npc	malaya	363	283	0	582	Local
npc	malaya	41	127	0	574	Old Man
npc	malaya	63	185	0	583	Woman
npc	malaya	237	240	0	582	Jeepney Driver
npc	malaya	67	44	0	582	Jeepney Driver
npc	malaya	282	129	0	582	Jeepney Driver
npc	malaya	134	250	0	582	Jeepney Driver
npc	malaya	341	153	0	582	Jeepney Driver
npc	malaya	293	290	0	582	Jeepney Driver
npc	malaya	242	221	0	582	Jeepney Driver
npc	malaya	62	245	0	582	Jeepney Driver
npc	malaya	257	58	0	582	Jeepney Driver
file	npc/re/cities/mora.txt
npc	mora	52	138	0	516	Mungmung
npc	mora	160	123	0	517	Nemnem
npc	mora	105	104	0	514	Boaster
npc	mora	105	100	0	518	Rangrang
npc	mora	99	100	0	515	Decoy
npc	mora	98	104	0	516	Moved Raffle
npc	mora	102	107	0	517	Relieved Raffle
npc	mora	101	107	0	518	Excited Raffle
npc	mora	103	100	0	518	Impressed Raffle
npc	mora	123	94	0	515	Visitor to Mora
npc	mora	155	72	0	513	Visitor to Mora
npc	mora	184	169	0	516	Worker
npc	mora	179	155	0	516	Novice Worker
npc	mora	177	157	0	518	Indifferent Worker
npc	mora	108	182	0	516	Worker
npc	mora	122	97	0	517	Relaxing Raffle
npc	mora	174	171	0	518	Warehouse Worker
npc	mora	113	185	0	516	Reading Raffle
npc	mora	99	65	0	516	Banana Rafflesia
npc	mora	30	128	0	514	Relaxing Traveler
npc	mora	130	96	0	513	Relaxing Traveler
npc	mora	43	113	0	517	Wounded Rafflesia
npc	mora	168	161	0	513	Warehouse Worker
npc	mora	175	161	0	518	Warehouse Worker
npc	mora	140	186	0	517	Raffle Philosopher
npc	mora	140	72	0	513	Traveler
npc	mora	138	72	0	513	Traveler
npc	mora	139	73	0	513	Traveler
npc	mora	132	185	0	518	Mora Villager
npc	mora	133	185	0	524	Mora Villager
npc	mora	134	185	0	525	Mora Villager
npc	mora	132	184	0	522	Mora Villager
npc	mora	133	184	0	1790	Mora Villager
npc	mora	134	184	0	516	Mora Villager
npc	mora	132	183	0	524	Mora Villager
npc	mora	133	183	0	518	Mora Villager
npc	mora	134	183	0	522	Mora Villager
npc	mora	43	127	0	522	Innkeeper
file	npc/re/cities/prontera.txt
npc	prontera	52	344	0	105	Guard
file	npc/re/cities/yuno.txt
npc	yuno	150	283	0	852	Juno Soldier
npc	yuno	165	283	0	852	Juno Soldier
npc	yuno	227	292	0	852	Juno Soldier
npc	yuno	165	228	0	852	Juno Soldier
npc	yuno	150	228	0	852	Juno Soldier
npc	yuno	334	182	0	852	Juno Soldier
npc	yuno	263	320	0	852	Juno Soldier
file	npc/re/custom/lasagna/lasagna_npcs.txt
npc	lasa_fild01	49	304	0	10162	Vigilante Ajegna
npc	lasa_fild01	53	322	0	495	Applicant Paul
npc	lasa_fild01	50	321	0	495	Applicant MacCarnie
npc	lasa_fild01	54	325	0	10162	Vigilante Gnocchi
npc	lasa_fild01	60	322	0	10154	Vigilante Aglio
npc	lasa_fild01	132	374	0	10167	Sloth
npc	lasa_fild01	103	344	0	10167	Well-known Troublemaker
npc	lasagna	168	125	0	10167	Kid
npc	lasagna	165	125	0	10163	Tool Merchant
npc	lasagna	224	126	0	10164	Healer Haru
npc	lasagna	222	123	0	549	Hypnotist
npc	izlude	117	165	0	495	Cat Paw Shrimp Merchant
npc	alberta	111	159	0	495	Cat Paw Shrimp Merchant
npc	aldeba_in	89	56	0	495	Cat Paw Shrimp Merchant
npc	amatsu	102	122	0	495	Cat Paw Shrimp Merchant
npc	brasilis	249	257	0	495	Cat Paw Shrimp Merchant
npc	comodo	103	136	0	495	Cat Paw Shrimp Merchant
npc	dewata	193	169	0	495	Cat Paw Shrimp Merchant
npc	einbroch	164	316	0	495	Cat Paw Shrimp Merchant
npc	ein_in01	194	22	0	495	Cat Paw Shrimp Merchant
npc	dic_in01	242	119	0	495	Cat Paw Shrimp Merchant
npc	ecl_in01	72	86	0	495	Cat Paw Shrimp Merchant
npc	geffen_in	75	140	0	495	Cat Paw Shrimp Merchant
npc	gonryun	147	88	0	495	Cat Paw Shrimp Merchant
npc	hugel	76	165	0	495	Cat Paw Shrimp Merchant
npc	izlude_a	117	165	0	495	Cat Paw Shrimp Merchant
npc	izlude_b	117	165	0	495	Cat Paw Shrimp Merchant
npc	izlude_c	117	165	0	495	Cat Paw Shrimp Merchant
npc	izlude_d	117	165	0	495	Cat Paw Shrimp Merchant
npc	lasagna	166	117	0	495	Cat Paw Shrimp Merchant
npc	lhz_in02	29	219	0	495	Cat Paw Shrimp Merchant
npc	lou_in02	241	168	0	495	Cat Paw Shrimp Merchant
npc	malaya	286	175	0	495	Cat Paw Shrimp Merchant
npc	mora	110	118	0	495	Cat Paw Shrimp Merchant
npc	morocc	169	105	0	495	Cat Paw Shrimp Merchant
npc	mosk_in	30	246	0	495	Cat Paw Shrimp Merchant
npc	payon	155	96	0	495	Cat Paw Shrimp Merchant
npc	prontera	137	223	0	495	Cat Paw Shrimp Merchant
npc	ra_in01	243	272	0	495	Cat Paw Shrimp Merchant
npc	um_in	104	118	0	495	Cat Paw Shrimp Merchant
npc	ve_in	263	303	0	495	Cat Paw Shrimp Merchant
npc	xmas_in	32	38	0	495	Cat Paw Shrimp Merchant
npc	yuno	205	116	0	495	Cat Paw Shrimp Merchant
npc	izlude	195	213	0	495	Con-Chliina Crewman
npc	malangdo	218	81	0	495	Con-Chliina Crewman
npc	izlude_a	195	213	0	495	Con-Chliina Crewman
npc	izlude_b	195	213	0	495	Con-Chliina Crewman
npc	izlude_c	195	213	0	495	Con-Chliina Crewman
npc	izlude_d	195	213	0	495	Con-Chliina Crewman
npc	izlude	138	183	0	10162	Vigilante Penne
npc	lasagna	209	301	0	10167	Mustachi
npc	lasagna	232	181	0	559	Linguina
npc	lasagna	227	187	0	544	Vongolo
npc	lasagna	220	172	0	422	Master of Property
npc	lasagna	208	188	0	495	Cat Paw Service
npc	lasagna	171	105	0	849	Emergency Patient
npc	lasagna	200	278	0	560	Recruiter
npc	lasagna	202	276	0	10165	Gomae
npc	lasagna	211	186	0	559	Boarding Attendant
npc	lasa_fild01	356	374	0	889	Cow
npc	lasa_fild01	352	376	0	957	Cow
npc	lasa_fild01	361	372	0	889	Cow
npc	lasagna	217	192	0	544	Kittie
npc	lasagna	260	134	0	546	Rasmus
npc	lasagna	244	231	0	544	Crewman of Anchovy Fish
npc	lasagna	190	239	0	559	Youngster meow
npc	lasagna	180	230	0	560	Youngster meow
npc	lasagna	192	245	0	554	Youngster meow
npc	lasagna	184	234	0	422	Youngster meow
npc	lasagna	186	231	0	10167	Youngster meow
npc	lasagna	226	196	0	10166	Aram
npc	lasagna	228	193	0	10163	Porto
npc	lasagna	229	197	0	10164	Tos
npc	lasagna	230	192	0	560	Perky Doram
npc	lasagna	235	193	0	10157	Customer
npc	lasagna	220	190	0	559	Customer
npc	lasagna	220	194	0	495	Serious Doram
npc	lasagna	221	175	0	545	Smart Doram
npc	lasagna	219	178	0	546	Kittie
npc	lasagna	225	174	0	555	Doram On The Journey
npc	lasagna	233	174	0	561	Boozer
npc	lasagna	236	173	0	561	Boozer
npc	lasagna	236	179	0	10163	Meow goon
npc	lasagna	235	178	0	10164	Goon meow
npc	lasagna	232	187	0	545	Fettuccina
npc	lasagna	131	245	0	555	The diligent second son
npc	lasagna	131	250	0	10164	The brave third
npc	lasagna	140	250	0	10165	The skittish fourth
npc	lasagna	140	245	0	546	The sensitive-minded ela
npc	lasa_fild01	353	370	0	10167	Shepherd
npc	lasa_fild02	102	372	0	10165	Florin
npc	lasa_fild02	177	241	0	10164	Prok
npc	lasa_fild02	326	170	0	560	Fisher
npc	lasa_fild02	331	251	0	554	Sleepy meow
npc	lasagna	222	187	0	548	Chef
npc	lasagna	85	93	0	10167	Shaman meow
npc	lasagna	174	160	0	10162	Vigilante Guide
npc	lasagna	202	291	0	10162	Vigilante Guide
npc	lasagna	233	197	0	10155	Vigilante Olio
npc	lasagna	235	198	0	10152	Chief Peperoncino
npc	lasa_in01	61	91	0	10158	Basilisk Prisoner
npc	lasa_in01	64	92	0	10159	Jindou
npc	lasa_in01	59	90	0	10152	Chief Peperoncino
npc	lasagna	77	263	0	10166	Tali
npc	lasagna	205	325	0	495	Eggling
npc	conch_in	65	58	0	559	Purser
npc	conch_in	24	62	0	10156	Stello
npc	conch_in	26	64	0	10153	Captain Gamberi
npc	conch_in	96	29	0	549	Recorder
npc	conch_in	181	61	0	421	Boatswain
npc	conch_in	181	58	0	561	Helmsman
npc	conch_in	179	64	0	957	Cow
npc	conch_in	189	63	0	10157	Head Chef
npc	conch_in	186	57	0	548	Sous Chef
npc	lasagna	298	84	0	10162	Vigilante
npc	lasa_dun01	151	102	0	547	Machie
npc	lasa_dun01	153	103	0	10162	Vigilante
npc	lasa_dun_q	162	158	0	10161	Tartufi
npc	lasa_dun03	161	292	0	802	Lord Imuk
npc	lasa_dun03	162	158	0	10161	Tartufi
npc	lasa_in01	186	57	0	548	Vigilante Chef
npc	lasa_in01	179	60	0	10152	Chief Peperoncino
npc	lasagna	263	156	0	554	Grandma
npc	lasagna	226	181	0	548	Kalu
npc	lasagna	248	105	0	10151	Legalas
npc	lasagna	246	103	0	10050	Gopara
npc	lasagna	247	101	0	10049	Daldal
npc	lasagna	195	235	0	586	Cute Baby
npc	lasagna	225	290	0	421	Workshop Manager
npc	lasagna	139	299	0	561	Captain of Anchovy Fish
npc	lasa_dun02	55	153	0	10162	Panna
npc	conch_in	122	61	0	559	Crewman
npc	conch_in	59	29	0	561	Engineer
npc	conch_in	59	91	0	558	Passenger
npc	conch_in	97	96	0	496	Merchant
npc	conch_in	135	91	0	560	Passenger
npc	conch_in	135	93	0	10157	Passenger
npc	conch_in	137	98	0	10165	Passenger
npc	conch_in	169	70	0	545	Crewman
npc	conch_in	166	68	0	544	Crewman
file	npc/re/guides/guides_alberta.txt
npc	alberta	23	238	0	105	Guide
npc	alberta	120	60	0	105	Guide
npc	alberta	184	143	0	105	Guide
file	npc/re/guides/guides_aldebaran.txt
npc	aldebaran	139	63	0	105	Guide
npc	aldebaran	243	143	0	105	Guide
npc	aldebaran	135	243	0	105	Guide
npc	aldebaran	36	135	0	105	Guide
file	npc/re/guides/guides_amatsu.txt
npc	amatsu	202	91	0	758	Amatsu Guide
file	npc/re/guides/guides_ayothaya.txt
npc	ayothaya	203	169	0	839	Ayothaya Guide Noi
npc	ayothaya	146	86	0	839	Ayothaya Guide Noa
file	npc/re/guides/guides_brasilis.txt
npc	brasilis	219	97	0	478	Brasilis Guide
file	npc/re/guides/guides_comodo.txt
npc	comodo	322	178	0	700	Comodo Guide
npc	comodo	181	347	0	700	Comodo Guide
npc	comodo	197	149	0	700	Comodo Guide
npc	comodo	37	219	0	700	Comodo Guide
file	npc/re/guides/guides_dewata.txt
npc	dewata	202	106	0	537	Dewata Guide
npc	dewata	197	184	0	535	Dewata Guide
file	npc/re/guides/guides_dicastes.txt
npc	dicastes01	189	191	0	481	Traveler Ichack
file	npc/re/guides/guides_eclage.txt
npc	ecl_in01	48	60	0	447	Eclage Guard
file	npc/re/guides/guides_einbroch.txt
npc	einbroch	72	202	0	852	Einbroch Guide
npc	einbroch	155	43	0	852	Einbroch Guide
npc	einbroch	162	317	0	852	Einbroch Guide
npc	einbroch	252	320	0	852	Einbroch Guide
npc	einbech	67	37	0	852	Einbech Guide
npc	einbech	48	214	0	852	Einbech Guide
file	npc/re/guides/guides_geffen.txt
npc	geffen	203	116	0	705	Guide
npc	geffen	118	62	0	705	Guide
npc	geffen	36	123	0	705	Guide
npc	geffen	123	203	0	705	Guide
file	npc/re/guides/guides_gonryun.txt
npc	gonryun	163	60	0	780	Kunlun Guide
file	npc/re/guides/guides_hugel.txt
npc	hugel	98	56	0	863	Hugel Guide Granny
npc	hugel	187	172	0	414	Guide Rich King
file	npc/re/guides/guides_izlude.txt
npc	izlude	129	175	0	105	Guide
npc	izlude_a	129	175	0	105	Guide
npc	izlude_b	129	175	0	105	Guide
npc	izlude_c	129	175	0	105	Guide
npc	izlude_d	129	175	0	105	Guide
npc	izlude	133	113	0	105	Guide
npc	izlude_a	133	113	0	105	Guide
npc	izlude_b	133	113	0	105	Guide
npc	izlude_c	133	113	0	105	Guide
npc	izlude_d	133	113	0	105	Guide
file	npc/re/guides/guides_juno.txt
npc	yuno	59	212	0	700	Juno Guide
npc	yuno	153	47	0	700	Juno Guide
file	npc/re/guides/guides_lighthalzen.txt
npc	lighthalzen	207	310	0	852	Lighthalzen Guide
npc	lighthalzen	220	310	0	852	Lighthalzen Guide
npc	lighthalzen	154	100	0	852	Lighthalzen Guide
npc	lighthalzen	307	224	0	852	Lighthalzen Guide
npc	lighthalzen	247	82	0	852	Lighthalzen Guide
file	npc/re/guides/guides_louyang.txt
npc	louyang	224	104	0	818	Luoyang Guide
file	npc/re/guides/guides_lutie.txt
npc	xmas	140	137	0	717	Lutie Guide
file	npc/re/guides/guides_malangdo.txt
npc	malangdo	218	101	0	546	Malangdo Guide
file	npc/re/guides/guides_malaya.txt
npc	malaya	71	72	0	579	Port Malaya Guide
npc	malaya	250	83	0	579	Port Malaya Guide
npc	malaya	224	204	0	579	Port Malaya Guide
file	npc/re/guides/guides_mora.txt
npc	mora	25	158	0	516	Raffle Guide
npc	mora	167	76	0	522	Raffle Guide
npc	mora	115	138	0	524	Raffle Guide
npc	mora	72	51	0	518	Raffle Guide
file	npc/re/guides/guides_morroc.txt
npc	morocc	153	286	0	707	Guide
npc	morocc	154	38	0	707	Guide
npc	morocc	296	213	0	707	Guide
npc	morocc	28	170	0	707	Guide
npc	moc_ruins	159	53	0	707	Guide
npc	moc_ruins	70	164	0	707	Guide
npc	moc_ruins	65	44	0	707	Guide
file	npc/re/guides/guides_moscovia.txt
npc	moscovia	161	76	0	959	Moscovia Guide
npc	moscovia	226	191	0	959	Moscovia Guide
file	npc/re/guides/guides_niflheim.txt
npc	niflheim	201	187	0	849	Niflheim Guide
file	npc/re/guides/guides_payon.txt
npc	payon	160	67	0	708	Guide
npc	payon	151	182	0	708	Guide
npc	payon	221	85	0	708	Guide
npc	payon	233	324	0	708	Guide
npc	pay_arche	86	33	0	708	Guide
file	npc/re/guides/guides_prontera.txt
npc	prontera	154	187	0	105	Guide
npc	prontera	282	208	0	105	Guide
npc	prontera	29	200	0	105	Guide
npc	prontera	160	29	0	105	Guide
npc	prontera	159	326	0	105	Guide
file	npc/re/guides/guides_rachel.txt
npc	rachel	138	146	0	934	Rachel Guide
file	npc/re/guides/guides_rockridge.txt
npc	harboro1	356	211	0	10193	Guide
npc	harboro1	80	211	0	10193	Guide
file	npc/re/guides/guides_umbala.txt
npc	umbala	128	94	0	702	Umbala Guide
npc	umbala	99	158	0	702	Umbala Guide
file	npc/re/guides/guides_veins.txt
npc	veins	210	345	0	934	Veins Guide
npc	veins	189	101	0	934	Veins Guide
file	npc/re/guides/guides_woe_te.txt
npc	prt_gld	118	151	0	105	Guide in Gloria
npc	prt_gld	122	151	0	105	Guide in Gloria
npc	te_prt_gld	118	151	0	105	Guide in Gloria
npc	te_prt_gld	122	151	0	105	Guide in Gloria
npc	alde_gld	228	189	0	115	Sorin of Kafragarten
npc	alde_gld	224	185	0	117	Defolty of Kafragarten
npc	te_alde_gld	228	189	0	112	W of Kafragarten
npc	te_alde_gld	224	185	0	116	Tailing of Kafragarten
file	npc/re/guild/invest_main.txt
npc	prt_gld	164	98	0	421	Revoting Manager
npc	prt_gld	164	98	0	421	Revoting Manager
npc	malangdo	218	126	0	857	Cat Paw Merchants Notice
npc	malangdo	218	123	0	545	Namis
npc	malangdo	215	119	0	564	Thanks Ticket Machine
file	npc/re/guild/invest_npc.txt
npc	alde_gld	186	157	0	549	Cat Paw Merchant Megrez
npc	alde_gld	191	164	0	421	Gate Manager
npc	alde_gld	188	158	0	857	Investment Status Board
npc	gef_fild13	187	208	0	549	Cat Paw Merchant Meraq
npc	gef_fild13	189	206	0	421	Gate Manager
npc	gef_fild13	190	209	0	857	Investment Status Board
npc	pay_gld	203	189	0	549	Cat Paw Merchant Phecda
npc	pay_gld	206	189	0	421	Gate Manager
npc	pay_gld	200	189	0	857	Investment Status Board
npc	prt_gld	158	96	0	549	Cat Paw Merchant Dubae
npc	prt_gld	161	96	0	421	Gate Manager
npc	prt_gld	163	99	0	857	Investment Status Board
npc	aldeg_cas01	85	105	0	421	Gate Manager
npc	aldeg_cas02	124	49	0	421	Gate Manager
npc	aldeg_cas03	121	75	0	421	Gate Manager
npc	aldeg_cas04	25	67	0	421	Gate Manager
npc	aldeg_cas05	54	200	0	421	Gate Manager
npc	gefg_cas01	39	49	0	421	Gate Manager
npc	gefg_cas02	10	65	0	421	Gate Manager
npc	gefg_cas03	100	87	0	421	Gate Manager
npc	gefg_cas04	35	44	0	421	Gate Manager
npc	gefg_cas05	84	46	0	421	Gate Manager
npc	payg_cas01	129	59	0	421	Gate Manager
npc	payg_cas02	27	277	0	421	Gate Manager
npc	payg_cas03	51	266	0	421	Gate Manager
npc	payg_cas04	39	264	0	421	Gate Manager
npc	payg_cas05	272	252	0	421	Gate Manager
npc	prtg_cas01	114	178	0	421	Gate Manager
npc	prtg_cas02	89	63	0	421	Gate Manager
npc	prtg_cas03	72	109	0	421	Gate Manager
npc	prtg_cas04	29	263	0	421	Gate Manager
npc	prtg_cas05	24	23	0	421	Gate Manager
file	npc/re/guild/mission_npc.txt
npc	alde_gld	176	163	0	899	Luina Training Instructor
npc	gef_fild13	197	242	0	899	Britoria Training Instructor
npc	pay_gld	198	178	0	899	Greenwood Lake Training Instructor
npc	prt_gld	125	149	0	899	Valkyrie Realm Training Instructor
npc	aru_gld	96	203	0	899	Valfreyja Training Instructor
npc	sch_gld	270	117	0	899	Nidhoggur Training Instructor
npc	te_alde_gld	189	159	0	899	Kafragarten Training Instructor
npc	te_prt_gld	112	150	0	899	Gloria Training Instructor
file	npc/re/guild3/te_aldecas1.txt
npc	alde_gld	222	186	0	722	Glaris
npc	te_aldecas1	30	248	0	722	Glaris
npc	te_aldecas1	37	248	0	722	Glaris
npc	te_aldecas1	37	246	0	722	Glaris
npc	te_aldecas1	30	246	0	722	Glaris
npc	te_aldecas1	95	80	0	722	Glaris
npc	te_aldecas1	90	9	0	722	Glaris
npc	te_aldecas1	62	75	0	722	Glaris
npc	te_aldecas1	66	75	0	722	Glaris
npc	te_aldecas1	70	75	0	722	Glaris
npc	te_aldecas1	74	75	0	722	Glaris
npc	te_aldecas1	62	64	0	722	Glaris
npc	te_aldecas1	66	64	0	722	Glaris
npc	te_aldecas1	70	64	0	722	Glaris
npc	te_aldecas1	74	64	0	722	Glaris
npc	te_aldecas1	74	64	0	722	Glaris
npc	te_aldecas1	203	150	0	722	Glaris
npc	te_aldecas1	210	150	0	722	Glaris
npc	te_alde_gld	61	87	0	722	Glaris
npc	te_alde_gld	61	79	0	722	Glaris
npc	te_alde_gld	45	87	0	722	Glaris
npc	te_alde_gld	51	87	0	722	Glaris
npc	te_aldecas1	218	170	0	117	Kafra Employee
npc	te_aldecas1	218	175	0	55	Clode
npc	te_alde_gld	45	84	0	893	Rental Manager
file	npc/re/guild3/te_aldecas2.txt
npc	alde_gld	220	184	0	722	Defolty
npc	te_aldecas2	82	71	0	722	Defolty
npc	te_aldecas2	67	30	0	722	Defolty
npc	te_aldecas2	183	140	0	722	Defolty
npc	te_aldecas2	212	152	0	722	Defolty
npc	te_aldecas2	108	39	0	722	Defolty
npc	te_aldecas2	57	213	0	722	Defolty
npc	te_aldecas2	103	53	0	722	Defolty
npc	te_aldecas2	73	53	0	722	Defolty
npc	te_aldecas2	63	41	0	722	Defolty
npc	te_aldecas2	229	6	0	722	Defolty
npc	te_aldecas2	230	40	0	722	Defolty
npc	te_aldecas2	197	40	0	722	Defolty
npc	te_aldecas2	32	213	0	722	Defolty
npc	te_aldecas2	121	29	0	722	Defolty
npc	te_alde_gld	99	251	0	722	Defolty
npc	te_alde_gld	99	244	0	722	Defolty
npc	te_aldecas2	84	74	0	117	Kafra Employee
npc	te_aldecas2	78	74	0	55	Lares
npc	te_alde_gld	99	252	0	893	Rental Manager
file	npc/re/guild3/te_aldecas3.txt
npc	alde_gld	218	182	0	722	Sorin
npc	te_aldecas3	176	175	0	722	Sorin
npc	te_aldecas3	77	115	0	722	Sorin
npc	te_aldecas3	77	215	0	722	Sorin
npc	te_aldecas3	112	107	0	722	Sorin
npc	te_aldecas3	112	117	0	722	Sorin
npc	te_aldecas3	69	71	0	722	Sorin
npc	te_aldecas3	85	62	0	722	Sorin
npc	te_aldecas3	108	60	0	722	Sorin
npc	te_aldecas3	121	73	0	722	Sorin
npc	te_aldecas3	121	73	0	722	Sorin
npc	te_aldecas3	75	102	0	722	Sorin
npc	te_aldecas3	199	169	0	722	Sorin
npc	te_aldecas3	181	179	0	722	Sorin
npc	te_aldecas3	192	44	0	722	Sorin
npc	te_aldecas3	208	145	0	722	Sorin
npc	te_aldecas3	207	75	0	722	Sorin
npc	te_aldecas3	96	62	0	722	Sorin
npc	te_alde_gld	146	82	0	722	Sorin
npc	te_alde_gld	138	83	0	722	Sorin
npc	te_aldecas3	118	76	0	117	Kafra Employee
npc	te_aldecas3	110	118	0	55	Valerian
npc	te_alde_gld	137	84	0	893	Rental Manager
file	npc/re/guild3/te_aldecas4.txt
npc	alde_gld	216	180	0	722	Bennit
npc	te_aldecas4	167	61	0	722	Bennit
npc	te_aldecas4	164	90	0	722	Bennit
npc	te_aldecas4	129	193	0	722	Bennit
npc	te_aldecas4	112	206	0	722	Bennit
npc	te_aldecas4	113	212	0	722	Bennit
npc	te_aldecas4	77	117	0	722	Bennit
npc	te_aldecas4	186	42	0	722	Bennit
npc	te_aldecas4	30	69	0	722	Bennit
npc	te_aldecas4	55	97	0	722	Bennit
npc	te_aldecas4	45	98	0	722	Bennit
npc	te_aldecas4	33	116	0	722	Bennit
npc	te_aldecas4	130	180	0	722	Bennit
npc	te_aldecas4	129	193	0	722	Bennit
npc	te_aldecas4	33	107	0	722	Bennit
npc	te_aldecas4	133	220	0	722	Bennit
npc	te_aldecas4	169	22	0	722	Bennit
npc	te_aldecas4	169	15	0	722	Bennit
npc	te_alde_gld	239	246	0	722	Bennit
npc	te_alde_gld	239	239	0	722	Bennit
npc	te_aldecas4	45	88	0	117	Kafra Employee
npc	te_aldecas4	67	116	0	55	Alpores
npc	te_alde_gld	240	245	0	893	Rental Manager
file	npc/re/guild3/te_aldecas5.txt
npc	alde_gld	214	178	0	722	W
npc	te_aldecas5	170	85	0	722	W
npc	te_aldecas5	142	212	0	722	W
npc	te_aldecas5	149	196	0	722	W
npc	te_aldecas5	41	180	0	722	W
npc	te_aldecas5	38	201	0	722	W
npc	te_aldecas5	65	182	0	722	W
npc	te_aldecas5	65	205	0	722	W
npc	te_aldecas5	10	218	0	722	W
npc	te_aldecas5	10	218	0	722	W
npc	te_aldecas5	164	201	0	722	W
npc	te_aldecas5	14	117	0	722	W
npc	te_aldecas5	10	225	0	722	W
npc	te_aldecas5	187	59	0	722	W
npc	te_aldecas5	154	51	0	722	W
npc	te_aldecas5	22	211	0	722	W
npc	te_aldecas5	150	202	0	722	W
npc	te_alde_gld	265	93	0	722	W
npc	te_alde_gld	265	87	0	722	W
npc	te_aldecas5	31	190	0	117	Kafra Employee
npc	te_aldecas5	51	179	0	55	Anpere
npc	te_alde_gld	264	94	0	893	Rental Manager
file	npc/re/guild3/te_prtcas01.txt
npc	prt_gld	112	155	0	722	Gaeborg
npc	te_prtcas01	58	56	0	722	Gaebolg
npc	te_prtcas01	64	56	0	722	Gaebolg
npc	te_prtcas01	76	32	0	722	Gaebolg
npc	te_prtcas01	84	32	0	722	Gaebolg
npc	te_prtcas01	94	39	0	722	Gaebolg
npc	te_prtcas01	94	24	0	722	Gaebolg
npc	te_prtcas01	73	14	0	722	Gaebolg
npc	te_prtcas01	73	6	0	722	Gaebolg
npc	te_prtcas01	55	46	0	722	Gaebolg
npc	te_prtcas01	45	46	0	722	Gaebolg
npc	te_prt_gld	131	60	0	722	Gaebolg
npc	te_prt_gld	138	68	0	722	Gaebolg
npc	te_prt_gld	138	60	0	722	Gaebolg
npc	te_prt_gld	135	60	0	722	Gaebolg
npc	te_prtcas01	96	173	0	117	Kafra Employee
npc	te_prtcas01	112	181	0	55	Kurbe
npc	te_prt_gld	136	72	0	893	Rental Manager
file	npc/re/guild3/te_prtcas02.txt
npc	prt_gld	116	155	0	722	Richard
npc	te_prtcas02	40	227	0	722	Richard
npc	te_prtcas02	46	227	0	722	Richard
npc	te_prtcas02	11	219	0	722	Richard
npc	te_prtcas02	11	214	0	722	Richard
npc	te_prtcas02	20	219	0	722	Richard
npc	te_prtcas02	20	214	0	722	Richard
npc	te_prtcas02	79	227	0	722	Richard
npc	te_prtcas02	70	227	0	722	Richard
npc	te_prtcas02	38	189	0	722	Richard
npc	te_prtcas02	34	189	0	722	Richard
npc	te_prtcas02	153	161	0	722	Richard
npc	te_prtcas02	162	161	0	722	Richard
npc	te_prt_gld	244	126	0	722	Richard
npc	te_prt_gld	244	128	0	722	Richard
npc	te_prt_gld	236	126	0	722	Richard
npc	te_prt_gld	236	128	0	722	Richard
npc	te_prtcas02	71	36	0	117	Kafra Employee
npc	te_prtcas02	94	61	0	55	Kamiyu
npc	te_prt_gld	246	134	0	893	Rental Manager
file	npc/re/guild3/te_prtcas03.txt
npc	prt_gld	120	155	0	722	Wigner
npc	te_prtcas03	168	28	0	722	Wigner
npc	te_prtcas03	182	28	0	722	Wigner
npc	te_prtcas03	43	50	0	722	Wigner
npc	te_prtcas03	48	50	0	722	Wigner
npc	te_prtcas03	43	58	0	722	Wigner
npc	te_prtcas03	48	58	0	722	Wigner
npc	te_prtcas03	158	210	0	722	Wigner
npc	te_prtcas03	169	210	0	722	Wigner
npc	te_prtcas03	162	201	0	722	Wigner
npc	te_prtcas03	165	201	0	722	Wigner
npc	te_prt_gld	147	140	0	722	Wigner
npc	te_prt_gld	147	136	0	722	Wigner
npc	te_prt_gld	158	140	0	722	Wigner
npc	te_prt_gld	158	136	0	722	Wigner
npc	te_prtcas03	181	215	0	117	Kafra Employee
npc	te_prtcas03	51	100	0	55	Eduare
npc	te_prt_gld	162	141	0	893	Rental Manager
file	npc/re/guild3/te_prtcas04.txt
npc	prt_gld	124	155	0	722	Heine
npc	te_prtcas04	82	29	0	722	Heine
npc	te_prtcas04	75	29	0	722	Heine
npc	te_prtcas04	75	27	0	722	Heine
npc	te_prtcas04	82	27	0	722	Heine
npc	te_prtcas04	59	29	0	722	Heine
npc	te_prtcas04	67	29	0	722	Heine
npc	te_prtcas04	258	25	0	722	Heine
npc	te_prtcas04	258	20	0	722	Heine
npc	te_prtcas04	263	20	0	722	Heine
npc	te_prtcas04	263	27	0	722	Heine
npc	te_prt_gld	120	243	0	722	Heine
npc	te_prt_gld	120	236	0	722	Heine
npc	te_prt_gld	122	243	0	722	Heine
npc	te_prt_gld	122	236	0	722	Heine
npc	te_prtcas04	258	247	0	117	Kafra Employee
npc	te_prtcas04	259	265	0	55	Casate
npc	te_prt_gld	117	243	0	893	Rental Manager
file	npc/re/guild3/te_prtcas05.txt
npc	prt_gld	128	155	0	722	Nerious
npc	te_prtcas05	19	247	0	722	Nerious
npc	te_prtcas05	19	243	0	722	Nerious
npc	te_prtcas05	26	247	0	722	Nerious
npc	te_prtcas05	26	243	0	722	Nerious
npc	te_prtcas05	249	289	0	722	Nerious
npc	te_prtcas05	256	289	0	722	Nerious
npc	te_prtcas05	253	271	0	722	Nerious
npc	te_prtcas05	273	257	0	722	Nerious
npc	te_prt_gld	199	243	0	722	Nerious
npc	te_prt_gld	199	236	0	722	Nerious
npc	te_prt_gld	197	243	0	722	Nerious
npc	te_prt_gld	197	236	0	722	Nerious
npc	te_prtcas05	52	41	0	117	Kafra Employee
npc	te_prtcas05	36	37	0	55	Pisaro
npc	te_prt_gld	203	243	0	893	Rental Manager
file	npc/re/instances/AirshipAssault.txt
npc	dali02	136	79	0	945	Adventurer Leon
npc	dali02	142	81	0	10007	Dimensional Device
file	npc/re/instances/BakonawaLake.txt
npc	ma_scene01	174	179	0	541	Taho
npc	sec_in02	26	26	0	541	Bakonawa's Rage
file	npc/re/instances/BangungotHospital.txt
npc	ma_dun01	147	10	0	569	Nurse
npc	sec_in02	27	30	0	406	Bangungot Gate
file	npc/re/instances/BuwayaCave.txt
npc	ma_fild02	312	317	0	570	Guard
file	npc/re/instances/CentralLaboratory.txt
npc	verus01	153	155	0	10007	Temporary Dimension-mov
npc	verus01	149	155	0	865	Civilization Explorer
file	npc/re/instances/CharlestonCrisis.txt
npc	verus04	75	114	0	10054	Charleston
npc	verus04	81	112	0	10007	Machine
npc	sec_in02	10	13	0	10053	Charleston
file	npc/re/instances/DevilTower.txt
npc	dali02	134	119	0	729	Historian Shep
npc	dali02	137	121	0	620	Magic Scholar Artie
npc	dali02	141	120	0	10007	Dimensional Device
file	npc/re/instances/EclageInterior.txt
npc	ecl_hub01	132	12	0	435	Chief of Staff
file	npc/re/instances/EddaHalfMoonInTheDaylight.txt
npc	rachel	174	138	0	915	High Priestess Niren
npc	rachel	176	145	0	10007	Dream
file	npc/re/instances/FacewormsNest.txt
npc	payon	157	54	0	103	An Old Woman
npc	payon	161	54	0	99	Exotic Merchant
npc	payon	161	50	0	88	Strong Looking Man
npc	payon	139	68	0	795	A dreary man
npc	dali	83	67	0	857	Old Sign
npc	dali	80	60	0	755	Magic Scholar
file	npc/re/instances/FridayDungeon.txt
npc	gef_tower	57	170	0	726	Marry Jay
npc	gef_tower	57	167	0	66	Amateur Collector
file	npc/re/instances/GhostPalace.txt
npc	dali02	43	129	0	686	Unpleasant Royal Guard
npc	dali02	40	134	0	10007	Interdimensional Device
file	npc/re/instances/HazyForest.txt
npc	bif_fild01	158	340	0	447	Laphine Soldier
npc	mora	46	152	0	510	Flower Smelling Lady
npc	mora	48	152	0	512	Sharp Eyed Man
file	npc/re/instances/HeartHunterWarBase.txt
npc	ein_fild04	275	342	0	10198	Striker Unit Commander
npc	ein_fild04	281	337	0	10197	Julian
file	npc/re/instances/HorrorToyFactory.txt
npc	xmas	237	303	0	10032	Catherine Jet Johnson
npc	xmas	233	305	0	10007	Factory Dimension Telep
file	npc/re/instances/InfiniteSpace.txt
npc	cmd_fild07	58	278	0	702	Reckless Explorer
npc	cmd_fild07	54	280	0	10007	Temporary Entrance
file	npc/re/instances/IsleOfBios.txt
npc	moro_cav	45	60	0	847	Wandering Old Man
file	npc/re/instances/LastRoom.txt
npc	un_myst	163	38	0	616	Mark
file	npc/re/instances/LostFarm.txt
npc	ba_maison	311	206	0	10345	Luina
file	npc/re/instances/MalangdoCulvert.txt
npc	mal_in01	172	28	0	561	Albo
npc	mal_in01	172	26	0	544	Madeca
npc	mal_in01	160	34	0	545	Missing, the Cleaner
file	npc/re/instances/MazeofOz.txt
npc	ra_fild10	179	176	0	10380	Merchant
file	npc/re/instances/MorseCave.txt
npc	moro_cav	61	69	0	730	Senior Tracker
npc	sec_in02	20	20	0	903	Death Cave
file	npc/re/instances/NightmarishJitterbug.txt
npc	moc_para01	26	95	0	10040	Roel
npc	moc_para01	29	95	0	10039	Runane
file	npc/re/instances/OctopusCave.txt
npc	mal_dun01	151	235	0	551	Starfish
file	npc/re/instances/OldGlastHeim.txt
npc	glast_01	204	273	0	755	Hugin
file	npc/re/instances/PoringVillage.txt
npc	prt_fild05	174	238	0	91	Veggie Enchanter
npc	prt_fild05	145	235	0	671	Emily
file	npc/re/instances/SaraMemory.txt
npc	dali	130	107	0	945	Adventurer Leon
npc	dali	139	118	0	10007	Dimensional Device
file	npc/re/instances/SarahAndFenrir.txt
npc	dali02	97	142	0	865	Professor Bernhard
npc	dali02	99	148	0	10007	Dimensional Device
npc	dali02	93	146	0	851	Assistant Professor
file	npc/re/instances/SkyFortress.txt
npc	prt_q	249	82	0	105	Han
npc	prt_q	252	79	0	105	Doek
npc	prt_q	249	79	0	573	Scientist Doyeon
npc	prt_q	243	75	0	10007	Fortress Entry Warp Portal
npc	dali02	115	61	0	10007	Fortress Entry Warp Portal
npc	dali02	122	63	0	573	Scientist Doyeon
file	npc/re/instances/TempleOfDemonGod.txt
npc	moro_cav	41	73	0	510	Guardian Nidhogg
file	npc/re/instances/ThorGunsuBase.txt
npc	que_thr	133	53	0	10376	Maram
file	npc/re/instances/WaterGarden.txt
npc	ba_maison	238	44	0	10345	Harad
file	npc/re/instances/WaveMode.txt
npc	prontera	146	75	0	831	Zonda Rep
npc	payon	166	98	0	831	Zonda Rep
npc	moc_para01	45	89	0	831	Zonda Rep
npc	morocc	168	271	0	831	Zonda Rep
file	npc/re/instances/WeekendDungeon.txt
npc	pay_arche	44	124	0	726	Marry Jae
npc	pay_arche	44	121	0	91	Gift Supplies Clerk
file	npc/re/instances/WernerLaboratoryCentralRoom.txt
npc	slabw01	232	91	0	10116	Skia
npc	slabw01	233	92	0	748	Scared researcher
npc	slabw01	236	91	0	10181	Rookie
npc	slabw01	246	88	0	10007	Central_room
file	npc/re/instances/WolfchevLaboratory.txt
npc	lighthalzen	303	303	0	904	Giacomo Girolamo
npc	que_lhz	206	74	0	865	Researcher
npc	que_lhz	94	119	0	865	Researcher
npc	que_lhz	147	224	0	865	Researcher
npc	que_lhz	140	231	0	2224	Human Guinea pig
npc	que_lhz	147	231	0	2224	Human Guinea pig
npc	que_lhz	155	231	0	2224	Human Guinea pig
npc	que_lhz	155	224	0	2224	Human Guinea pig
npc	que_lhz	155	216	0	2224	Human Guinea pig
npc	que_lhz	147	216	0	2224	Human Guinea pig
npc	que_lhz	140	216	0	2224	Human Guinea pig
npc	que_lhz	140	224	0	2224	Human Guinea pig
npc	lhz_dun04	151	276	0	865	Researcher
file	npc/re/instances/Wolves.txt
npc	rachel	167	244	0	10378	Suad
npc	rachel	167	242	0	10377	Miriam
npc	rachel	169	245	0	10399	Ordinary Person
file	npc/re/jobs/1-1/acolyte.txt
npc	prt_church	184	41	0	60	Cleric
npc	prt_fild03	365	255	0	89	Ascetic
npc	moc_fild07	41	355	0	95	Ascetic
npc	prt_fild00	208	218	0	98	Ascetic
file	npc/re/jobs/1-1/archer.txt
npc	payon_in02	64	71	0	85	Archer Guildsman
file	npc/re/jobs/1-1/mage.txt
npc	geffen_in	164	124	0	123	Mage Guildsman
file	npc/re/jobs/1-1/merchant.txt
npc	alberta_in	53	43	0	86	Merchant
file	npc/re/jobs/1-1/swordman.txt
npc	izlude_in	74	172	0	119	Swordman
file	npc/re/jobs/1-1/thief.txt
npc	moc_prydb1	39	129	0	69	Thief Guide
npc	moc_prydb1	42	133	0	118	Thief Guildsman
file	npc/re/jobs/1-1e/taekwon.txt
npc	payon_in01	62	10	0	753	Phoenix
file	npc/re/jobs/2-2/crusader.txt
npc	prt_cas	251	75	0	752	Senior Crusader
npc	prt_cas	238	94	0	733	Man in Anguish
npc	prt_cas	261	101	0	751	Patron Knight
file	npc/re/jobs/2e/kagerou_oboro.txt
npc	job_ko	25	115	0	588	Old Man
npc	job_ko	81	124	0	730	Kuuga Gai
npc	job_ko	57	16	0	858	Sight
npc	job_ko	49	16	0	858	Sight
npc	job_ko	41	16	0	858	Sight
npc	job_ko	33	16	0	858	Sight
npc	job_ko	25	16	0	858	Sight
npc	job_ko	17	16	0	858	Sight
npc	job_ko	17	24	0	858	Sight
npc	job_ko	17	32	0	858	Sight
npc	job_ko	17	40	0	858	Sight
npc	job_ko	17	48	0	858	Sight
npc	job_ko	17	56	0	858	Sight
npc	job_ko	22	60	0	858	Sight
npc	job_ko	30	60	0	858	Sight
npc	job_ko	38	60	0	858	Sight
npc	job_ko	46	60	0	858	Sight
npc	job_ko	54	60	0	858	Sight
npc	job_ko	62	60	0	858	Sight
npc	job_ko	62	51	0	858	Sight
npc	job_ko	62	43	0	858	Sight
npc	job_ko	62	35	0	858	Sight
npc	job_ko	62	27	0	858	Sight
npc	job_ko	57	23	0	858	Sight
npc	job_ko	49	23	0	858	Sight
npc	job_ko	41	23	0	858	Sight
npc	job_ko	33	23	0	858	Sight
npc	job_ko	25	23	0	858	Sight
npc	job_ko	25	32	0	858	Sight
npc	job_ko	25	40	0	858	Sight
npc	job_ko	25	48	0	858	Sight
npc	job_ko	30	52	0	858	Sight
npc	job_ko	38	52	0	858	Sight
npc	job_ko	46	52	0	858	Sight
npc	job_ko	54	52	0	858	Sight
npc	job_ko	54	43	0	858	Sight
npc	job_ko	54	35	0	858	Sight
npc	job_ko	49	31	0	858	Sight
npc	job_ko	41	31	0	858	Sight
npc	job_ko	33	31	0	858	Sight
npc	job_ko	33	40	0	858	Sight
npc	job_ko	38	44	0	858	Sight
npc	job_ko	46	41	0	858	Sight
npc	job_ko	127	125	0	730	Red Leopard Joe
npc	job_ko	148	46	0	588	Leader Gion
npc	job_ko	151	47	0	730	Kuuga Gai
npc	job_ko	145	47	0	730	Red Leopard Joe
npc	job_ko	3	1	0	588	Battle Test Control
npc	job_ko	4	1	0	588	Guide
file	npc/re/jobs/2e/rebellion.txt
npc	moc_fild12	261	318	0	998	Suspicious Man
npc	einbroch	54	97	0	10062	Bouncer
npc	job_gun	68	33	0	10063	Ruthless Rebellion
npc	job_gun	78	33	0	731	Suspicious Gunslinger
npc	job_gun	74	24	0	887	Drunken Man
npc	job_gun	64	33	0	748	Anxious Man
npc	job_gun	86	29	0	10062	Kulbertinov
npc	job_gun	19	24	0	10063	Elwin Conick
npc	job_gun	117	46	0	10063	Elwin Conick
npc	job_gun	198	39	0	10063	Elwin Conick
npc	job_gun	120	138	0	10062	Ivan Sidorenko
npc	job_gun	220	132	0	10062	Ivan Sidorenko
npc	job_gun	220	138	1	564	Prop Vending Machine
npc	job_gun	216	138	0	47	Butler Karlex
file	npc/re/jobs/3-1/archbishop.txt
npc	prt_church	103	88	0	60	Praying Minister
npc	umbala	137	227	0	787	Utan Boy
npc	umbala	139	227	0	60	Priest
npc	hu_in01	205	204	0	79	Praying Nun
npc	odin_tem02	281	275	0	403	Valkyrie Illusion
npc	job3_arch01	29	34	0	403	Valkyrie
npc	job3_arch02	113	327	0	403	Valkyrie
npc	job3_arch02	244	46	0	403	Valkyrie
npc	job3_arch02	281	232	0	403	Valkyrie Anguhilde
npc	job3_arch02	273	235	0	811	Valkyrie of the heavens
file	npc/re/jobs/3-1/guillotine_cross.txt
npc	que_job01	75	96	0	997	Guild Member
npc	job3_guil01	82	95	0	940	Daora
npc	job3_guil01	16	20	0	894	Mayshell
npc	ve_in	228	108	0	80	Waitress
npc	ve_in	246	303	0	930	Young Merchant
npc	veins	291	215	0	939	Vigilante
npc	veins	187	143	0	892	Peddler
npc	veins	235	126	0	945	Old Man
npc	veins	223	180	0	941	Girl
npc	veins	341	287	0	919	Estillda
npc	job3_guil01	79	15	0	919	Estillda
npc	job3_guil02	51	43	0	456	A man with black clothes
npc	job3_guil02	49	43	0	457	Dandelion
npc	rachel	115	77	0	85	Girke
npc	ra_in01	175	196	0	866	Oresa Rava
npc	ve_fild02	330	384	0	466	Girl
npc	job3_guil03	93	35	0	456	Front Gate Guard
npc	job3_guil03	93	36	0	456	Front Gate Guard
npc	job3_guil03	93	34	0	456	Front Gate Guard
npc	job3_guil03	93	33	0	456	Front Gate Guard
npc	job3_guil03	133	52	0	456	Back Gate Guard
npc	job3_guil03	133	53	0	456	Back Gate Guard
npc	job3_guil03	133	51	0	456	Back Gate Guard
npc	job3_guil03	133	50	0	456	Back Gate Guard
npc	job3_guil03	117	51	0	456	Interior Guard
npc	job3_guil03	117	52	0	456	Interior Guard
npc	job3_guil03	117	50	0	456	Interior Guard
npc	job3_guil03	117	49	0	456	Interior Guard
npc	job3_guil03	88	44	0	456	Exterior Guard
npc	job3_guil03	88	55	0	456	Exterior Guard
npc	job3_guil03	88	64	0	456	Exterior Guard
npc	job3_guil03	73	62	0	456	Exterior Guard
npc	job3_guil03	77	51	0	456	Exterior Guard
npc	job3_guil03	73	34	0	456	Exterior Guard
npc	job3_guil03	110	27	0	1866	Guard Dog
npc	job3_guil03	119	27	0	1866	Guard Dog
npc	job3_guil03	111	51	0	928	Priest from Rachel
npc	job3_guil03	146	70	0	466	Renzak
npc	job3_guil01	148	53	0	467	Bercasell
file	npc/re/jobs/3-1/mechanic.txt
npc	yuno	129	156	0	923	Chainheart
npc	jupe_cave	37	55	0	883	Scholar
npc	jupe_core2	149	273	0	802	Ghostfire
npc	jupe_core2	53	75	0	802	Ghostfire
npc	jupe_core2	242	62	0	802	Ghostfire
file	npc/re/jobs/3-1/ranger.txt
npc	tur_dun01	156	36	0	59	Survival Instructor
npc	tur_dun01	91	169	0	732	Test Instructor
npc	job3_rang01	30	44	0	88	Test Waiting Room
npc	job3_rang02	111	56	0	89	Staff Rust
npc	job3_rang02	180	78	0	882	Test Supervisor
npc	job3_rang02	251	49	0	732	Test Supervisor
npc	job3_rang01	90	43	0	832	Ranger Master
npc	job3_rang01	58	1	0	88	Worker
file	npc/re/jobs/3-1/rune_knight.txt
npc	prt_in	162	24	0	470	Splendid-Looking Knight
npc	glast_01	44	363	0	468	Rune Leader Jungberg
npc	gl_knt02	150	55	0	83	Rune Knight Staff
npc	job3_rune01	80	60	0	470	Rune Knight Captain
npc	job3_rune01	90	50	0	469	Rune Knight Lunarea
npc	job3_rune01	55	50	0	469	Rune Knight, Renoa
npc	mid_camp	238	250	0	468	Rune Knight Sage Guard
npc	mid_camp	13	138	0	83	Dispatched Rune Knight
npc	spl_fild01	361	327	0	83	Dispatched Rune Knight
npc	mid_camp	235	250	0	435	Sage Serpeone
npc	job3_rune01	114	50	0	468	Rune Knight Velpino
npc	job3_rune02	34	46	0	470	Captain Tigris
npc	job3_rune02	43	46	0	469	Rune Knight Lunarea
npc	job3_rune02	43	34	0	469	Rune Knight Renoa
npc	job3_rune02	34	34	0	468	Rune Knight Velpino
npc	sec_in02	34	167	0	470	R.Knight Job Manager
file	npc/re/jobs/3-1/warlock.txt
npc	spl_in02	77	107	0	446	Assistant
npc	spl_in02	60	231	0	446	Yoop
npc	spl_in02	84	103	0	439	Assistant
npc	spl_in02	78	110	0	437	Assistant
npc	spl_in02	80	108	0	465	Guild Master
npc	job3_war01	22	22	0	439	Yoop
npc	job3_war01	29	25	0	437	Ebein
npc	job3_war01	29	25	0	437	The chamber of magic
npc	job3_war01	1	2	0	66	Button Girl
file	npc/re/jobs/3-2/genetic.txt
npc	alde_alche	35	186	0	805	Alchemist Union Member
npc	job3_gen01	25	58	0	865	Devries
npc	job3_gen01	91	48	0	982	Demi Calberine
npc	job3_gen01	18	39	0	837	Warning
file	npc/re/jobs/3-2/minstrel.txt
npc	alberta	196	133	0	486	Bard
npc	prontera	141	97	0	701	Warmhearted woman
npc	prontera	140	331	0	883	Glasses-wearing Man
npc	prontera	146	218	0	90	Woman
npc	airplane	222	67	0	486	Karian
npc	hu_in01	267	5	0	486	Karian
npc	hu_in01	361	103	0	995	Tone-deaf person
npc	tha_scene01	139	204	0	486	Karian
npc	ve_fild07	129	132	0	486	Karian
npc	prontera	155	49	0	486	Karian
npc	yuno	146	168	0	486	Karian
npc	lighthalzen	160	124	0	486	Karian
npc	ra_in01	357	128	0	486	Karian
npc	comodo	184	109	0	486	Karian
npc	moc_fild16	204	231	0	486	Karian
npc	aldebaran	142	128	0	486	Karian
npc	yuno	143	170	0	748	Mr. Click
npc	lighthalzen	155	119	0	891	Little girl
npc	ra_in01	358	130	0	979	Old Woman
npc	ve_fild07	131	132	0	837	=Notice=
npc	comodo	192	119	0	98	Kayak Master
npc	comodo	159	316	0	701	Woman Roasting Meat
npc	prt_in	94	172	0	480	Karian
file	npc/re/jobs/3-2/royal_guard.txt
npc	prt_cas	172	275	0	57	Middle-aged Gentleman
npc	sec_in02	12	43	0	57	sorcereryal
file	npc/re/jobs/3-2/shadow_chaser.txt
npc	morocc	156	70	0	93	Girl
npc	in_rogue	376	100	0	828	Guild Member
npc	in_rogue	379	99	0	747	Guild Member
npc	in_rogue	379	101	0	810	Scary Man
npc	s_atelier	65	123	0	903	Manager
npc	s_atelier	168	65	0	923	Manager
npc	s_atelier	167	129	0	806	Manager
npc	s_atelier	25	75	0	899	Manager
npc	s_atelier	73	65	0	899	Vicente
npc	s_atelier	70	66	0	481	Dumk
npc	tur_dun03	38	209	0	802	Blue Flame
npc	ice_dun02	206	223	0	802	Red Flame
npc	niflheim	230	276	0	802	Red Flame
npc	s_atelier	29	119	0	97	Max
npc	s_atelier	136	70	0	914	Titika
npc	s_atelier	124	128	0	862	RimiGX
npc	s_atelier	26	68	0	904	Vito
file	npc/re/jobs/3-2/sorcerer.txt
npc	gef_tower	102	34	0	742	Merito
npc	gef_tower	113	161	0	754	Karacas
npc	thor_v01	64	252	0	836	Spirit Detecting Staff
npc	ice_dun01	274	274	0	836	Spirit Detecting Staff
npc	mjo_dun03	200	141	0	836	Spirit Detecting Staff
npc	gon_dun02	195	190	0	836	Spirit Detecting Staff
file	npc/re/jobs/3-2/sura.txt
npc	ve_in	237	125	0	107	King Crab
npc	ve_in	241	128	0	110	Sludge Worm
npc	ve_in	244	126	0	69	Waitress
npc	ve_in	240	131	0	484	???
npc	ve_in	98	159	0	484	Fighter
npc	yuno_fild07	254	176	0	753	Buddy
npc	sword_1-1	223	243	0	753	Drawing Room
npc	sword_1-1	223	243	0	753	Buddy
npc	sword_2-1	1	1	0	66	Buddy
npc	sword_2-1	223	205	0	753	Buddy
npc	sword_1-1	222	169	0	484	Bruno
npc	sword_1-1	223	167	0	483	Master
npc	sword_2-1	1	2	0	66	Button Girl
file	npc/re/jobs/3-2/wanderer.txt
npc	xmas	162	209	0	714	Aspiring Wanderer, Soy
npc	xmas	163	209	0	714	Aspiring Wanderer, Mimi
npc	xmas	132	143	0	713	Performance Manager
npc	comodo	140	86	0	479	Cheerless Maestro
npc	hu_in01	305	251	0	879	Vacant Looking Lady
npc	hu_fild05	342	130	0	879	Dancer Kim
npc	xmas	147	135	0	485	Dancer Kim
npc	xmas	149	135	0	479	Guitar Song
npc	xmas	142	130	0	711	Spectator
npc	xmas	145	127	0	712	Spectator
npc	xmas	148	127	0	714	Soy
npc	xmas	149	127	0	714	Mimi
npc	xmas	151	127	0	716	Spectator
npc	xmas	154	129	0	797	Spectator
file	npc/re/jobs/doram/spirit_handler.txt
npc	payon	165	116	0	857	Request Board
npc	payon	252	297	0	741	Woodworker
npc	pay_fild08	161	129	0	10390	Wrecked Cart
npc	pay_fild08	152	129	0	120	Lee Daegam
npc	pay_fild08	157	129	0	63	Carpenter Firewood
npc	pay_fild08	153	129	0	10429	Chulho
npc	pay_fild08	153	129	0	10439	Chulho
npc	pay_fild08	155	128	0	10025	Broken Tools
npc	pay_fild08	153	116	0	557	Clutter Traces
npc	pay_fild08	137	88	0	557	Clutter Traces
npc	pay_fild08	165	70	0	10429	???
npc	pay_fild08	165	68	0	557	Clutter Traces
npc	pay_fild08	213	91	0	10429	???
npc	pay_fild08	214	89	0	557	Clutter Traces
npc	pay_fild09	33	89	0	10429	???
npc	pay_fild09	31	87	0	557	Clutter Traces
npc	payon	233	158	0	10439	Chulho
npc	payon	232	157	0	10429	???
npc	payon	238	157	0	88	???
npc	payon	242	157	0	10097	Kwang Saeng
npc	payon	240	156	0	120	Admiral Lee Daegam
npc	payon	233	159	0	10131	Food Pile
npc	pay_fild09	109	344	0	10439	Chulho
npc	pay_fild09	108	346	0	10046	Suspicious Light
file	npc/re/jobs/novice/academy.txt
npc	iz_int	56	32	0	687	Wounded Swordsman
npc	iz_int01	56	32	0	687	Wounded Swordsman
npc	iz_int02	56	32	0	687	Wounded Swordsman
npc	iz_int03	56	32	0	687	Wounded Swordsman
npc	iz_int04	56	32	0	687	Wounded Swordsman
npc	iz_int	56	32	0	688	Wounded Swordsman
npc	iz_int01	56	32	0	688	Wounded Swordsman
npc	iz_int02	56	32	0	688	Wounded Swordsman
npc	iz_int03	56	32	0	688	Wounded Swordsman
npc	iz_int04	56	32	0	688	Wounded Swordsman
npc	int_land	78	103	0	873	Captain Carocc
npc	int_land01	78	103	0	873	Captain Carocc
npc	int_land02	78	103	0	873	Captain Carocc
npc	int_land03	78	103	0	873	Captain Carocc
npc	int_land04	78	103	0	873	Captain Carocc
npc	int_land	73	100	0	639	Lumin
npc	int_land01	73	100	0	639	Lumin
npc	int_land02	73	100	0	639	Lumin
npc	int_land03	73	100	0	639	Lumin
npc	int_land04	73	100	0	639	Lumin
npc	int_land	58	69	0	100	Sailor
npc	int_land01	58	69	0	100	Sailor
npc	int_land02	58	69	0	100	Sailor
npc	int_land03	58	69	0	100	Sailor
npc	int_land04	58	69	0	100	Sailor
npc	izlude	198	213	0	873	Captain Carocc
npc	izlude_a	198	213	0	873	Captain Carocc
npc	izlude_b	198	213	0	873	Captain Carocc
npc	izlude_c	198	213	0	873	Captain Carocc
npc	izlude_d	198	213	0	873	Captain Carocc
npc	izlude	122	207	0	903	Criatura Academy Staff
npc	izlude_a	122	207	0	903	Criatura Academy Staff
npc	izlude_b	122	207	0	903	Criatura Academy Staff
npc	izlude_c	122	207	0	903	Criatura Academy Staff
npc	izlude_d	122	207	0	903	Criatura Academy Staff
npc	izlude	120	207	0	105	Information Staff
npc	izlude_a	120	207	0	105	Information Staff
npc	izlude_b	120	207	0	105	Information Staff
npc	izlude_c	120	207	0	105	Information Staff
npc	izlude_d	120	207	0	105	Information Staff
npc	izlude	179	75	0	858	Airship
npc	izlude_a	179	75	0	858	Airship
npc	izlude_b	179	75	0	858	Airship
npc	izlude_c	179	75	0	858	Airship
npc	izlude_d	179	75	0	858	Airship
npc	izlude	207	167	0	858	Arena
npc	izlude_a	207	167	0	858	Arena
npc	izlude_b	207	167	0	858	Arena
npc	izlude_c	207	167	0	858	Arena
npc	izlude_d	207	167	0	858	Arena
npc	izlude	45	94	0	858	Bulletin Board
npc	izlude_a	45	94	0	858	Bulletin Board
npc	izlude_b	45	94	0	858	Bulletin Board
npc	izlude_c	45	94	0	858	Bulletin Board
npc	izlude_d	45	94	0	858	Bulletin Board
npc	iz_ac01	59	43	0	993	Therapist
npc	iz_ac01_a	59	43	0	993	Therapist
npc	iz_ac01_b	59	43	0	993	Therapist
npc	iz_ac01_c	59	43	0	993	Therapist
npc	iz_ac01_d	59	43	0	993	Therapist
npc	izlude	141	251	0	1078	Cultivated Red Plant
npc	izlude_a	141	251	0	1078	Cultivated Red Plant
npc	izlude_b	141	251	0	1078	Cultivated Red Plant
npc	izlude_c	141	251	0	1078	Cultivated Red Plant
npc	izlude_d	141	251	0	1078	Cultivated Red Plant
npc	izlude	140	249	0	639	Academy Student
npc	izlude_a	140	249	0	639	Academy Student
npc	izlude_b	140	249	0	639	Academy Student
npc	izlude_c	140	249	0	639	Academy Student
npc	izlude_d	140	249	0	639	Academy Student
npc	izlude	140	260	0	887	Instructor Argos
npc	izlude_a	140	260	0	887	Instructor Argos
npc	izlude_b	140	260	0	887	Instructor Argos
npc	izlude_c	140	260	0	887	Instructor Argos
npc	izlude_d	140	260	0	887	Instructor Argos
npc	iz_ac01	100	39	0	90	Academy Receptionist
npc	iz_ac01_a	100	39	0	90	Academy Receptionist
npc	iz_ac01_b	100	39	0	90	Academy Receptionist
npc	iz_ac01_c	100	39	0	90	Academy Receptionist
npc	iz_ac01_d	100	39	0	90	Academy Receptionist
npc	iz_ac01	134	47	0	418	Trainer Mainz
npc	iz_ac01_a	134	47	0	418	Trainer Mainz
npc	iz_ac01_b	134	47	0	418	Trainer Mainz
npc	iz_ac01_c	134	47	0	418	Trainer Mainz
npc	iz_ac01_d	134	47	0	418	Trainer Mainz
npc	iz_ac01	36	52	0	567	Odd Novice
npc	iz_ac01_a	36	52	0	567	Odd Novice
npc	iz_ac01_b	36	52	0	567	Odd Novice
npc	iz_ac01_c	36	52	0	567	Odd Novice
npc	iz_ac01_d	36	52	0	567	Odd Novice
npc	izlude	115	181	0	894	Shop Helper
npc	izlude_a	115	181	0	894	Shop Helper
npc	izlude_b	115	181	0	894	Shop Helper
npc	izlude_c	115	181	0	894	Shop Helper
npc	izlude_d	115	181	0	894	Shop Helper
npc	iz_ac01	53	74	0	64	Attribute Expert
npc	iz_ac01_a	53	74	0	64	Attribute Expert
npc	iz_ac01_b	53	74	0	64	Attribute Expert
npc	iz_ac01_c	53	74	0	64	Attribute Expert
npc	iz_ac01_d	53	74	0	64	Attribute Expert
npc	iz_ac01	147	50	0	886	Dacquoise
npc	iz_ac01_a	147	50	0	886	Dacquoise
npc	iz_ac01_b	147	50	0	886	Dacquoise
npc	iz_ac01_c	147	50	0	886	Dacquoise
npc	iz_ac01_d	147	50	0	886	Dacquoise
npc	iz_ac01	68	49	0	92	General Store Owner
npc	iz_ac01_a	68	49	0	92	General Store Owner
npc	iz_ac01_b	68	49	0	92	General Store Owner
npc	iz_ac01_c	68	49	0	92	General Store Owner
npc	iz_ac01_d	68	49	0	92	General Store Owner
npc	iz_ac01	59	83	0	642	Battle Instructor
npc	iz_ac01_a	59	83	0	642	Battle Instructor
npc	iz_ac01_b	59	83	0	642	Battle Instructor
npc	iz_ac01_c	59	83	0	642	Battle Instructor
npc	iz_ac01_d	59	83	0	642	Battle Instructor
npc	iz_ac01	45	80	0	731	Adept Adventurer
npc	iz_ac01_a	45	80	0	731	Adept Adventurer
npc	iz_ac01_b	45	80	0	731	Adept Adventurer
npc	iz_ac01_c	45	80	0	731	Adept Adventurer
npc	iz_ac01_d	45	80	0	731	Adept Adventurer
npc	iz_ac01	43	80	0	738	Adventurer's Pet
npc	iz_ac01_a	43	80	0	738	Adventurer's Pet
npc	iz_ac01_b	43	80	0	738	Adventurer's Pet
npc	iz_ac01_c	43	80	0	738	Adventurer's Pet
npc	iz_ac01_d	43	80	0	738	Adventurer's Pet
npc	new_1-3	92	169	0	731	Adept Adventurer
npc	new_1-3	99	169	0	909	Friendly Poring
npc	new_1-3	108	165	0	950	Ghostring
npc	new_1-3	105	165	0	2398	Cowardly Poring
npc	new_1-3	105	164	0	2398	Unskilled Poring
npc	new_1-3	105	163	0	2398	Foolish Poring
npc	iz_ac01	95	46	0	117	Kafra Guide Trainer
npc	iz_ac01_a	95	46	0	117	Kafra Guide Trainer
npc	iz_ac01_b	95	46	0	117	Kafra Guide Trainer
npc	iz_ac01_c	95	46	0	117	Kafra Guide Trainer
npc	iz_ac01_d	95	46	0	117	Kafra Guide Trainer
npc	iz_ac01	89	103	0	117	Kafra Guide Trainer
npc	iz_ac01_a	89	103	0	117	Kafra Guide Trainer
npc	iz_ac01_b	89	103	0	117	Kafra Guide Trainer
npc	iz_ac01_c	89	103	0	117	Kafra Guide Trainer
npc	iz_ac01_d	89	103	0	117	Kafra Guide Trainer
npc	iz_ac02	204	115	0	117	Kafra Guide Trainer
npc	iz_ac02_a	204	115	0	117	Kafra Guide Trainer
npc	iz_ac02_b	204	115	0	117	Kafra Guide Trainer
npc	iz_ac02_c	204	115	0	117	Kafra Guide Trainer
npc	iz_ac02_d	204	115	0	117	Kafra Guide Trainer
npc	izlude	102	150	0	71	Wedding Secretary
npc	izlude_a	102	150	0	71	Wedding Secretary
npc	izlude_b	102	150	0	71	Wedding Secretary
npc	izlude_c	102	150	0	71	Wedding Secretary
npc	izlude_d	102	150	0	71	Wedding Secretary
npc	izlude	95	146	0	979	Mom
npc	izlude_a	95	146	0	979	Mom
npc	izlude_b	95	146	0	979	Mom
npc	izlude_c	95	146	0	979	Mom
npc	izlude_d	95	146	0	979	Mom
npc	izlude	97	147	0	54	Dad
npc	izlude_a	97	147	0	54	Dad
npc	izlude_b	97	147	0	54	Dad
npc	izlude_c	97	147	0	54	Dad
npc	izlude_d	97	147	0	54	Dad
npc	izlude	97	144	0	538	Etinifni
npc	izlude_a	97	144	0	538	Etinifni
npc	izlude_b	97	144	0	538	Etinifni
npc	izlude_c	97	144	0	538	Etinifni
npc	izlude_d	97	144	0	538	Etinifni
npc	izlude	99	138	0	881	Romantic Male
npc	izlude_a	99	138	0	881	Romantic Male
npc	izlude_b	99	138	0	881	Romantic Male
npc	izlude_c	99	138	0	881	Romantic Male
npc	izlude_d	99	138	0	881	Romantic Male
npc	izlude	97	138	0	882	Romantic Female
npc	izlude_a	97	138	0	882	Romantic Female
npc	izlude_b	97	138	0	882	Romantic Female
npc	izlude_c	97	138	0	882	Romantic Female
npc	izlude_d	97	138	0	882	Romantic Female
npc	izlude_a	93	143	0	740	Manufacturing Maniac
npc	izlude_b	93	143	0	740	Manufacturing Maniac
npc	izlude_c	93	143	0	740	Manufacturing Maniac
npc	izlude_d	93	143	0	740	Manufacturing Maniac
npc	izlude	147	131	0	726	Repairing Blacksmith
npc	izlude_a	147	131	0	726	Repairing Blacksmith
npc	izlude_b	147	131	0	726	Repairing Blacksmith
npc	izlude_c	147	131	0	726	Repairing Blacksmith
npc	izlude_d	147	131	0	726	Repairing Blacksmith
npc	izlude	148	122	0	881	Refining Maniac
npc	izlude_a	148	122	0	881	Refining Maniac
npc	izlude_b	148	122	0	881	Refining Maniac
npc	izlude_c	148	122	0	881	Refining Maniac
npc	izlude_d	148	122	0	881	Refining Maniac
npc	iz_ac01	69	36	0	100	Otter Samssoon
npc	iz_ac01_a	69	36	0	100	Otter Samssoon
npc	iz_ac01_b	69	36	0	100	Otter Samssoon
npc	iz_ac01_c	69	36	0	100	Otter Samssoon
npc	iz_ac01_d	69	36	0	100	Otter Samssoon
npc	iz_ac01	138	69	0	76	Lady
npc	iz_ac01_a	138	69	0	76	Lady
npc	iz_ac01_b	138	69	0	76	Lady
npc	iz_ac01_c	138	69	0	76	Lady
npc	iz_ac01_d	138	69	0	76	Lady
npc	iz_ac01	149	46	0	721	Eclaire
npc	iz_ac01_a	149	46	0	721	Eclaire
npc	iz_ac01_b	149	46	0	721	Eclaire
npc	iz_ac01_c	149	46	0	721	Eclaire
npc	iz_ac01_d	149	46	0	721	Eclaire
npc	iz_ac01	150	50	0	860	Mille Feuille
npc	iz_ac01_a	150	50	0	860	Mille Feuille
npc	iz_ac01_b	150	50	0	860	Mille Feuille
npc	iz_ac01_c	150	50	0	860	Mille Feuille
npc	iz_ac01_d	150	50	0	860	Mille Feuille
npc	iz_ac01	160	50	0	701	Chef
npc	iz_ac01_a	160	50	0	701	Chef
npc	iz_ac01_b	160	50	0	701	Chef
npc	iz_ac01_c	160	50	0	701	Chef
npc	iz_ac01_d	160	50	0	701	Chef
npc	iz_ac01	159	32	0	567	Hungry Trainee
npc	iz_ac01_a	159	32	0	567	Hungry Trainee
npc	iz_ac01_b	159	32	0	567	Hungry Trainee
npc	iz_ac01_c	159	32	0	567	Hungry Trainee
npc	iz_ac01_d	159	32	0	567	Hungry Trainee
npc	iz_ac01	164	36	0	80	Scholarship Trainee
npc	iz_ac01_a	164	36	0	80	Scholarship Trainee
npc	iz_ac01_b	164	36	0	80	Scholarship Trainee
npc	iz_ac01_c	164	36	0	80	Scholarship Trainee
npc	iz_ac01_d	164	36	0	80	Scholarship Trainee
npc	iz_ac01	133	34	0	881	Broke Trainee
npc	iz_ac01_a	133	34	0	881	Broke Trainee
npc	iz_ac01_b	133	34	0	881	Broke Trainee
npc	iz_ac01_c	133	34	0	881	Broke Trainee
npc	iz_ac01_d	133	34	0	881	Broke Trainee
npc	iz_ac02	152	79	0	896	Noisy Trainee
npc	iz_ac02_a	152	79	0	896	Noisy Trainee
npc	iz_ac02_b	152	79	0	896	Noisy Trainee
npc	iz_ac02_c	152	79	0	896	Noisy Trainee
npc	iz_ac02_d	152	79	0	896	Noisy Trainee
npc	iz_ac02	143	77	0	703	Quite Trainee
npc	iz_ac02_a	143	77	0	703	Quite Trainee
npc	iz_ac02_b	143	77	0	703	Quite Trainee
npc	iz_ac02_c	143	77	0	703	Quite Trainee
npc	iz_ac02_d	143	77	0	703	Quite Trainee
npc	iz_ac02	159	79	0	891	Frightened Trainee
npc	iz_ac02_a	159	79	0	891	Frightened Trainee
npc	iz_ac02_b	159	79	0	891	Frightened Trainee
npc	iz_ac02_c	159	79	0	891	Frightened Trainee
npc	iz_ac02_d	159	79	0	891	Frightened Trainee
npc	iz_ac02	149	43	0	51	Ragie
npc	iz_ac02_a	149	43	0	51	Ragie
npc	iz_ac02_b	149	43	0	51	Ragie
npc	iz_ac02_c	149	43	0	51	Ragie
npc	iz_ac02_d	149	43	0	51	Ragie
npc	pay_fild08	153	83	0	76	Lady Harvesting Herbs
npc	iz_ac01	93	76	0	837	[Armory]
npc	iz_ac01_a	93	76	0	837	[Armory]
npc	iz_ac01_b	93	76	0	837	[Armory]
npc	iz_ac01_c	93	76	0	837	[Armory]
npc	iz_ac01_d	93	76	0	837	[Armory]
npc	iz_ac01	106	76	0	837	[Library]
npc	iz_ac01_a	106	76	0	837	[Library]
npc	iz_ac01_b	106	76	0	837	[Library]
npc	iz_ac01_c	106	76	0	837	[Library]
npc	iz_ac01_d	106	76	0	837	[Library]
npc	iz_ac01	106	44	0	837	[Cafeteria]
npc	iz_ac01_a	106	44	0	837	[Cafeteria]
npc	iz_ac01_b	106	44	0	837	[Cafeteria]
npc	iz_ac01_c	106	44	0	837	[Cafeteria]
npc	iz_ac01_d	106	44	0	837	[Cafeteria]
npc	iz_ac01	93	44	0	837	[Dispensary]
npc	iz_ac01_a	93	44	0	837	[Dispensary]
npc	iz_ac01_b	93	44	0	837	[Dispensary]
npc	iz_ac01_c	93	44	0	837	[Dispensary]
npc	iz_ac01_d	93	44	0	837	[Dispensary]
npc	iz_ac01	103	89	0	837	[Great Hall]
npc	iz_ac01_a	103	89	0	837	[Great Hall]
npc	iz_ac01_b	103	89	0	837	[Great Hall]
npc	iz_ac01_c	103	89	0	837	[Great Hall]
npc	iz_ac01_d	103	89	0	837	[Great Hall]
npc	iz_ac02	202	110	0	837	[Merchant Classroom]
npc	iz_ac02_a	202	110	0	837	[Merchant Classroom]
npc	iz_ac02_b	202	110	0	837	[Merchant Classroom]
npc	iz_ac02_c	202	110	0	837	[Merchant Classroom]
npc	iz_ac02_d	202	110	0	837	[Merchant Classroom]
npc	iz_ac02	213	110	0	837	[Acolyte Classroom]
npc	iz_ac02_a	213	110	0	837	[Acolyte Classroom]
npc	iz_ac02_b	213	110	0	837	[Acolyte Classroom]
npc	iz_ac02_c	213	110	0	837	[Acolyte Classroom]
npc	iz_ac02_d	213	110	0	837	[Acolyte Classroom]
npc	iz_ac02	202	94	0	837	[Thief Classroom]
npc	iz_ac02_a	202	94	0	837	[Thief Classroom]
npc	iz_ac02_b	202	94	0	837	[Thief Classroom]
npc	iz_ac02_c	202	94	0	837	[Thief Classroom]
npc	iz_ac02_d	202	94	0	837	[Thief Classroom]
npc	iz_ac02	213	94	0	837	[Ninja Classroom]
npc	iz_ac02_a	213	94	0	837	[Ninja Classroom]
npc	iz_ac02_b	213	94	0	837	[Ninja Classroom]
npc	iz_ac02_c	213	94	0	837	[Ninja Classroom]
npc	iz_ac02_d	213	94	0	837	[Ninja Classroom]
npc	iz_ac02	202	78	0	837	[Archer Classroom]
npc	iz_ac02_a	202	78	0	837	[Archer Classroom]
npc	iz_ac02_b	202	78	0	837	[Archer Classroom]
npc	iz_ac02_c	202	78	0	837	[Archer Classroom]
npc	iz_ac02_d	202	78	0	837	[Archer Classroom]
npc	iz_ac02	213	78	0	837	[Mage Classroom]
npc	iz_ac02_a	213	78	0	837	[Mage Classroom]
npc	iz_ac02_b	213	78	0	837	[Mage Classroom]
npc	iz_ac02_c	213	78	0	837	[Mage Classroom]
npc	iz_ac02_d	213	78	0	837	[Mage Classroom]
npc	iz_ac02	202	62	0	837	[Taekwon Classroom]
npc	iz_ac02_a	202	62	0	837	[Taekwon Classroom]
npc	iz_ac02_b	202	62	0	837	[Taekwon Classroom]
npc	iz_ac02_c	202	62	0	837	[Taekwon Classroom]
npc	iz_ac02_d	202	62	0	837	[Taekwon Classroom]
npc	iz_ac02	213	62	0	837	[Gunslinger Classroom]
npc	iz_ac02_a	213	62	0	837	[Gunslinger Classroom]
npc	iz_ac02_b	213	62	0	837	[Gunslinger Classroom]
npc	iz_ac02_c	213	62	0	837	[Gunslinger Classroom]
npc	iz_ac02_d	213	62	0	837	[Gunslinger Classroom]
npc	iz_ac02	202	46	0	837	[Swordman Classroom]
npc	iz_ac02_a	202	46	0	837	[Swordman Classroom]
npc	iz_ac02_b	202	46	0	837	[Swordman Classroom]
npc	iz_ac02_c	202	46	0	837	[Swordman Classroom]
npc	iz_ac02_d	202	46	0	837	[Swordman Classroom]
npc	iz_ac02	213	46	0	837	[Lounge]
npc	iz_ac02_a	213	46	0	837	[Lounge]
npc	iz_ac02_b	213	46	0	837	[Lounge]
npc	iz_ac02_c	213	46	0	837	[Lounge]
npc	iz_ac02_d	213	46	0	837	[Lounge]
npc	iz_ac02	211	118	0	837	[Principal's Office]
npc	iz_ac02_a	211	118	0	837	[Principal's Office]
npc	iz_ac02_b	211	118	0	837	[Principal's Office]
npc	iz_ac02_c	211	118	0	837	[Principal's Office]
npc	iz_ac02_d	211	118	0	837	[Principal's Office]
npc	iz_ac02	143	55	0	706	Cream Puff
npc	iz_ac02_a	143	55	0	706	Cream Puff
npc	iz_ac02_b	143	55	0	706	Cream Puff
npc	iz_ac02_c	143	55	0	706	Cream Puff
npc	iz_ac02_d	143	55	0	706	Cream Puff
npc	iz_ac02	142	85	0	633	Lusa
npc	iz_ac02_a	142	85	0	633	Lusa
npc	iz_ac02_b	142	85	0	633	Lusa
npc	iz_ac02_c	142	85	0	633	Lusa
npc	iz_ac02_d	142	85	0	633	Lusa
npc	iz_ac02	162	86	0	98	Guild Staff
npc	iz_ac02_a	162	86	0	98	Guild Staff
npc	iz_ac02_b	162	86	0	98	Guild Staff
npc	iz_ac02_c	162	86	0	98	Guild Staff
npc	iz_ac02_d	162	86	0	98	Guild Staff
npc	iz_ac02	70	85	0	644	Arang
npc	iz_ac02_a	70	85	0	644	Arang
npc	iz_ac02_b	70	85	0	644	Arang
npc	iz_ac02_c	70	85	0	644	Arang
npc	iz_ac02_d	70	85	0	644	Arang
npc	iz_ac02	65	109	0	634	Archer Teacher
npc	iz_ac02_a	65	109	0	634	Archer Teacher
npc	iz_ac02_b	65	109	0	634	Archer Teacher
npc	iz_ac02_c	65	109	0	634	Archer Teacher
npc	iz_ac02_d	65	109	0	634	Archer Teacher
npc	iz_ac02	60	51	0	635	Swordman Trainer
npc	iz_ac02_a	60	51	0	635	Swordman Trainer
npc	iz_ac02_b	60	51	0	635	Swordman Trainer
npc	iz_ac02_c	60	51	0	635	Swordman Trainer
npc	iz_ac02_d	60	51	0	635	Swordman Trainer
npc	iz_ac02	53	48	0	418	Swordman Assistant
npc	iz_ac02_a	53	48	0	418	Swordman Assistant
npc	iz_ac02_b	53	48	0	418	Swordman Assistant
npc	iz_ac02_c	53	48	0	418	Swordman Assistant
npc	iz_ac02_d	53	48	0	418	Swordman Assistant
npc	iz_ac02	148	110	0	735	Mage Chuck
npc	iz_ac02_a	148	110	0	735	Mage Chuck
npc	iz_ac02_b	148	110	0	735	Mage Chuck
npc	iz_ac02_c	148	110	0	735	Mage Chuck
npc	iz_ac02_d	148	110	0	735	Mage Chuck
npc	gef_fild07	89	208	0	123	Magician's Guild Guide
npc	geffen	43	123	0	123	Magician's Guild Guide
npc	iz_ac02	50	169	0	58	Salim Hamid
npc	iz_ac02_a	50	169	0	58	Salim Hamid
npc	iz_ac02_b	50	169	0	58	Salim Hamid
npc	iz_ac02_c	50	169	0	58	Salim Hamid
npc	iz_ac02_d	50	169	0	58	Salim Hamid
npc	iz_ac02	53	171	0	109	Steward Aydin
npc	iz_ac02_a	53	171	0	109	Steward Aydin
npc	iz_ac02_b	53	171	0	109	Steward Aydin
npc	iz_ac02_c	53	171	0	109	Steward Aydin
npc	iz_ac02_d	53	171	0	109	Steward Aydin
npc	iz_ac02	52	136	0	640	Guest Lecturer Mayssel
npc	iz_ac02_a	52	136	0	640	Guest Lecturer Mayssel
npc	iz_ac02_b	52	136	0	640	Guest Lecturer Mayssel
npc	iz_ac02_c	52	136	0	640	Guest Lecturer Mayssel
npc	iz_ac02_d	52	136	0	640	Guest Lecturer Mayssel
npc	iz_ac02	49	134	0	899	Vicente
npc	iz_ac02_a	49	134	0	899	Vicente
npc	iz_ac02_b	49	134	0	899	Vicente
npc	iz_ac02_c	49	134	0	899	Vicente
npc	iz_ac02_d	49	134	0	899	Vicente
npc	iz_ac02	55	134	0	467	Verkhasel
npc	iz_ac02_a	55	134	0	467	Verkhasel
npc	iz_ac02_b	55	134	0	467	Verkhasel
npc	iz_ac02_c	55	134	0	467	Verkhasel
npc	iz_ac02_d	55	134	0	467	Verkhasel
npc	iz_ac02	62	139	0	639	Lumin
npc	iz_ac02_a	62	139	0	639	Lumin
npc	iz_ac02_b	62	139	0	639	Lumin
npc	iz_ac02_c	62	139	0	639	Lumin
npc	iz_ac02_d	62	139	0	639	Lumin
npc	iz_ac02	156	169	0	641	Acolyte Leader Alice
npc	iz_ac02_a	156	169	0	641	Acolyte Leader Alice
npc	iz_ac02_b	156	169	0	641	Acolyte Leader Alice
npc	iz_ac02_c	156	169	0	641	Acolyte Leader Alice
npc	iz_ac02_d	156	169	0	641	Acolyte Leader Alice
npc	iz_ac02	152	165	0	95	A Nun
npc	iz_ac02_a	152	165	0	95	A Nun
npc	iz_ac02_b	152	165	0	95	A Nun
npc	iz_ac02_c	152	165	0	95	A Nun
npc	iz_ac02_d	152	165	0	95	A Nun
npc	iz_ac02	140	139	0	637	Ninja Guide
npc	iz_ac02_a	140	139	0	637	Ninja Guide
npc	iz_ac02_b	140	139	0	637	Ninja Guide
npc	iz_ac02_c	140	139	0	637	Ninja Guide
npc	iz_ac02_d	140	139	0	637	Ninja Guide
npc	izlude	153	126	0	84	Refinery Owner Han
npc	izlude_a	153	126	0	84	Refinery Owner Han
npc	izlude_b	153	126	0	84	Refinery Owner Han
npc	izlude_c	153	126	0	84	Refinery Owner Han
npc	izlude_d	153	126	0	84	Refinery Owner Han
npc	izlude	153	121	0	406	Refining Machine Wagjak
npc	izlude_a	153	121	0	406	Refining Machine Wagjak
npc	izlude_b	153	121	0	406	Refining Machine Wagjak
npc	izlude_c	153	121	0	406	Refining Machine Wagjak
npc	izlude_d	153	121	0	406	Refining Machine Wagjak
npc	izlude	145	122	0	86	Tadde
npc	izlude_a	145	122	0	86	Tadde
npc	izlude_b	145	122	0	86	Tadde
npc	izlude_c	145	122	0	86	Tadde
npc	izlude_d	145	122	0	86	Tadde
npc	izlude	155	132	0	84	Locas
npc	izlude_a	155	132	0	84	Locas
npc	izlude_b	155	132	0	84	Locas
npc	izlude_c	155	132	0	84	Locas
npc	izlude_d	155	132	0	84	Locas
npc	izlude	96	125	0	545	Enchanter Mounds
npc	izlude_a	96	125	0	545	Enchanter Mounds
npc	izlude_b	96	125	0	545	Enchanter Mounds
npc	izlude_c	96	125	0	545	Enchanter Mounds
npc	izlude_d	96	125	0	545	Enchanter Mounds
npc	izlude	108	139	0	546	Enchanter Almond J
npc	izlude_a	108	139	0	546	Enchanter Almond J
npc	izlude_b	108	139	0	546	Enchanter Almond J
npc	izlude_c	108	139	0	546	Enchanter Almond J
npc	izlude_d	108	139	0	546	Enchanter Almond J
npc	izlude	158	130	0	86	Repair Man
npc	izlude_a	158	130	0	86	Repair Man
npc	izlude_b	158	130	0	86	Repair Man
npc	izlude_c	158	130	0	86	Repair Man
npc	izlude_d	158	130	0	86	Repair Man
npc	new_1-1	53	114	0	92	Training Instructor
npc	new_1-2	100	29	0	92	Training Instructor
npc	new_1-2	100	105	0	92	Training Instructor
npc	new_1-2	161	182	0	92	Training Instructor
npc	new_1-2	33	172	0	92	Training Instructor
npc	new_1-4	100	29	0	92	Training Instructor
npc	new_2-1	53	114	0	92	Training Instructor
npc	new_2-2	100	29	0	92	Training Instructor
npc	new_2-2	100	105	0	92	Training Instructor
npc	new_2-2	161	182	0	92	Training Instructor
npc	new_2-2	33	172	0	92	Training Instructor
npc	new_2-3	96	30	0	92	Training Instructor
npc	new_2-4	100	29	0	92	Training Instructor
npc	new_3-1	53	114	0	92	Training Instructor
npc	new_3-2	100	29	0	92	Training Instructor
npc	new_3-2	100	105	0	92	Training Instructor
npc	new_3-2	161	182	0	92	Training Instructor
npc	new_3-2	33	172	0	92	Training Instructor
npc	new_3-3	96	30	0	92	Training Instructor
npc	new_3-4	100	29	0	92	Training Instructor
npc	new_4-1	53	114	0	92	Training Instructor
npc	new_4-2	53	114	0	92	Training Instructor
npc	new_4-2	100	105	0	92	Training Instructor
npc	new_4-2	161	182	0	92	Training Instructor
npc	new_4-2	33	172	0	92	Training Instructor
npc	new_4-3	96	30	0	92	Training Instructor
npc	new_4-4	100	29	0	92	Training Instructor
npc	new_5-1	53	114	0	92	Training Instructor
npc	new_5-2	100	29	0	92	Training Instructor
npc	new_5-2	100	105	0	92	Training Instructor
npc	new_5-2	161	182	0	92	Training Instructor
npc	new_5-2	33	172	0	92	Training Instructor
npc	new_5-3	96	30	0	92	Training Instructor
npc	new_5-4	100	29	0	92	Training Instructor
file	npc/re/jobs/novice/novice.txt
npc	new_1-1	53	114	0	90	Sprakki
npc	new_2-1	53	114	0	90	Sprakki
npc	new_3-1	53	114	0	90	Sprakki
npc	new_4-1	53	114	0	90	Sprakki
npc	new_5-1	53	114	0	90	Sprakki
npc	new_1-2	100	29	0	90	Sprakki
npc	new_2-2	100	29	0	90	Sprakki
npc	new_3-2	100	29	0	90	Sprakki
npc	new_4-2	100	29	0	90	Sprakki
npc	new_5-2	100	29	0	90	Sprakki
npc	new_1-2	100	105	0	733	Brade
npc	new_2-2	100	105	0	733	Brade
npc	new_3-2	100	105	0	733	Brade
npc	new_4-2	100	105	0	733	Brade
npc	new_5-2	100	105	0	733	Brade
npc	new_1-2	115	120	0	59	Jinha
npc	new_2-2	115	120	0	59	Jinha
npc	new_3-2	115	120	0	59	Jinha
npc	new_4-2	115	120	0	59	Jinha
npc	new_5-2	115	120	0	59	Jinha
npc	new_1-2	33	172	0	96	Chocolat
npc	new_2-2	33	172	0	96	Chocolat
npc	new_3-2	33	172	0	96	Chocolat
npc	new_4-2	33	172	0	96	Chocolat
npc	new_5-2	33	172	0	96	Chocolat
npc	new_1-2	30	176	0	117	Kafra Employee
npc	new_2-2	30	176	0	117	Kafra Employee
npc	new_3-2	30	176	0	117	Kafra Employee
npc	new_4-2	30	176	0	117	Kafra Employee
npc	new_5-2	30	176	0	117	Kafra Employee
npc	new_1-2	33	176	0	874	Cool Event Corp. Staff
npc	new_2-2	33	176	0	874	Cool Event Corp. Staff
npc	new_3-2	33	176	0	874	Cool Event Corp. Staff
npc	new_4-2	33	176	0	874	Cool Event Corp. Staff
npc	new_5-2	33	176	0	874	Cool Event Corp. Staff
npc	new_1-2	36	176	0	105	Guide
npc	new_2-2	36	176	0	105	Guide
npc	new_3-2	36	176	0	105	Guide
npc	new_4-2	36	176	0	105	Guide
npc	new_5-2	36	176	0	105	Guide
npc	new_1-3	96	30	0	733	Brade
npc	new_2-3	96	30	0	733	Brade
npc	new_3-3	96	30	0	733	Brade
npc	new_4-3	96	30	0	733	Brade
npc	new_5-3	96	30	0	733	Brade
npc	new_1-3	97	41	0	728	Swordman Guide
npc	new_2-3	97	41	0	728	Swordman Guide
npc	new_3-3	97	41	0	728	Swordman Guide
npc	new_4-3	97	41	0	728	Swordman Guide
npc	new_5-3	97	41	0	728	Swordman Guide
npc	new_1-3	101	41	0	95	Acolyte Guide
npc	new_2-3	101	41	0	95	Acolyte Guide
npc	new_3-3	101	41	0	95	Acolyte Guide
npc	new_4-3	101	41	0	95	Acolyte Guide
npc	new_5-3	101	41	0	95	Acolyte Guide
npc	new_1-3	105	41	0	118	Thief Guide
npc	new_2-3	105	41	0	118	Thief Guide
npc	new_3-3	105	41	0	118	Thief Guide
npc	new_4-3	105	41	0	118	Thief Guide
npc	new_5-3	105	41	0	118	Thief Guide
npc	new_1-3	109	41	0	97	Merchant Guide
npc	new_2-3	109	41	0	97	Merchant Guide
npc	new_3-3	109	41	0	97	Merchant Guide
npc	new_4-3	109	41	0	97	Merchant Guide
npc	new_5-3	109	41	0	97	Merchant Guide
npc	new_1-3	113	41	0	727	Archer Guide
npc	new_2-3	113	41	0	727	Archer Guide
npc	new_3-3	113	41	0	727	Archer Guide
npc	new_4-3	113	41	0	727	Archer Guide
npc	new_5-3	113	41	0	727	Archer Guide
npc	new_1-3	117	41	0	123	Mage Guide
npc	new_2-3	117	41	0	123	Mage Guide
npc	new_3-3	117	41	0	123	Mage Guide
npc	new_4-3	117	41	0	123	Mage Guide
npc	new_5-3	117	41	0	123	Mage Guide
npc	new_1-3	121	41	0	57	Bruce
npc	new_2-3	121	41	0	57	Bruce
npc	new_3-3	121	41	0	57	Bruce
npc	new_4-3	121	41	0	57	Bruce
npc	new_5-3	121	41	0	57	Bruce
npc	new_1-3	103	50	0	84	Level 1 Trainer
npc	new_2-3	103	50	0	84	Level 2 Trainer
npc	new_3-3	103	50	0	84	Level 3 Trainer
npc	new_4-3	103	50	0	84	Level 4 Trainer
npc	new_5-3	103	50	0	84	Level 5 Trainer
npc	new_1-3	100	50	0	93	Potato Merchant
npc	new_2-3	100	50	0	93	Potato Merchant
npc	new_3-3	100	50	0	93	Potato Merchant
npc	new_4-3	100	50	0	93	Potato Merchant
npc	new_5-3	100	50	0	93	Potato Merchant
npc	new_1-1	144	116	0	105	Guard
npc	new_2-1	144	116	0	105	Guard
npc	new_3-1	144	116	0	105	Guard
npc	new_4-1	144	116	0	105	Guard
npc	new_5-1	144	116	0	105	Guard
npc	new_1-1	144	107	0	105	Guard
npc	new_2-1	144	107	0	105	Guard
npc	new_3-1	144	107	0	105	Guard
npc	new_4-1	144	107	0	105	Guard
npc	new_5-1	144	107	0	105	Guard
npc	new_1-2	161	182	0	92	Instructor
npc	new_2-2	161	182	0	92	Instructor
npc	new_3-2	161	182	0	92	Instructor
npc	new_4-2	161	182	0	92	Instructor
npc	new_5-2	161	182	0	92	Instructor
npc	new_1-4	100	29	0	46	Final Tester
npc	new_2-4	100	29	0	46	Final Tester
npc	new_3-4	100	29	0	46	Final Tester
npc	new_4-4	100	29	0	46	Final Tester
npc	new_5-4	100	29	0	46	Final Tester
npc	new_1-3	106	50	0	706	Job Guide Lark
npc	new_2-3	106	50	0	706	Job Guide Lark
npc	new_3-3	106	50	0	706	Job Guide Lark
npc	new_4-3	106	50	0	706	Job Guide Lark
npc	new_5-3	106	50	0	706	Job Guide Lark
file	npc/re/jobs/novice/supernovice_ex.txt
npc	beach_dun2	119	92	0	567	Fishing Novice
npc	airplane	33	47	0	729	Nudor
file	npc/re/jobs/repair.txt
npc	prt_in	38	104	0	811	Valerie
npc	in_moc_16	17	33	0	837	Valerie
npc	ein_in01	13	28	0	837	Valerie
npc	hu_in01	386	377	0	837	Valerie
npc	prt_in	88	108	0	837	Valerie
npc	prt_church	19	36	0	837	Valerie
npc	gef_tower	110	30	0	837	Valerie
npc	comodo	215	155	0	837	Valerie
npc	prt_monk	59	253	0	837	Valerie
npc	moc_ruins	90	104	0	837	Valerie
npc	yuno_in02	43	62	0	837	Valerie
npc	prt_church	103	86	0	837	Valerie
npc	que_job01	75	92	0	837	Valerie
npc	yuno	129	150	0	837	Valerie
npc	tur_dun01	159	40	0	837	Valerie
npc	prt_in	167	24	0	837	Valerie
npc	spl_in02	81	102	0	837	Valerie
npc	alde_alche	38	181	0	837	Valerie
npc	alberta	198	129	0	837	Valerie
npc	in_rogue	376	104	0	837	Valerie
npc	ve_in	244	122	0	837	Valerie
npc	xmas	166	209	0	837	Valerie
npc	sec_in02	12	40	0	57	Job Repair
file	npc/re/kafras/Kafra_Teleportation_Services.txt
npc	moc_para01	35	23	0	10242	Kafra Teleportation
npc	alberta	33	239	0	10242	Kafra Teleportation
npc	aldebaran	136	122	0	10242	Kafra Teleportation
npc	einbroch	246	205	0	10242	Kafra Teleportation
npc	geffen	115	66	0	10242	Kafra Teleportation
npc	lighthalzen	167	103	0	10242	Kafra Teleportation
npc	morocc	155	257	0	10242	Kafra Teleportation
npc	payon	176	104	0	10242	Kafra Teleportation
npc	prontera	143	87	0	10242	Kafra Teleportation
npc	rachel	116	139	0	10242	Kafra Teleportation
npc	veins	196	133	0	10242	Kafra Teleportation
npc	yuno	143	184	0	10242	Kafra Teleportation
file	npc/re/kafras/Zonda_Teleportation_Services.txt
npc	alberta	35	239	0	10243	Zonda Teleportation
npc	aldebaran	138	122	0	10243	Zonda Teleportation
npc	einbroch	248	205	0	10243	Zonda Teleportation
npc	geffen	117	66	0	10243	Zonda Teleportation
npc	lighthalzen	169	103	0	10243	Zonda Teleportation
npc	morocc	157	257	0	10243	Zonda Teleportation
npc	payon	178	104	0	10243	Zonda Teleportation
npc	prontera	145	87	0	10243	Zonda Teleportation
npc	rachel	118	139	0	10243	Zonda Teleportation
npc	veins	198	133	0	10243	Zonda Teleportation
npc	yuno	145	184	0	10243	Zonda Teleportation
file	npc/re/kafras/cool_event_corp.txt
npc	verus04	121	243	0	874	Cool Event Corp Staff
file	npc/re/kafras/kafras.txt
npc	dewata	202	184	0	117	Kafra Employee
npc	glast_01	200	275	0	115	Kafra Employee
npc	xmas	148	134	0	115	Kafra Employee
npc	moc_para01	10	185	0	721	Kafra Employee
npc	izlude	128	148	0	117	Kafra Employee
npc	izlude_a	128	148	0	117	Kafra Employee
npc	izlude_b	128	148	0	117	Kafra Employee
npc	izlude_c	128	148	0	117	Kafra Employee
npc	izlude_d	128	148	0	117	Kafra Employee
npc	malaya	71	79	0	581	Kafra Employee
npc	malaya	234	204	0	581	Kafra Employee
npc	job3_rune01	92	62	0	114	Kafra Employee
npc	harboro1	291	207	0	117	Kafra Employee
file	npc/re/merchants/3rd_trader.txt
npc	job3_guil01	79	96	0	877	Poison Herb Merchant
npc	morocc	193	100	0	877	Poison Herb Merchant
npc	lhz_in02	16	205	0	877	Poison Herb Merchant
npc	job3_rune01	90	62	0	97	Rune Merchant
npc	prontera	168	228	0	97	Rune Merchant
npc	job3_guil01	91	93	0	49	Rare Herb Collector
npc	gef_tower	105	172	0	700	Point Merchant
npc	prt_in	131	66	0	700	Point Merchant
npc	alberta	105	52	0	700	Point Merchant
npc	aldebaran	133	114	0	700	Point Merchant
npc	comodo	193	159	0	700	Point Merchant
npc	geffen	129	49	0	700	Point Merchant
npc	izlude	138	163	0	700	Point Merchant
npc	izlude_a	138	163	0	700	Point Merchant
npc	izlude_b	138	163	0	700	Point Merchant
npc	izlude_c	138	163	0	700	Point Merchant
npc	izlude_d	138	163	0	700	Point Merchant
npc	malangdo	214	163	0	700	Point Merchant
npc	mora	115	118	0	700	Point Merchant
npc	ra_in01	256	273	0	700	Point Merchant
npc	veins	202	128	0	700	Point Merchant
npc	dicastes01	207	200	0	700	Point Merchant
npc	manuk	261	206	0	700	Point Merchant
npc	splendide	207	160	0	700	Point Merchant
npc	mid_camp	224	237	0	700	Point Merchant
file	npc/re/merchants/Dealer_Update.txt
npc	alb2trea	87	65	1	83	Tool Dealer
npc	alberta_in	182	97	1	73	Tool Dealer
npc	aldeba_in	94	56	1	83	Tool Dealer
npc	ama_in01	24	30	1	763	Tool Dealer
npc	ayo_in01	18	182	1	840	Tool Dealer
npc	brasilis	252	257	1	478	Tool Dealer
npc	cmd_in01	79	182	1	83	Tool Dealer
npc	cmd_fild07	257	126	1	83	Tool Dealer
npc	ein_in01	189	15	1	850	Tool Dealer
npc	geffen_in	77	167	1	68	Tool Dealer
npc	geffen_in	171	123	1	64	Tool Dealer
npc	gonryun	147	84	1	777	Tool Dealer
npc	hu_in01	252	368	1	90	Tool Dealer
npc	yuno	218	97	1	84	Tool Dealer
npc	yuno	226	107	1	83	Tool Dealer
npc	yuno_in01	25	34	1	83	Tool Dealer
npc	lhz_in02	31	145	1	90	Tool Dealer
npc	lhz_in03	239	106	1	850	Tool Dealer
npc	lou_in02	239	176	1	818	Tool Dealer
npc	xmas_in	40	38	1	83	Tool Dealer
npc	mosk_in	21	254	1	968	Tool Dealer
npc	payon_in01	5	49	1	88	Tool Dealer
npc	payon_in02	87	34	1	75	Tool Dealer
npc	prt_fild05	290	221	1	83	Tool Dealer
npc	prt_in	126	76	1	53	Tool Dealer
npc	ra_in01	257	269	1	919	Tool Dealer
npc	tur_dun01	158	54	1	99	Tool Dealer
npc	um_in	104	124	1	788	Tool Dealer
npc	ve_in	243	303	1	943	Tool Dealer
npc	moc_ruins	91	128	1	93	Tool Dealer
npc	moc_ruins	114	63	1	99	Tool Dealer
npc	morocc	146	103	1	93	Tool Dealer
npc	morocc	151	241	1	93	Tool Dealer
file	npc/re/merchants/Emperium_Seller.txt
npc	prt_in	212	169	0	86	Guild Clerk
file	npc/re/merchants/Extended_Ammunition.txt
npc	prt_in	162	135	0	634	Arrow Merchant
npc	prt_in	162	137	0	633	Ammunition Merchant
npc	prt_in	162	139	0	636	Ninja Tool Merchant
npc	prt_in	162	141	0	10004	Mado Gear Merchant
npc	prt_in	162	133	0	10234	Talisman Merchant
npc	izlude_in	73	103	0	634	Arrow Merchant
npc	izlude_in	73	105	0	633	Ammunition Merchant
npc	izlude_in	73	101	0	636	Ninja Tool Merchant
npc	izlude_in	73	99	0	10004	Mado Gear Merchant
npc	izlude_in	72	106	0	10234	Talisman Merchant
npc	morocc_in	128	66	0	634	Arrow Merchant
npc	morocc_in	128	68	0	633	Ammunition Merchant
npc	morocc_in	128	70	0	636	Ninja Tool Merchant
npc	morocc_in	128	72	0	10004	Mado Gear Merchant
npc	morocc_in	128	64	0	10234	Talisman Merchant
npc	geffen_in	22	167	0	634	Arrow Merchant
npc	geffen_in	22	169	0	633	Ammunition Merchant
npc	geffen_in	22	165	0	636	Ninja Tool Merchant
npc	geffen_in	22	163	0	10004	Mado Gear Merchant
npc	geffen_in	22	161	0	10234	Talisman Merchant
npc	alberta_in	177	23	0	634	Arrow Merchant
npc	alberta_in	177	25	0	633	Ammunition Merchant
npc	alberta_in	177	27	0	636	Ninja Tool Merchant
npc	alberta_in	177	29	0	10004	Mado Gear Merchant
npc	alberta_in	177	21	0	10234	Talisman Merchant
npc	payon_in01	8	132	0	634	Arrow Merchant
npc	payon_in01	10	132	0	633	Ammunition Merchant
npc	payon_in01	12	132	0	636	Ninja Tool Merchant
npc	payon_in01	14	132	0	10004	Mado Gear Merchant
npc	payon_in01	6	132	0	10234	Talisman Merchant
npc	aldeba_in	37	47	0	634	Arrow Merchant
npc	aldeba_in	37	49	0	633	Ammunition Merchant
npc	aldeba_in	37	45	0	636	Ninja Tool Merchant
npc	aldeba_in	37	43	0	10004	Mado Gear Merchant
npc	aldeba_in	35	50	0	10234	Talisman Merchant
npc	xmas_in	169	93	0	634	Arrow Merchant
npc	xmas_in	171	93	0	633	Ammunition Merchant
npc	xmas_in	173	93	0	636	Ninja Tool Merchant
npc	xmas_in	175	93	0	10004	Mado Gear Merchant
npc	xmas_in	167	93	0	10234	Talisman Merchant
npc	cmd_in01	117	173	0	634	Arrow Merchant
npc	cmd_in01	119	173	0	633	Ammunition Merchant
npc	cmd_in01	115	173	0	636	Ninja Tool Merchant
npc	cmd_in01	113	173	0	10004	Mado Gear Merchant
npc	cmd_in01	112	174	0	10234	Talisman Merchant
npc	um_in	158	127	0	634	Arrow Merchant
npc	um_in	156	127	0	633	Ammunition Merchant
npc	um_in	154	127	0	636	Ninja Tool Merchant
npc	um_in	152	127	0	10004	Mado Gear Merchant
npc	um_in	150	127	0	10234	Talisman Merchant
npc	yuno_in01	99	26	0	634	Arrow Merchant
npc	yuno_in01	99	24	0	633	Ammunition Merchant
npc	yuno_in01	99	22	0	636	Ninja Tool Merchant
npc	yuno_in01	99	20	0	10004	Mado Gear Merchant
npc	yuno_in01	99	18	0	10234	Talisman Merchant
npc	hu_in01	99	383	0	634	Arrow Merchant
npc	hu_in01	95	383	0	633	Ammunition Merchant
npc	hu_in01	93	383	0	636	Ninja Tool Merchant
npc	hu_in01	101	383	0	10004	Mado Gear Merchant
npc	hu_in01	91	383	0	10234	Talisman Merchant
npc	lhz_in02	268	92	0	634	Arrow Merchant
npc	lhz_in02	266	92	0	633	Ammunition Merchant
npc	lhz_in02	264	92	0	636	Ninja Tool Merchant
npc	lhz_in02	262	92	0	10004	Mado Gear Merchant
npc	lhz_in02	270	92	0	10234	Talisman Merchant
npc	ein_in01	95	22	0	634	Arrow Merchant
npc	ein_in01	95	24	0	633	Ammunition Merchant
npc	ein_in01	95	20	0	636	Ninja Tool Merchant
npc	ein_in01	95	18	0	10004	Mado Gear Merchant
npc	ein_in01	95	26	0	10234	Talisman Merchant
npc	ra_in01	169	363	0	634	Arrow Merchant
npc	ra_in01	169	365	0	633	Ammunition Merchant
npc	ra_in01	169	367	0	636	Ninja Tool Merchant
npc	ra_in01	169	361	0	10004	Mado Gear Merchant
npc	ra_in01	169	359	0	10234	Talisman Merchant
npc	ve_in	349	243	0	634	Arrow Merchant
npc	ve_in	351	243	0	633	Arrow Merchant
npc	ve_in	353	243	0	636	Arrow Merchant
npc	ve_in	355	243	0	10004	Arrow Merchant
npc	ve_in	347	243	0	10234	Talisman Merchant
npc	ama_in01	100	17	0	634	Arrow Merchant
npc	ama_in01	100	19	0	633	Ammunition Merchant
npc	ama_in01	100	21	0	636	Ninja Tool Merchant
npc	ama_in01	100	23	0	10004	Mado Gear Merchant
npc	ama_in01	100	25	0	10234	Talisman Merchant
npc	gonryun	175	95	0	634	Arrow Merchant
npc	gonryun	175	97	0	633	Ammunition Merchant
npc	gonryun	175	99	0	636	Ninja Tool Merchant
npc	gonryun	175	93	0	10004	Mado Gear Merchant
npc	gonryun	175	91	0	10234	Talisman Merchant
npc	lou_in02	134	176	0	634	Arrow Merchant
npc	lou_in02	134	178	0	633	Ammunition Merchant
npc	lou_in02	134	180	0	636	Ninja Tool Merchant
npc	lou_in02	134	174	0	10004	Mado Gear Merchant
npc	lou_in02	134	172	0	10234	Talisman Merchant
npc	ayo_in01	77	161	0	634	Arrow Merchant
npc	ayo_in01	77	163	0	633	Ammunition Merchant
npc	ayo_in01	77	165	0	636	Ninja Tool Merchant
npc	ayo_in01	77	159	0	10004	Mado Gear Merchant
npc	ayo_in01	77	157	0	10234	Talisman Merchant
npc	brasilis	252	247	0	634	Arrow Merchant
npc	brasilis	252	249	0	633	Ammunition Merchant
npc	brasilis	252	251	0	636	Ninja Tool Merchant
npc	brasilis	252	253	0	10004	Mado Gear Merchant
npc	brasilis	252	245	0	10234	Talisman Merchant
npc	ma_in01	69	21	0	634	Arrow Merchant
npc	ma_in01	67	21	0	633	Ammunition Merchant
npc	ma_in01	65	21	0	636	Ninja Tool Merchant
npc	ma_in01	71	21	0	10004	Mado Gear Merchant
npc	ma_in01	63	19	0	10234	Talisman Merchant
npc	dewata	223	167	0	634	Arrow Merchant
npc	dewata	223	169	0	633	Ammunition Merchant
npc	dewata	223	171	0	636	Ninja Tool Merchant
npc	dewata	223	173	0	10004	Mado Gear Merchant
npc	dewata	223	165	0	10234	Talisman Merchant
npc	mosk_in	24	173	0	634	Arrow Merchant
npc	mosk_in	26	174	0	633	Ammunition Merchant
npc	mosk_in	22	172	0	636	Ninja Tool Merchant
npc	mosk_in	20	172	0	10004	Mado Gear Merchant
npc	mosk_in	18	174	0	10234	Talisman Merchant
npc	har_in01	32	81	0	634	Arrow Merchant
npc	har_in01	32	77	0	633	Ammunition Merchant
npc	har_in01	32	79	0	636	Ninja Tool Merchant
npc	har_in01	32	83	0	10004	Mado Gear Merchant
npc	har_in01	30	84	0	10234	Talisman Merchant
npc	in_hunter	104	108	0	634	Arrow Merchant
npc	que_ng	180	79	0	633	Ammunition Merchant
npc	job_gun	220	138	0	633	Ammunition Merchant
file	npc/re/merchants/Extended_Stylist.txt
npc	alberta_in	55	142	0	91	Stylist
npc	prt_in	243	168	0	91	Stylist
npc	lhz_in02	100	143	0	122	Stylist
npc	lasagna	134	113	0	10166	Stylist
npc	ra_in01	186	148	0	916	Stylist
npc	yuno_in04	186	21	0	87	Stylist
file	npc/re/merchants/Gemstone_Bagger.txt
npc	alb2trea	89	65	0	73	Gemstone Bagger
npc	alberta_in	178	97	0	83	Gemstone Bagger
npc	aldeba_in	100	54	0	91	Gemstone Bagger
npc	ama_in01	20	26	0	763	Gemstone Bagger
npc	cmd_fild07	259	126	0	90	Gemstone Bagger
npc	cmd_in01	84	178	0	86	Gemstone Bagger
npc	ein_in01	197	22	0	850	Gemstone Bagger
npc	einbroch	222	206	0	855	Gemstone Bagger
npc	geffen_in	77	175	0	68	Gemstone Bagger
npc	gonryun	146	82	0	777	Gemstone Bagger
npc	hu_in01	252	370	0	91	Gemstone Bagger
npc	izlude_in	55	110	0	83	Gemstone Bagger
npc	lhz_in02	40	145	0	92	Gemstone Bagger
npc	lhz_in03	243	106	0	855	Gemstone Bagger
npc	lou_in02	244	175	0	818	Gemstone Bagger
npc	malangdo	233	160	0	560	Gemstone Bagger
npc	moc_ruins	95	128	0	66	Gemstone Bagger
npc	morocc	153	241	0	99	Gemstone Bagger
npc	morocc	143	101	0	93	Gemstone Bagger
npc	payon	163	96	0	75	Gemstone Bagger
npc	payon_in01	12	47	0	75	Gemstone Bagger
npc	payon_in02	84	40	0	88	Gemstone Bagger
npc	prt_fild05	292	226	0	47	Gemstone Bagger
npc	prt_in	125	78	0	53	Gemstone Bagger
npc	um_in	103	115	0	788	Gemstone Bagger
npc	xmas_in	36	37	0	86	Gemstone Bagger
npc	yuno	221	115	0	91	Gemstone Bagger
npc	yuno_in01	34	30	0	91	Gemstone Bagger
file	npc/re/merchants/HorrorToyFactory_merchants.txt
npc	xmas	240	291	0	711	Billy The Golden Hands
npc	xmas	240	297	0	713	Vagrant Cain
npc	xmas	240	294	0	712	Black Beard Joe
file	npc/re/merchants/InfiniteSpace_merchants.txt
npc	cmd_fild07	63	268	0	704	Emergency Food Merchant
npc	cmd_fild07	375	167	0	727	Ruins Black Trader
npc	cmd_fild07	57	275	0	67	Artifact Appraiser
npc	cmd_fild07	60	275	0	726	Artifact Enhancer
file	npc/re/merchants/OldGlastHeim_merchants.txt
npc	glast_01	210	273	0	69	Hugin's Butler
npc	glast_01	212	273	0	66	Hugin's Magician
npc	glast_01	210	270	0	726	Hugin's Craftsman
npc	glast_01	184	283	0	66	Dark magic master
npc	glast_01	216	292	0	878	Portrait collector
file	npc/re/merchants/Slot_Move_Card_Sales.txt
npc	prt_in	211	173	0	90	Slot Move Card Sales
file	npc/re/merchants/advanced_refiner.txt
npc	malangdo	221	174	0	559	Holink
file	npc/re/merchants/alchemist.txt
npc	alde_alche	31	186	0	883	Craft Book Merchant
file	npc/re/merchants/ammo_boxes.txt
npc	que_ng	187	149	0	83	Magazine Dealer Kenny
npc	alberta	118	157	0	83	Magazine Dealer Kenny
npc	izlude_in	74	104	0	83	Magazine Dealer Kenny
file	npc/re/merchants/bio4_reward.txt
npc	lighthalzen	342	291	0	847	Weird old man
npc	lhz_cube	233	24	0	786	Sorcerer
file	npc/re/merchants/blessed_refiner.txt
npc	prt_in	52	56	0	826	Blacksmith Dister
npc	payon	148	172	0	826	Blacksmith Dister
npc	alberta_in	20	56	0	826	Blacksmith Dister
npc	yuno_in01	175	18	0	826	Blacksmith Dister
npc	ein_in01	26	82	0	826	Blacksmith Dister
npc	lhz_in02	280	15	0	826	Blacksmith Dister
file	npc/re/merchants/card_exchange.txt
npc	comodo	148	306	0	562	Card Vendor Machine
file	npc/re/merchants/card_separation.txt
npc	malangdo	215	166	0	553	Jeremy
npc	malangdo	208	166	0	559	Richard
file	npc/re/merchants/cash_trader-idRO.txt
npc	payon	172	128	0	721	Kafra Shop
npc	payon	172	130	0	80	Kafra Shop 2
npc	payon	175	128	0	721	Consumable
npc	payon	175	130	0	80	Consumable 2
npc	payon	178	128	0	721	Headgear
npc	payon	178	130	0	80	Headgear 2
npc	payon	181	128	0	721	Equipment
npc	payon	181	130	0	80	Equipment 2
npc	payon	184	128	0	721	Acc and Kartu
npc	payon	184	130	0	80	Acc and Kartu 2
npc	payon	187	128	0	874	Rental Shop
npc	payon	184	104	0	721	Kafra Shop
npc	payon	183	104	0	80	Kafra Shop 2
npc	payon	188	104	0	874	Rental Shop
npc	payon	177	226	0	721	Kafra Shop
npc	payon	178	226	0	80	Kafra Shop 2
npc	payon	181	226	0	874	Rental Shop
npc	pay_arche	57	125	0	721	Kafra Shop
npc	pay_arche	58	125	0	80	Kafra Shop 2
npc	pay_arche	61	125	0	874	Rental Shop
npc	prontera	282	198	0	721	Kafra Shop
npc	prontera	282	197	0	80	Kafra Shop 2
npc	prontera	282	194	0	874	Rental Shop
npc	prontera	29	209	0	721	Kafra Shop
npc	prontera	29	210	0	80	Kafra Shop 2
npc	prontera	32	212	0	874	Rental Shop
npc	prontera	146	91	0	721	Kafra Shop
npc	prontera	146	92	0	80	Kafra Shop 2
npc	prontera	146	95	0	874	Rental Shop
npc	prontera	149	29	0	721	Kafra Shop
npc	prontera	148	29	0	80	Kafra Shop 2
npc	prontera	145	29	0	874	Rental Shop
npc	prontera	164	183	0	721	Kafra Shop
npc	prontera	164	185	0	80	Kafra Shop 2
npc	prontera	151	183	0	721	Consumable
npc	prontera	151	185	0	80	Consumable 2
npc	prontera	154	183	0	721	Headgear
npc	prontera	154	185	0	80	Headgear 2
npc	prontera	157	183	0	721	Equipment
npc	prontera	157	185	0	80	Equipment 2
npc	prontera	161	183	0	721	Acc and Kartu
npc	prontera	161	185	0	80	Acc and Kartu 2
npc	prontera	148	183	0	874	Rental Shop
npc	prt_fild05	290	230	0	874	Rental Shop
npc	prt_fild05	290	228	0	80	Kafra Shop 2
npc	prt_fild05	290	227	0	721	Kafra Shop
npc	izlude	135	99	0	721	Kafra Shop
npc	izlude	135	100	0	80	Kafra Shop 2
npc	izlude	135	102	0	874	Rental Shop
npc	izlude	135	142	0	721	Kafra Shop
npc	izlude	135	144	0	80	Kafra Shop 2
npc	izlude	124	142	0	721	Consumable
npc	izlude	124	144	0	80	Consumable 2
npc	izlude	127	142	0	721	Headgear
npc	izlude	127	144	0	80	Headgear 2
npc	izlude	130	142	0	721	Equipment
npc	izlude	130	144	0	80	Equipment 2
npc	izlude	133	142	0	721	Acc and Kartu
npc	izlude	133	144	0	80	Acc and Kartu 2
npc	izlude	121	142	0	874	Rental Shop
npc	izlu2dun	108	57	0	721	Kafra Shop
npc	izlu2dun	109	57	0	80	Kafra Shop 2
npc	izlu2dun	104	57	0	874	Rental Shop
npc	alberta	113	63	0	721	Kafra Shop
npc	alberta	114	64	0	80	Kafra Shop 2
npc	alberta	110	59	0	874	Rental Shop
npc	alberta	32	229	0	721	Kafra Shop
npc	alberta	31	229	0	80	Kafra Shop 2
npc	alberta	34	229	0	874	Rental Shop
npc	alberta	25	238	0	721	Kafra Shop
npc	alberta	25	240	0	80	Kafra Shop 2
npc	alberta	27	238	0	721	Consumable
npc	alberta	27	240	0	80	Consumable 2
npc	alberta	30	238	0	721	Headgear
npc	alberta	30	240	0	80	Headgear 2
npc	alberta	33	238	0	721	Equipment
npc	alberta	33	240	0	80	Equipment 2
npc	alberta	37	238	0	721	Acc and Kartu
npc	alberta	37	240	0	80	Acc and Kartu 2
npc	alberta	40	238	0	874	Rental Shop
npc	brasilis	199	218	0	721	Kafra Shop
npc	brasilis	198	220	0	80	Kafra Shop 2
npc	brasilis	191	218	0	721	Consumable
npc	brasilis	190	220	0	80	Consumable 2
npc	brasilis	193	218	0	721	Headgear
npc	brasilis	192	220	0	80	Headgear 2
npc	brasilis	195	218	0	721	Equipment
npc	brasilis	194	220	0	80	Equipment 2
npc	brasilis	197	218	0	721	Acc and Kartu
npc	brasilis	196	220	0	80	Acc and Kartu 2
npc	brasilis	201	218	0	874	Rental Shop
npc	amatsu	101	147	0	721	Kafra Shop
npc	amatsu	100	146	0	80	Kafra Shop 2
npc	amatsu	100	144	0	874	Rental Shop
npc	ayothaya	212	171	0	721	Kafra Shop
npc	ayothaya	212	172	0	80	Kafra Shop 2
npc	ayothaya	212	175	0	874	Rental Shop
npc	louyang	208	102	0	721	Kafra Shop
npc	louyang	207	102	0	80	Kafra Shop 2
npc	louyang	205	102	0	874	Rental Shop
npc	dewata	204	178	0	721	Kafra Shop
npc	dewata	204	180	0	80	Kafra Shop 2
npc	dewata	192	178	0	721	Consumable
npc	dewata	192	180	0	80	Consumable 2
npc	dewata	195	178	0	721	Headgear
npc	dewata	195	180	0	80	Headgear 2
npc	dewata	198	178	0	721	Equipment
npc	dewata	198	180	0	80	Equipment 2
npc	dewata	201	178	0	721	Acc and Kartu
npc	dewata	201	180	0	80	Acc and Kartu 2
npc	dewata	207	178	0	874	Rental Shop
npc	yuno	149	187	0	721	Kafra Shop
npc	yuno	148	187	0	80	Kafra Shop 2
npc	yuno	146	187	0	874	Rental Shop
npc	yuno	329	108	0	721	Kafra Shop
npc	yuno	330	108	0	80	Kafra Shop 2
npc	yuno	332	108	0	874	Rental Shop
npc	morocc	154	97	0	721	Kafra Shop
npc	morocc	153	97	0	80	Kafra Shop 2
npc	morocc	151	97	0	874	Rental Shop
npc	morocc	163	258	0	721	Kafra Shop
npc	morocc	162	258	0	80	Kafra Shop 2
npc	morocc	165	258	0	874	Rental Shop
npc	morocc	167	261	0	721	Kafra Shop
npc	morocc	167	263	0	80	Kafra Shop 2
npc	morocc	155	261	0	721	Consumable
npc	morocc	155	263	0	80	Consumable 2
npc	morocc	158	261	0	721	Headgear
npc	morocc	158	263	0	80	Headgear 2
npc	morocc	161	261	0	721	Equipment
npc	morocc	161	263	0	80	Equipment 2
npc	morocc	164	261	0	721	Acc and Kartu
npc	morocc	164	263	0	80	Acc and Kartu 2
npc	morocc	152	261	0	874	Rental Shop
npc	gonryun	156	122	0	721	Kafra Shop
npc	gonryun	155	122	0	80	Kafra Shop 2
npc	gonryun	153	122	0	874	Rental Shop
npc	geffen	122	62	0	721	Kafra Shop
npc	geffen	122	60	0	80	Kafra Shop 2
npc	geffen	124	62	0	874	Rental Shop
npc	geffen	200	124	0	721	Kafra Shop
npc	geffen	201	124	0	80	Kafra Shop 2
npc	geffen	198	124	0	874	Rental Shop
npc	geffen	129	103	0	721	Kafra Shop
npc	geffen	129	105	0	80	Kafra Shop 2
npc	geffen	117	103	0	721	Consumable
npc	geffen	117	105	0	80	Consumable 2
npc	geffen	120	103	0	721	Headgear
npc	geffen	120	105	0	80	Headgear 2
npc	geffen	123	103	0	721	Equipment
npc	geffen	123	105	0	80	Equipment 2
npc	geffen	126	103	0	721	Acc and Kartu
npc	geffen	126	105	0	80	Acc and Kartu 2
npc	geffen	114	103	0	874	Rental Shop
npc	aldebaran	146	119	0	721	Kafra Shop
npc	aldebaran	145	119	0	80	Kafra Shop 2
npc	aldebaran	148	119	0	874	Rental Shop
npc	comodo	198	148	0	721	Kafra Shop
npc	comodo	200	148	0	80	Kafra Shop 2
npc	comodo	202	148	0	874	Rental Shop
npc	cmd_fild07	139	134	0	721	Kafra Shop
npc	cmd_fild07	138	134	0	80	Kafra Shop 2
npc	cmd_fild07	141	134	0	874	Rental Shop
npc	umbala	90	159	0	721	Kafra Shop
npc	umbala	89	159	0	80	Kafra Shop 2
npc	umbala	94	158	0	874	Rental Shop
npc	hugel	97	167	0	721	Kafra Shop
npc	hugel	95	167	0	80	Kafra Shop 2
npc	hugel	100	167	0	874	Rental Shop
npc	einbroch	58	200	0	721	Kafra Shop
npc	einbroch	58	201	0	80	Kafra Shop 2
npc	einbroch	58	197	0	874	Rental Shop
npc	einbroch	245	205	0	721	Kafra Shop
npc	einbroch	244	205	0	80	Kafra Shop 2
npc	einbroch	248	205	0	874	Rental Shop
npc	einbech	174	132	0	721	Kafra Shop
npc	einbech	175	132	0	80	Kafra Shop 2
npc	einbech	170	132	0	874	Rental Shop
npc	lighthalzen	167	101	0	721	Kafra Shop
npc	lighthalzen	166	101	0	80	Kafra Shop 2
npc	lighthalzen	169	103	0	874	Rental Shop
npc	rachel	98	131	0	721	Kafra Shop
npc	rachel	98	133	0	80	Kafra Shop 2
npc	rachel	106	137	0	721	Consumable
npc	rachel	104	139	0	80	Consumable 2
npc	rachel	104	135	0	721	Headgear
npc	rachel	102	137	0	80	Headgear 2
npc	rachel	102	133	0	721	Equipment
npc	rachel	100	135	0	80	Equipment 2
npc	rachel	100	131	0	721	Acc and Kartu
npc	rachel	100	133	0	80	Acc and Kartu 2
npc	rachel	95	131	0	874	Rental Shop
npc	xmas	138	310	0	874	Rental Shop
npc	xmas	140	310	0	721	Kafra Shop
npc	xmas	142	310	0	80	Kafra Shop 2
file	npc/re/merchants/cashmall.txt
npc	prontera	137	125	0	899	Cash Sales Guide
npc	morocc	164	39	0	899	Cash Sales Guide
npc	moc_ruins	115	143	0	899	Cash Sales Guide
npc	geffen	115	168	0	899	Cash Sales Guide
npc	payon	164	157	0	899	Cash Sales Guide
npc	lighthalzen	206	144	0	899	Cash Sales Guide
npc	rachel	128	144	0	899	Cash Sales Guide
npc	itemmall	21	45	0	899	Exit Guide
npc	itemmall	41	53	0	495	Cat Hand Salesman Macaroon
npc	itemmall	24	77	0	826	Blacksmith Basta
npc	itemmall	27	77	0	826	Mighty Hammer
npc	itemmall	24	74	0	898	Blacksmith Brock
npc	itemmall	19	74	0	91	Stylist
npc	itemmall	41	55	0	495	Cat Hand Salesman Tunkarom
file	npc/re/merchants/catalog.txt
npc	moc_para01	22	16	0	704	Catalog Magician
file	npc/re/merchants/clothing_buff_removal.txt
npc	prontera	80	106	0	10144	Clothing Effect Removal Service
file	npc/re/merchants/coin_exchange.txt
npc	malangdo	220	167	0	564	Coin Exchanger CX-1
npc	malangdo	218	165	0	562	Special Vending Machine
npc	malangdo	236	179	0	554	Dark Merchant K
npc	malangdo	233	180	0	564	Dark MachineTX100
npc	malangdo	175	145	0	549	Can Agency Guard
npc	malangdo	162	146	0	495	Wandering Merchant
npc	malangdo	173	145	0	496	Stinky Merchant
npc	malangdo	150	135	0	495	Roving Merchant
npc	ecl_in01	66	95	0	436	Armor Merchant Naphara
npc	ecl_in01	64	97	0	436	Slot Expert Nattuer
npc	ecl_in01	33	98	0	443	Herb Merchant Plafina
npc	ecl_in01	67	39	0	445	Replication Expert Paltu
file	npc/re/merchants/diamond.txt
npc	prontera	165	89	0	58	Rare Diamond Merchant
npc	geffen	106	63	0	58	Rare Diamond Merchant
npc	morocc	146	100	0	58	Rare Diamond Merchant
npc	alberta	129	60	0	58	Rare Diamond Merchant
npc	lighthalzen	163	65	0	58	Rare Diamond Merchant
npc	rachel	106	142	0	58	Rare Diamond Merchant
npc	payon	180	130	0	58	Rare Diamond Merchant
file	npc/re/merchants/eden_market.txt
npc	moc_para01	106	38	0	779	Market Group Hustler
npc	paramk	101	22	0	831	Market Group Guide
npc	paramk	103	17	0	405	Market Guard
npc	paramk	92	17	0	405	Market Guard
npc	paramk	53	47	0	405	Market Guard
npc	paramk	142	48	0	405	Market Guard
npc	paramk	142	67	0	405	Market Guard
npc	paramk	53	67	0	405	Market Guard
npc	paramk	78	44	0	10001	A wise customer
npc	paramk	119	80	0	819	A dining customer
npc	paramk	106	61	0	690	Customer
npc	paramk	77	60	0	688	Window-shopper
npc	paramk	113	56	0	80	Cassie
npc	paramk	74	15	0	704	Leria
npc	paramk	71	15	0	679	Heimhunter
npc	paramk	68	15	0	900	Zephet
npc	paramk	65	30	0	862	Miffy
npc	paramk	70	31	0	881	Nelsha
npc	paramk	78	31	0	882	Coco
npc	paramk	90	31	0	97	Minho Doh
npc	paramk	94	32	0	869	Lapelt
npc	paramk	100	30	0	982	Head Pharmacist
npc	paramk	106	32	0	475	Johanna
npc	paramk	106	27	0	748	Brewer Wyn
npc	paramk	114	30	0	92	Lucky Day Napeed
npc	paramk	118	31	0	894	Manager Parayo
npc	paramk	126	34	0	544	Whiteberry
npc	paramk	129	33	0	496	Blackphone
npc	paramk	144	13	0	58	Jeffrey
npc	paramk	140	18	0	10002	Vincent
npc	paramk	138	19	0	10001	Panel
npc	paramk	136	20	0	691	Matina
npc	paramk	134	21	0	696	Lucy
npc	paramk	136	16	0	688	Mara
npc	paramk	133	16	0	690	Lana
npc	paramk	127	16	0	698	Rahoul
npc	paramk	124	20	0	692	Drunk
npc	paramk	127	10	0	693	Annoyed Customer
npc	paramk	124	11	0	90	Kalin
npc	paramk	121	11	0	91	Thrann
npc	paramk	127	88	0	820	Sobok the Cook
npc	paramk	75	86	0	518	Pomegranate
npc	paramk	65	86	0	524	Cocktail Master
npc	paramk	49	103	0	807	Hans
npc	paramk	53	104	0	813	Dus the Smith
npc	paramk	69	102	0	91	Aurora
npc	paramk	75	102	0	750	Dye the Alchemist
npc	paramk	80	104	0	10003	Earl the Alchemist
npc	paramk	87	101	0	49	Manbok
npc	paramk	95	102	0	754	Madoha
npc	paramk	100	102	0	755	Magiha
npc	paramk	116	100	0	971	Hwaran
npc	paramk	124	97	0	943	Gecko the Trainer
npc	paramk	126	100	0	944	Tamer Tete
npc	paramk	130	98	0	732	Mist the Hunter
file	npc/re/merchants/enchan_edda_half_moon.txt
npc	rachel	177	139	0	935	Temple Item Manager
file	npc/re/merchants/enchan_illusion_17_1.txt
npc	sp_cor	152	158	0	88	Butterfly Merchant
npc	sp_cor	136	156	0	851	Grace Operator
npc	sp_cor	108	130	0	10202	Rebellion
npc	sp_cor	111	130	0	10301	Elyumina
npc	sp_cor	106	136	0	10083	RS26
file	npc/re/merchants/enchan_illusion_dungeons.txt
npc	pay_d03_i	160	45	0	10004	Gemcutter
npc	gef_dun01	139	228	0	900	Great Merchant
npc	ice_dun02	153	18	0	749	Illusion Stone Research
npc	prontera	90	115	0	677	Illusion Enchanter
npc	alberta	226	28	0	10002	Equipment Researcher
npc	com_d02_i	234	266	0	88	Village Soap
npc	iz_d04_i	134	228	0	704	Horen
npc	ein_d02_i	177	158	0	10290	Bear Wanting Illusion Stone
file	npc/re/merchants/enchan_ko.txt
npc	que_ng	75	20	0	762	Artisan Tene
file	npc/re/merchants/enchan_mal.txt
npc	malangdo	213	167	0	555	Mayomayo
file	npc/re/merchants/enchan_mora.txt
npc	mora	88	89	0	495	Keeper of Secrets
npc	mora	96	74	0	495	Master of Relics
npc	mora	104	76	0	495	Guardian of Artifacts
npc	mora	99	93	0	495	Artifact Crafter
npc	mora	152	97	0	515	Guardian of Power
npc	mora	148	98	0	521	Artifact Researcher
npc	mora	124	82	0	522	Artifact Collector
npc	mora	105	176	0	509	Master Tailor
npc	mora	123	177	0	509	Pendant Crafter
npc	mora	134	166	0	509	Bulberry Westhood
file	npc/re/merchants/enchan_rockridge.txt
npc	har_in01	17	74	0	10162	Contraband Processor
npc	har_in01	24	69	0	74	Affable Lady
npc	har_in01	34	81	0	10084	Howard
npc	har_in01	19	86	0	67	Weapon Dealer
npc	har_in01	16	86	0	50	Armor Dealer
npc	har_in01	34	84	1	68	Tool Dealer
file	npc/re/merchants/enchan_sage_legacy_17_2.txt
npc	ba_in01	87	370	0	20698	Lisa
npc	ba_in01	87	376	0	10346	Cube Lane
npc	ba_in01	87	383	0	10359	Yeoncheong
npc	ba_in01	87	380	0	10359	Yecheon
npc	ba_in01	87	389	0	10344	Butterfly Merchant
file	npc/re/merchants/enchan_upg.txt
npc	itemmall	29	71	0	63	Devil Enchant Master
file	npc/re/merchants/enchan_verus.txt
npc	verus04	69	108	0	10053	Mass Charleston
npc	verus04	71	106	0	10053	Mass Charleston
npc	verus04	63	112	0	10053	Mass Charleston
npc	verus04	161	222	0	52	Grandpa picking up scrap iron
npc	verus04	163	219	0	10147	PLUTO_09
npc	verus04	165	217	0	10080	MARS_01
file	npc/re/merchants/enchantgrade.txt
npc	grademk	34	184	0	10098	Sratos
npc	paramk	34	184	0	10079	Suribell
file	npc/re/merchants/flute.txt
npc	hu_in01	386	306	0	51	Falcon Flute Trader
npc	pay_arche	91	134	0	51	Falcon Flute Trader
npc	tur_dun01	89	170	0	59	Expert Flute Crafter
file	npc/re/merchants/ghost_palace_exchange.txt
npc	dali02	51	130	0	919	Dimension Traveler
file	npc/re/merchants/gld_mission_exchange.txt
npc	alde_gld	180	163	0	564	ClickClick MeowMeow-GX
npc	pay_gld	196	176	0	564	ClickClick MeowMeow-GX
npc	gef_fild13	198	246	0	564	ClickClick MeowMeow-GX
npc	sch_gld	266	119	0	564	ClickClick MeowMeow-GX
npc	aru_gld	89	204	0	564	ClickClick MeowMeow-GX
npc	prt_gld	107	155	0	564	ClickClick MeowMeow-GX
npc	te_prt_gld	107	155	0	564	ClickClick MeowMeow-GX
npc	te_alde_gld	180	163	0	564	ClickClick MeowMeow-GX
file	npc/re/merchants/guild_warehouse.txt
npc	alberta	114	65	0	896	Guild Warehouse Manager
npc	aldebaran	146	122	0	896	Guild Warehouse Manager
npc	amatsu	100	156	0	896	Guild Warehouse Manager
npc	ayothaya	203	173	0	896	Guild Warehouse Manager
npc	brasilis	204	227	0	896	Guild Warehouse Manager
npc	comodo	204	153	0	896	Guild Warehouse Manager
npc	dewata	196	193	0	896	Guild Warehouse Manager
npc	einbech	182	124	0	896	Guild Warehouse Manager
npc	einbroch	238	203	0	896	Guild Warehouse Manager
npc	geffen	128	68	0	896	Guild Warehouse Manager
npc	gonryun	164	127	0	896	Guild Warehouse Manager
npc	harboro1	288	212	0	896	Guild Warehouse Manager
npc	hugel	91	158	0	896	Guild Warehouse Manager
npc	izlude	133	149	0	896	Guild Warehouse Manager
npc	lighthalzen	162	102	0	896	Guild Warehouse Manager
npc	louyang	210	111	0	896	Guild Warehouse Manager
npc	malaya	238	206	0	896	Guild Warehouse Manager
npc	morocc	168	107	0	896	Guild Warehouse Manager
npc	moscovia	211	200	0	896	Guild Warehouse Manager
npc	niflheim	200	184	0	896	Guild Warehouse Manager
npc	payon	180	106	0	896	Guild Warehouse Manager
npc	prontera	150	191	0	896	Guild Warehouse Manager
npc	rachel	123	145	0	896	Guild Warehouse Manager
npc	umbala	106	160	0	896	Guild Warehouse Manager
npc	veins	205	130	0	896	Guild Warehouse Manager
npc	xmas	155	140	0	896	Guild Warehouse Manager
npc	yuno	176	187	0	896	Guild Warehouse Manager
file	npc/re/merchants/hd_refiner.txt
npc	prt_in	59	54	0	826	Mighty Hammer
npc	morocc_in	65	30	0	826	Mighty Hammer
npc	payon	148	176	0	826	Mighty Hammer
npc	alberta_in	16	56	0	826	Mighty Hammer
npc	yuno_in01	171	18	0	826	Mighty Hammer
npc	ein_in01	22	82	0	826	Mighty Hammer
npc	lhz_in02	280	19	0	826	Mighty Hammer
npc	prt_in	57	54	0	826	Basta
npc	morocc_in	68	30	0	826	Basta
npc	payon	148	174	0	826	Basta
npc	alberta_in	18	56	0	826	Basta
npc	yuno_in01	173	18	0	826	Basta
npc	ein_in01	24	82	0	826	Basta
npc	lhz_in02	280	17	0	826	Basta
file	npc/re/merchants/malangdo_costume.txt
npc	mal_in01	20	124	0	561	Designer Heidam
npc	malangdo	115	154	0	858	Fashion Stone
npc	mal_in01	22	113	0	505	Aver De Dosh
npc	mal_in01	20	107	0	614	Lace La Zard
file	npc/re/merchants/moro_cav_exchange.txt
npc	moro_cav	32	73	0	482	Hero Token Exchanger
npc	moro_cav	34	65	0	49	Expert Enchanter Byrnes
file	npc/re/merchants/mysterious_cookie_shop.txt
npc	malangdo	124	152	0	10031	Mysterious Cookie Shop
file	npc/re/merchants/new_insurance.txt
npc	prontera	82	108	0	794	Heart Merchant
file	npc/re/merchants/nightmare_biolab.txt
npc	lighthalzen	321	218	0	934	Ohno Tohiro
npc	lighthalzen	320	204	0	93	A kid with black finger
npc	lighthalzen	327	216	0	550	Crevice
npc	lhz_dun_n	96	203	0	550	Dungeon gateway
npc	lighthalzen	319	213	0	648	Veteran Adventurer
npc	lighthalzen	312	296	0	870	Bully
npc	lhz_dun_n	145	265	0	10172	Silent Mind
npc	lhz_dun_n	134	265	0	10172	Wandering Mind
npc	lhz_dun_n	143	269	0	10092	Victimized Soul's Mind
npc	lhz_dun_n	136	269	0	10028	Sorrowful Soul's Mind
npc	lhz_d_n2	53	49	0	10172	Silent Mind
npc	lhz_d_n2	42	49	0	10172	Wandering Mind
npc	lhz_d_n2	51	53	0	10092	Victimized Soul's Mind
npc	lhz_d_n2	44	53	0	10028	Sorrowful Soul's Mind
npc	lhz_dun_n	167	259	0	10248	A Questionable Device
npc	lhz_dun_n	132	61	0	10248	A Questionable Device
npc	lhz_dun_n	53	127	0	10248	A Questionable Device
npc	lhz_dun_n	214	127	0	10248	A Questionable Device
npc	lhz_dun_n	148	148	0	10248	A Questionable Device
file	npc/re/merchants/novice_vending_machine.txt
npc	izlude_in	69	177	0	564	Vending Machine for Nov
npc	payon_in02	71	75	0	564	Vending Machine for Nov
npc	prt_church	187	27	0	564	Vending Machine for Nov
npc	alberta_in	60	52	0	564	Vending Machine for Nov
npc	geffen_in	158	107	0	564	Vending Machine for Nov
npc	moc_para01	17	37	0	564	Vending Machine for Nov
npc	moc_prydb1	38	124	0	564	Vending Machine for Nov
npc	payon_in01	59	20	0	564	Vending Machine for Nov
npc	que_ng	28	73	0	564	Vending Machine for Nov
npc	que_ng	168	39	0	564	Vending Machine for Nov
file	npc/re/merchants/pet_groomer.txt
npc	prontera	218	211	0	125	Pet Groomer
npc	moc_ruins	118	170	0	125	Pet Groomer
npc	morocc	203	87	0	125	Pet Groomer
npc	geffen	193	152	0	124	Pet Groomer
npc	payon	177	131	0	124	Pet Groomer
npc	izlude_in	72	98	0	124	Pet Groomer
npc	yuno	197	114	0	124	Pet Groomer
npc	lighthalzen	222	191	0	125	Pet Groomer
npc	brasilis	201	309	0	476	Pet Groomer
npc	lasagna	179	176	0	125	Pet Groomer
file	npc/re/merchants/pet_trader.txt
npc	prontera	210	209	0	766	Pet Trader
npc	alberta	179	141	0	766	Pet Trader
file	npc/re/merchants/quests_exp_175.txt
npc	einbech	149	257	0	10003	Site manager Elmen
file	npc/re/merchants/quivers.txt
npc	mora	106	117	0	516	Quiver Maker
file	npc/re/merchants/refine.txt
npc	prt_in	90	72	0	826	Vestri
npc	morocc_in	64	41	0	826	Vestri
npc	payon_in01	18	132	0	826	Vestri
npc	prt_in	85	71	0	826	Austri
npc	payon_in01	14	125	0	826	Austri
npc	morocc_in	60	38	0	826	Austri
npc	malangdo	224	172	0	544	Clink
npc	prt_in	63	69	0	84	Dietrich
npc	payon	137	178	0	88	Hakhim
npc	morocc_in	72	32	0	99	Abdula
npc	alberta_in	21	63	0	84	Xenophon
npc	yuno_in01	164	27	0	88	Delight
npc	ein_in01	18	82	0	84	Matestein
npc	lhz_in02	281	24	0	84	Fruel
npc	prt_in	64	57	0	84	Pauline
npc	payon	142	179	0	88	Jihu
npc	morocc_in	64	37	0	99	Marik
npc	alberta_in	24	63	0	84	Satana
npc	yuno_in01	164	31	0	88	Dimir
npc	lhz_in02	275	23	0	84	Nemil
npc	ein_in01	30	88	0	84	Galan
file	npc/re/merchants/renters.txt
npc	job3_rune01	88	62	0	105	Dragon Breeder
npc	prontera	130	213	0	105	Riding Creature Master
npc	geffen	100	55	0	105	Riding Creature Master
npc	payon	166	102	0	105	Riding Creature Master
npc	aldebaran	133	109	0	105	Riding Creature Master
npc	yuno	171	187	0	105	Riding Creature Master
npc	rachel	106	130	0	105	Riding Creature Master
npc	prontera	125	208	0	105	Peco Peco Remover
npc	prontera	163	178	0	105	Mado Gear Armorer
npc	geffen	103	55	0	105	Mado Gear Armorer
npc	payon	166	106	0	105	Mado Gear Armorer
npc	aldebaran	133	112	0	105	Mado Gear Armorer
npc	yuno	167	187	0	105	Mado Gear Armorer
npc	rachel	106	134	0	105	Mado Gear Armorer
npc	dicastes01	187	207	0	105	Mado Gear Armorer
npc	manuk	273	212	0	105	Mado Gear Armorer
npc	splendide	180	174	0	105	Mado Gear Armorer
npc	mid_camp	242	243	0	105	Mado Gear Armorer
file	npc/re/merchants/rgsr_in.txt
npc	itemmall	14	50	0	831	Equipment Reform PR Agent
npc	lighthalzen	99	156	0	831	Equipment Reform PR Agent
npc	rgsr_in	135	186	0	883	Assistant
npc	rgsr_in	135	189	0	851	Assistant
npc	rgsr_in	137	187	0	893	Assistant
npc	rgsr_in	146	169	0	851	Assistant
npc	rgsr_in	146	167	0	851	Assistant
npc	rgsr_in	144	170	0	851	Assistant
npc	rgsr_in	106	167	0	851	Assistant
npc	rgsr_in	109	167	0	851	Assistant
npc	rgsr_in	146	178	0	851	Assistant
npc	rgsr_in	143	180	0	851	Assistant
npc	rgsr_in	128	174	0	57	Director
npc	rgsr_in	122	160	0	868	Exit Guard
npc	rgsr_in	129	160	0	868	Exit Guard
file	npc/re/merchants/shadow_refiner.txt
npc	itemmall	31	76	0	726	Shadow Blacksmith
file	npc/re/merchants/shopping_boards.txt
npc	alberta	119	65	0	857	Shopping Board
npc	aldebaran	146	120	0	857	Shopping Board
npc	comodo	206	153	0	857	Shopping Board
npc	geffen	130	68	0	857	Shopping Board
npc	izlude	127	116	0	857	Shopping Board
npc	morocc	166	109	0	857	Shopping Board
npc	payon	183	103	0	857	Shopping Board
npc	prontera	159	193	0	857	Shopping Board
npc	prontera	182	214	0	857	Shopping Board
npc	prontera	130	215	0	857	Shopping Board
npc	prontera	146	85	0	857	Shopping Board
npc	xmas	155	144	0	857	Shopping Board
npc	yuno	146	187	0	857	Shopping Board
file	npc/re/merchants/shops.txt
npc	alberta_in	176	81	1	900	Trading Merchant
npc	alberta_in	176	97	1	558	Advanced Potion Merchant
npc	alde_alche	38	184	1	755	Material Seller
npc	aldeba_in	99	56	1	558	Advanced Potion Merchant
npc	comodo	106	213	1	724	Tropic Fruit Dealer
npc	comodo	196	162	1	479	Harive
npc	dewata	218	164	1	536	Weapon Dealer
npc	dewata	182	164	1	536	Tool Dealer
npc	dewata	145	267	1	535	Fruit Gardener
npc	dewata	158	182	1	536	Armor Dealer
npc	einbroch	122	250	1	49	Black Marketeer
npc	que_ng	180	79	1	900	Johnny Waiker
npc	dic_in01	238	107	1	900	Peddler
npc	geffen_in	78	169	1	68	Advanced Potion Merchant
npc	izlude	124	165	1	53	Fruit Gardener
npc	izlude_a	124	165	0	53	Fruit Gardener
npc	izlude_b	124	165	0	53	Fruit Gardener
npc	izlude_c	124	165	0	53	Fruit Gardener
npc	izlude_d	124	165	0	53	Fruit Gardener
npc	izlude	160	186	1	54	Butcher
npc	izlude_a	160	186	0	54	Butcher
npc	izlude_b	160	186	0	54	Butcher
npc	izlude_c	160	186	0	54	Butcher
npc	izlude_d	160	186	0	54	Butcher
npc	izlude	128	158	1	90	Vendor from Milk Ranch
npc	izlude_a	128	158	0	90	Vendor from Milk Ranch
npc	izlude_b	128	158	0	90	Vendor from Milk Ranch
npc	izlude_c	128	158	0	90	Vendor from Milk Ranch
npc	izlude_d	128	158	0	90	Vendor from Milk Ranch
npc	izlude_in	57	110	1	47	Tool Dealer
npc	izlude_in	72	102	1	900	Trading Merchant
npc	izlude_in	59	113	1	558	Advanced Potion Merchant
npc	s_atelier	114	117	1	92	Part-Timer
npc	lighthalzen	337	240	1	66	Trap Specialist
npc	lhz_in03	181	17	1	49	Black Marketeer
npc	s_atelier	15	65	1	89	Part-Timer
npc	lhz_in02	105	21	1	91	Jeweler
npc	malangdo	232	163	1	560	Tool Dealer Myo
npc	mora	100	118	1	517	Tool Dealer
npc	mora	138	110	1	518	Mora Chef
npc	morocc	156	76	1	58	Butcher
npc	moc_ruins	91	128	1	93	Tool Dealer
npc	moc_ruins	114	63	1	99	Tool Dealer
npc	morocc	146	103	1	99	Tool Dealer
npc	morocc	151	241	1	93	Tool Dealer
npc	morocc	154	55	1	99	Jeweler
npc	morocc	171	103	1	85	Item Collector
npc	morocc	205	247	1	85	Item Collector
npc	morocc	140	90	1	99	Trader
npc	morocc	166	54	1	102	Jeweler
npc	morocc	34	68	1	93	Trader
npc	morocc	269	193	1	89	Trader
npc	morocc	256	191	1	93	Trader
npc	morocc	149	245	1	558	Advanced Potion Merchant
npc	morocc	170	84	1	558	Advanced Potion Merchant
npc	moc_ruins	110	105	1	102	Jeweler
npc	moc_ruins	52	85	1	99	Jeweler
npc	mid_camp	129	284	1	66	Trap Specialist
npc	mid_camp	184	263	1	49	Black Marketeer
npc	que_ng	72	31	1	83	Boonji
npc	que_ng	73	26	1	83	Boonray
npc	prontera	178	244	1	83	Amatsu Trader
npc	payon	123	109	1	66	Trap Specialist
npc	payon	157	96	1	558	Advanced Potion Merchant
npc	payon_in01	12	53	1	558	Advanced Potion Merchant
npc	payon_in02	85	38	1	558	Advanced Potion Merchant
npc	ma_in01	73	22	1	536	Weapon Dealer
npc	ma_in01	22	23	1	536	Tool Dealer
npc	malaya	150	261	1	535	Fruit Gardener
npc	ma_in01	67	13	1	536	Armor Dealer
npc	prt_in	109	68	1	66	Trap Specialist
npc	prt_in	175	137	1	49	Black Marketeer
npc	s_atelier	17	110	1	67	Part-Timer
npc	prontera	96	209	1	564	Rebellion Accessories
npc	prontera	92	209	1	564	Rebellion Weapons
npc	prt_in	129	68	1	558	Advanced Potion Merchant
npc	prt_in	117	79	1	715	Toy Dealer
npc	ra_in01	263	281	1	66	Trap Specialist
npc	ra_in01	257	266	1	49	Black Marketeer
npc	s_atelier	137	60	1	70	Part-Timer
npc	prontera	156	212	1	700	Chef Assistant
npc	moc_ruins	115	123	1	86	Chef Assistant
npc	geffen	196	111	1	85	Chef Assistant
npc	alberta	167	135	1	712	Chef Assistant
npc	payon	206	119	1	89	Chef Assistant
file	npc/re/merchants/socket_enchant2.txt
npc	morocc	270	159	0	86	Leablem
file	npc/re/merchants/te_merchant.txt
npc	te_prt_gld	114	153	1	125	TE Potion Merchant
npc	te_alde_gld	215	184	0	125	TE Potion Merchant
file	npc/re/merchants/ticket_refiner.txt
npc	prontera	184	177	0	851	Refine Master
file	npc/re/other/TrainingZone123.txt
npc	tra_fild01	204	110	0	105	Training Ground Warehouse Soldier
npc	tra_fild01	15	110	0	105	Training Ground Warehouse Soldier
npc	tra_fild01	113	32	0	105	Training Ground Warehouse Soldier
npc	tra_fild01	111	100	0	105	Training Ground Warehouse Soldier
npc	tra_fild02	204	110	0	105	Training Ground Warehouse Soldier
npc	tra_fild02	15	110	0	105	Training Ground Warehouse Soldier
npc	tra_fild02	113	32	0	105	Training Ground Warehouse Soldier
npc	tra_fild02	111	100	0	105	Training Ground Warehouse Soldier
npc	tra_fild03	204	110	0	105	Training Ground Warehouse Soldier
npc	tra_fild03	15	110	0	105	Training Ground Warehouse Soldier
npc	tra_fild03	113	32	0	105	Training Ground Warehouse Soldier
npc	tra_fild03	111	100	0	105	Training Ground Warehouse Soldier
npc	tra_fild01	122	75	0	761	Neighborhood Grandmother
npc	tra_fild01	34	102	0	554	Cat
npc	tra_fild01	34	120	0	881	Fress
npc	tra_fild01	128	142	0	747	Nine Oranges
npc	tra_fild01	97	64	0	819	Village
npc	tra_fild02	101	90	0	561	Jar Cat
npc	tra_fild02	166	46	0	716	Little One
npc	tra_fild02	129	93	0	670	Kekekekereurur
npc	tra_fild03	98	46	0	642	Lumberjack
npc	tra_fild03	53	140	0	10217	Dong
npc	tra_fild03	92	108	0	554	Cat
npc	tra_fild03	180	102	0	658	Coco
file	npc/re/other/adven_boards.txt
npc	cmd_fild08	326	357	0	837	Signpost
npc	cmd_fild08	341	84	0	837	Signposts
npc	gef_tower	55	142	0	837	Signposts
npc	glast_01	372	298	0	837	Signposts
npc	yuno_fild03	37	143	0	837	Signposts
npc	mjolnir_02	76	362	0	837	Signposts
npc	prt_fild01	139	369	0	837	Signposts
npc	mjolnir_12	40	18	0	837	Signposts
npc	moc_fild19	107	101	0	837	Signposts
npc	aldebaran	136	133	0	837	Signposts
npc	gef_fild10	69	340	0	837	Signposts
npc	jupe_cave	35	57	0	837	Signposts
npc	izlu2dun	111	87	0	837	Signposts
npc	xmas	147	311	0	837	Signposts
npc	alb2trea	75	101	0	837	Signposts
npc	comodo	327	177	0	837	Signposts
npc	comodo	31	217	0	837	Signposts
npc	comodo	178	354	0	837	Signposts
npc	pay_arche	39	134	0	837	Signposts
npc	moc_ruins	61	164	0	837	Signposts
npc	hu_fild05	188	210	0	837	Signpost
npc	einbech	142	250	0	837	Signpost
npc	ra_fild01	228	330	0	837	Signpost
npc	ve_fild03	172	239	0	837	Signpost
npc	odin_tem01	111	141	0	837	Signpost
npc	malangdo	77	238	0	837	Signpost
npc	gefenia01	61	173	0	837	Signpost
npc	gefenia02	120	108	0	837	Signpost
npc	gefenia03	131	201	0	837	Signpost
npc	gefenia04	130	95	0	837	Signpost
npc	nameless_n	259	213	0	837	Signpost
npc	lhz_cube	234	97	0	837	Signpost
npc	ra_temin	31	316	0	837	Signpost
npc	yuno_fild08	82	178	0	858	Signpost
npc	prt_fild05	278	220	0	837	Signpost
npc	tur_dun01	158	241	0	837	Signpost
npc	ama_dun01	233	14	0	837	Signpost
npc	gonryun	155	198	0	837	Signpost
npc	louyang	37	276	0	837	Signpost
npc	ayo_fild02	279	147	0	837	Signpost
npc	mosk_fild02	187	251	0	837	Signpost
npc	bra_dun01	208	109	0	837	Signpost
npc	dew_dun01	294	158	0	837	Signpost
npc	dew_fild01	51	61	0	837	Signpost
npc	dic_dun01	30	208	0	837	Signpost
npc	dic_fild01	27	83	0	837	Signpost
file	npc/re/other/clans.txt
npc	prontera	138	183	0	703	Clan Helper
npc	prt_in	33	114	0	10058	Raffam Oranpere
npc	prt_in	35	114	0	10059	Devon Aire
npc	prt_in	37	114	0	10060	Berman Aire
npc	prt_in	39	114	0	10027	Shaam Rumi
file	npc/re/other/dimensional_gap.txt
npc	mid_camp	207	290	0	852	Expedition Guide
npc	mid_camp	212	290	0	852	Expedition Guide
npc	moc_fild22b	225	198	0	707	Expedition Guide
npc	moc_fild22b	223	203	0	707	Expedition Guide
npc	bif_fild01	314	155	0	852	Expedition Guide
npc	bif_fild01	320	154	0	852	Expedition Guide
npc	dic_fild02	236	33	0	852	Expedition Guide
npc	dic_fild02	239	36	0	852	Expedition Guide
npc	dali	137	87	0	997	Allied Forces Soldier
npc	dali	122	60	0	707	Morocc Soldier
npc	dali	51	104	0	461	Spledide Soldier
npc	dali	56	126	0	449	Dispatched Sapha
npc	dali	109	94	1	496	Sundries Merchant
npc	dali	112	95	0	496	Logistics Manager
npc	dali	115	85	0	119	Party Leader
npc	dali	115	85	0	119	Party Leader
npc	dali	117	81	0	485	Party Member
npc	dali	117	79	0	745	Party Member
npc	dali	118	83	0	746	Party Member
npc	dali	119	76	0	482	Party Member
npc	dali	119	78	0	766	Party Member
npc	dali	120	77	0	484	Party Member
npc	dali	120	81	0	847	Party Member
npc	dali	102	83	0	900	Merchant Prince
npc	dali	105	82	0	430	Jumpy Knight
npc	dali	63	112	0	900	Merchant Prince
npc	dali	67	113	0	430	Jumpy Knight
npc	dali	89	97	0	900	Merchant Prince
npc	dali	89	94	0	430	Jumpy Knight
npc	dali02	58	123	0	418	Curious Knight
npc	dali02	51	112	0	939	Confused Thief
npc	dali02	65	115	0	516	Adventurous Rafflesia
npc	dali02	68	117	0	516	Guide
npc	dali02	65	119	0	516	Tourist
npc	dali02	69	122	0	516	Traveller
file	npc/re/other/item_merge.txt
npc	itemmall	35	75	0	64	Mergician
file	npc/re/other/kachua_key.txt
npc	sec_in02	126	178	0	10005	Kachua's Secret Box
file	npc/re/other/mail.txt
npc	izlude_a	136	94	0	888	Mailbox
npc	izlude_b	136	94	0	888	Mailbox
npc	izlude_c	136	94	0	888	Mailbox
npc	izlude_d	136	94	0	888	Mailbox
file	npc/re/other/mercenary_rent.txt
npc	izlude	47	170	0	734	Mercenary Manager
npc	izlude_a	47	170	0	734	Mercenary Manager
npc	izlude_b	47	170	0	734	Mercenary Manager
npc	izlude_c	47	170	0	734	Mercenary Manager
npc	izlude_d	47	170	0	734	Mercenary Manager
npc	izlude	55	170	0	893	Mercenary Merchant
npc	izlude_a	55	170	0	893	Mercenary Merchant
npc	izlude_b	55	170	0	893	Mercenary Merchant
npc	izlude_c	55	170	0	893	Mercenary Merchant
npc	izlude_d	55	170	0	893	Mercenary Merchant
file	npc/re/other/pvp.txt
npc	pvp_y_room	30	85	0	105	Fight Square Reception
npc	pvp_y_room	38	85	0	105	Fight Square Reception
npc	pvp_y_room	46	85	0	105	Fight Square Reception
npc	pvp_y_room	54	85	0	105	Fight Square Reception
npc	pvp_y_room	62	85	0	105	Fight Square Reception
npc	pvp_y_room	70	85	0	105	Fight Square Reception
npc	pvp_n_room	86	85	0	105	Fight Square Reception
file	npc/re/other/resetskill.txt
npc	izlude	127	175	0	124	Hypnotist
npc	izlude_a	127	175	0	124	Hypnotist
npc	izlude_b	127	175	0	124	Hypnotist
npc	izlude_c	127	175	0	124	Hypnotist
npc	izlude_d	127	175	0	124	Hypnotist
file	npc/re/other/stone_change.txt
npc	geffen_in	99	174	0	700	Ore Tester
file	npc/re/other/turbo_track.txt
npc	alde_gld	181	199	0	845	Mount Manager
file	npc/re/quests/HelpMeShorty.txt
npc	izlude	173	210	0	10172	Black Shadow
npc	izlude	173	210	0	10050	Mysterious Creature
npc	payon_in01	193	23	0	75	Chanmo
npc	payon_in01	190	24	0	10050	Shorty
npc	prt_fild10	318	191	0	558	Salty
npc	prt_fild10	315	189	0	10050	Shorty
npc	izlude	1	1	0	10050	Shorty
file	npc/re/quests/cooking_quest.txt
npc	prt_cas	324	200	0	878	Charles Orleans
npc	prt_cas	329	206	0	886	Madeleine Chu
npc	prt_cas	329	194	0	877	Child with Cat
npc	prt_cas	329	192	0	725	Wickebine
file	npc/re/quests/cupet.txt
npc	prontera	67	212	0	750	Cute Pet Manager
npc	prontera	242	92	0	750	Cute Pet Manager
npc	prontera	179	92	0	750	Cute Pet Manager
npc	geffen	180	125	0	750	Cute Pet Manager
npc	geffen	152	66	0	750	Cute Pet Manager
npc	geffen	197	95	0	750	Cute Pet Manager
npc	morocc	115	83	0	750	Cute Pet Manager
npc	morocc	218	130	0	750	Cute Pet Manager
npc	morocc	236	225	0	750	Cute Pet Manager
npc	payon	109	278	0	750	Cute Pet Manager
npc	payon	157	124	0	750	Cute Pet Manager
npc	payon	85	237	0	750	Cute Pet Manager
file	npc/re/quests/eden/11-25.txt
npc	moc_para01	36	38	0	857	Mission [11 - 25]
npc	moc_para01	32	30	0	914	Spike
file	npc/re/quests/eden/26-40.txt
npc	moc_para01	38	38	0	857	Mission [26 - 40]
npc	geffen	103	42	0	99	Sponiac
npc	moc_ruins	173	55	0	89	Dieshin Man
npc	pay_fild07	83	89	0	89	Zoologist
npc	prt_fild03	30	254	0	83	Entomologist
npc	xmas_fild01	92	57	0	97	Biologist
npc	payon	179	66	0	931	Dashia
file	npc/re/quests/eden/41-55.txt
npc	moc_para01	40	38	0	857	Mission [41 - 55]
file	npc/re/quests/eden/56-70.txt
npc	moc_para01	42	38	0	857	Mission [56 - 70]
file	npc/re/quests/eden/71-85.txt
npc	moc_para01	44	38	0	857	Mission [71 - 85]
file	npc/re/quests/eden/86-90.txt
npc	moc_para01	48	175	0	857	86-90 Mission Board
file	npc/re/quests/eden/91-99.txt
npc	moc_para01	48	177	0	857	91-99 Mission Board
file	npc/re/quests/eden/eden_100_111.txt
npc	moc_para01	37	95	0	629	Gelkah
npc	moc_para01	41	95	0	630	Rohtert
file	npc/re/quests/eden/eden_111_120.txt
npc	moc_para01	17	95	0	643	Mingmin
file	npc/re/quests/eden/eden_121_130.txt
npc	moc_para01	44	81	0	648	Melody-Jack
npc	moc_para01	17	77	0	646	Aigu
npc	thana_step	167	292	0	649	Trace of an adventurer
npc	ra_san05	265	69	0	649	Trace of an adventurer
npc	abbey02	155	290	0	649	Trace of an adventurer
npc	abyss_03	102	140	0	649	Trace of an adventurer
npc	tha_t06	126	128	0	738	Suspicious Monster
file	npc/re/quests/eden/eden_131_140.txt
npc	moc_para01	41	76	0	647	Ragi
file	npc/re/quests/eden/eden_common.txt
npc	moc_para01	27	35	0	952	Secretary Lime Evenor
npc	prontera	124	76	0	729	Eden Teleport Officer
npc	moc_ruins	68	164	0	729	Eden Teleport Officer
npc	geffen	132	66	0	729	Eden Teleport Officer
npc	alberta	124	67	0	729	Eden Teleport Officer
npc	aldebaran	133	119	0	729	Eden Teleport Officer
npc	izlude_in	68	162	0	729	Eden Teleport Officer
npc	prt_church	103	78	0	729	Eden Teleport Officer
npc	geffen_in	160	104	0	729	Eden Teleport Officer
npc	moc_prydb1	53	126	0	729	Eden Teleport Officer
npc	alberta_in	75	39	0	729	Eden Teleport Officer
npc	payon_in02	58	58	0	729	Eden Teleport Officer
npc	payon	177	111	0	729	Eden Teleport Officer
npc	que_ng	33	73	0	729	Eden Teleport Officer
npc	que_ng	144	161	0	729	Eden Teleport Officer
npc	yuno	144	189	0	729	Eden Teleport Officer
npc	rachel	125	144	0	729	Eden Teleport Officer
npc	comodo	202	151	0	729	Eden Teleport Officer
npc	hugel	93	153	0	729	Eden Teleport Officer
npc	veins	220	109	0	729	Eden Teleport Officer
npc	einbroch	250	211	0	729	Eden Teleport Officer
npc	lighthalzen	164	86	0	729	Eden Teleport Officer
npc	amatsu	100	145	0	729	Eden Teleport Officer
npc	ayothaya	221	191	0	729	Eden Teleport Officer
npc	louyang	224	107	0	729	Eden Teleport Officer
npc	gonryun	162	122	0	729	Eden Teleport Officer
npc	moscovia	209	197	0	729	Eden Teleport Officer
npc	brasilis	191	224	0	729	Eden Teleport Officer
npc	dewata	192	193	0	729	Eden Teleport Officer
npc	morocc	161	97	0	729	Eden Teleport Officer
npc	izlude	131	148	0	729	Eden Teleport Officer
npc	izlude_a	131	148	0	729	Eden Teleport Officer
npc	izlude_b	131	148	0	729	Eden Teleport Officer
npc	izlude_c	131	148	0	729	Eden Teleport Officer
npc	izlude_d	131	148	0	729	Eden Teleport Officer
npc	umbala	105	158	0	729	Eden Teleport Officer
npc	malaya	225	218	0	729	Eden Teleport Officer
npc	verus04	116	243	0	729	Eden Teleport Officer
npc	moc_para01	16	22	0	900	Old Adventurer
npc	moc_para01	182	48	0	886	Eden's Chief
npc	moc_para01	172	28	0	883	Eden's Intern
npc	moc_para01	20	35	0	814	Office Assistant Neede
file	npc/re/quests/eden/eden_iro.txt
npc	moc_para01	14	32	0	90	Aperture
npc	moc_para01	26	15	0	790	Primo d'Buffer
npc	moc_para01	53	30	0	470	Clearchus
npc	moc_para01	166	51	0	85	Phelix
npc	moc_para01	163	51	0	86	Izaac
npc	moc_para01	50	39	0	882	Eve Natalia
npc	moc_para01	48	184	0	562	Gum & Manual Exchanger
npc	moc_para01	13	22	0	882	Merry Badger
npc	moc_para01	41	169	0	749	Kafra Stacker
npc	moc_para01	38	162	0	405	Code the Redeemer
npc	moc_para01	32	171	1	115	Kafra Headgears
npc	moc_para01	35	174	1	114	Kafra Dye Shop
npc	moc_para01	37	170	1	112	Kafra Consumables
npc	moc_para01	32	174	1	721	Kafra Rental Items
npc	moc_para01	37	172	1	860	Kafra Costume
npc	moc_para01	35	168	1	113	Kafra Utility Shop
npc	moc_para01	14	185	0	826	Normalson
npc	moc_para01	26	185	0	85	Suhnmi
npc	moc_para01	38	185	0	826	Mighty Hammer
npc	moc_para01	33	162	0	899	Ripped Callus
npc	moc_para01	27	179	0	87	RWC Enchanter
npc	moc_para01	21	185	0	862	Alora
npc	moc_para01	33	185	0	862	Dinorah Lacostt
npc	moc_para01	29	35	0	866	Gramps
npc	moc_para01	174	33	0	1102	Bathory
npc	moc_para01	26	174	0	840	Grandma Boxter
npc	moc_para01	179	27	0	403	Dark Luhir
file	npc/re/quests/eden/eden_quests.txt
npc	moc_para01	25	35	0	469	Instructor Boya
npc	moc_fild11	180	253	0	972	Talking Dog
npc	prt_sewb1	131	262	0	422	Timid Cat
npc	pay_arche	41	136	0	904	Eden Member Karl
npc	anthell01	29	264	0	899	Eden Member Cloud
npc	in_orcs01	38	175	0	803	Eden Member Hooksha
npc	iz_dun04	43	46	0	745	Eden Member Callandiva
npc	moc_para01	112	96	0	967	Administrator Michael
npc	moc_para01	179	44	0	820	Chef
npc	moc_para01	23	35	0	468	Instructor Ur
npc	comodo	173	354	0	55	Dispatched Instructor
npc	um_fild01	34	280	0	55	Instructor Romeo
npc	glast_01	195	131	0	95	Dispatched Instructor
npc	ein_fild08	172	359	0	989	Dispatched Instructor
npc	ice_dun01	154	13	0	726	Dispatched Instructor
npc	mid_camp	212	229	0	893	Dispatched Instructor
npc	man_fild01	43	234	0	939	Dispatched Instructor
npc	spl_fild02	377	149	0	946	Dispatched Instructor
npc	moc_para01	111	83	0	813	Blacksmith Thorn
npc	moc_para01	112	79	0	851	Weapons Expert BK
npc	sec_in02	25	33	0	422	Assistant
file	npc/re/quests/eden/eden_tutorial.txt
npc	moc_para01	34	178	0	904	Tutorial Instructor
npc	moc_para01	32	179	0	895	Tutorial Goal
npc	moc_para01	24	175	0	734	Siege Master
npc	moc_para01	21	172	0	878	Party Recruiting Expert
npc	moc_para01	12	179	0	419	Battleground Master
npc	moc_para01	28	167	0	868	Memorial Dungeon Expert
npc	moc_para01	14	168	0	743	Map Expert
file	npc/re/quests/first_class/tu_archer.txt
npc	pay_fild08	40	83	0	95	Acolyte
npc	prt_cas	97	289	0	55	Minister
file	npc/re/quests/garden_of_time.txt
npc	xmas_fild01	158	246	0	10527	Dimensional barrier
npc	t_garden	111	36	0	10527	Dimensional Barrier
npc	for_dun01	100	146	0	10248	Spatial coordinate probe
npc	for_dun01	128	282	0	10248	Spatial coordinate probe
npc	for_dun01	55	142	0	10248	Spatial coordinate probe
npc	for_dun01	262	167	0	10248	Spatial coordinate probe
npc	for_dun01	204	67	0	10248	Spatial coordinate probe
npc	for_dun01	57	270	0	10248	Spatial coordinate probe
npc	for_dun01	65	34	0	10248	Spatial coordinate probe
npc	for_dun01	146	27	0	10248	Spatial coordinate probe
npc	for_dun01	154	139	0	10248	Spatial coordinate probe
npc	for_dun01	124	203	0	10248	Spatial coordinate probe
npc	for_dun01	267	265	0	10248	Spatial coordinate probe
npc	for_dun02	190	147	0	10248	Spatial coordinate probe
npc	for_dun02	143	149	0	10248	Spatial coordinate probe
npc	for_dun02	276	29	0	10248	Spatial coordinate probe
npc	for_dun02	106	34	0	10248	Spatial coordinate probe
npc	for_dun02	216	271	0	10248	Spatial coordinate probe
npc	for_dun02	64	268	0	10248	Spatial coordinate probe
npc	for_dun02	18	170	0	10248	Spatial coordinate probe
npc	for_dun02	16	92	0	10248	Spatial coordinate probe
npc	for_dun02	29	52	0	10248	Spatial coordinate probe
npc	for_dun02	276	255	0	10248	Spatial coordinate probe
npc	for_dun02	283	197	0	10248	Spatial coordinate probe
npc	t_garden	115	139	0	10368	Leticia
npc	t_garden	156	222	0	10375	Functional Vending Machine
npc	t_garden	97	138	0	10375	Functional Vending Machine
npc	t_garden	91	116	0	10375	Functional Vending Machine
npc	t_garden	144	116	0	10375	Functional Vending Machine
file	npc/re/quests/homun_s.txt
npc	job3_gen01	12	44	0	542	Viorel
npc	que_house_s	24	47	0	542	Viorel
npc	que_house_s	80	42	0	558	Jeyna
npc	que_house_s	83	47	0	857	Magic Board
npc	que_house_s	24	46	0	6002	Jonathan
file	npc/re/quests/illusion_investigation.txt
npc	prt_in	136	34	0	59	Commander Joel
npc	prt_in	136	29	0	895	Member Zenhi
npc	prt_in	121	36	0	893	Member Zenian
npc	prt_in	124	21	0	537	Member link
npc	pay_d03_i	149	34	0	89	Girocker
npc	ice_dun02	142	18	0	864	Elysia
npc	gef_d01_i	122	237	0	102	Radimir
npc	ein_d02_i	161	180	0	700	Machoko
npc	tur_d03_i	125	186	0	870	Orian
npc	ant_d02_i	167	184	0	106	Sheshin
npc	com_d02_i	253	232	0	907	Cassis
npc	prt_mz03_i	97	31	0	98	Terrian
npc	iz_d04_i	127	224	0	90	Lister
file	npc/re/quests/juno_monster_society.txt
npc	rachel	142	155	0	10375	Carbonated Water Vending Machine
npc	prontera	170	125	0	10375	Carbonated Water Vending Machine
npc	alberta	127	59	0	10375	Carbonated Water Vending Machine
npc	einbroch	249	186	0	10375	Carbonated Water Vending Machine
npc	geffen	153	70	0	10375	Carbonated Water Vending Machine
npc	yuno	177	182	0	10375	Carbonated Water Vending Machine
npc	veins	218	122	0	10375	Carbonated Water Vending Machine
npc	lighthalzen	173	108	0	10375	Carbonated Water Vending Machine
npc	rachel	142	152	0	415	Assistant Mumuz
npc	alberta	124	59	0	415	Assistant Dunea
npc	einbroch	246	186	0	415	Assistant Remain
npc	geffen	151	68	0	415	Assistant Kihana
npc	yuno	177	179	0	415	Assistant Avery
npc	veins	215	122	0	415	Assistant Eureka
npc	lighthalzen	171	106	0	415	Assistant Staff
npc	prontera	168	125	0	415	Assistant Alonzo
npc	ein_fild06	257	351	0	815	Map Examiner Bast
npc	gef_fild06	209	31	0	929	Map Examiner Gefil
npc	lhz_fild01	240	107	0	896	Map Examiner Lipiri
npc	mal_dun01	141	126	0	644	Map Examiner Mother One
npc	hu_fild01	133	157	0	571	Map Examiner Huf
npc	tur_dun01	159	46	0	476	Map Examiner Tural
npc	ein_fild03	135	46	0	65	Map Examiner Tailing
npc	lhz_fild03	167	344	0	728	Map Examiner Modaka
npc	tur_dun02	151	256	0	637	Map Examiner Tidun
npc	tur_dun03	125	186	0	567	Map Examiner Tsensor
npc	ra_fild12	50	219	0	725	Map Examiner Chakari
npc	ice_dun01	161	13	0	700	Map Examiner Dove
npc	ra_fild08	163	47	0	93	Map Examiner Lucia
npc	ra_fild04	274	69	0	707	Map Examiner Sukumari
npc	ve_fild07	158	354	0	122	Map Examiner Shevko
npc	ra_fild03	368	183	0	707	Map Examiner Lauren
npc	ra_fild05	48	356	0	707	Map Examiner Valenzela
npc	ra_fild01	224	319	0	707	Map Examiner Ciara
npc	ve_fild01	354	280	0	95	Map Examiner Yirun Seo
npc	ve_fild04	52	242	0	707	Map Examiner Rana
npc	ra_fild06	292	39	0	707	Map Examiner Kantu
npc	ve_fild03	348	230	0	707	Map Examiner Dew
file	npc/re/quests/magic_books.txt
npc	geffen_in	176	105	0	64	Master Velofos
npc	geffen_in	175	112	0	123	Lea
npc	mid_camp	255	244	0	735	Galfos
file	npc/re/quests/monstertamers.txt
npc	izlude_in	55	105	0	125	Monster Tamer
file	npc/re/quests/mrsmile.txt
npc	izlude	125	175	0	92	Smile Assistance
npc	izlude_a	125	175	0	92	Smile Assistance
npc	izlude_b	125	175	0	92	Smile Assistance
npc	izlude_c	125	175	0	92	Smile Assistance
npc	izlude_d	125	175	0	92	Smile Assistance
npc	morocc	159	107	0	92	Smile Assistance
file	npc/re/quests/newgears/2010_headgears.txt
npc	gonryun	149	189	0	50	Yotang
npc	lhz_in02	276	281	0	748	Drunken Man
npc	comodo	236	164	0	69	Hat Girl
npc	alberta	151	78	0	96	Bebete
npc	gef_fild07	108	161	0	1012	Roda Frog
npc	alberta	120	206	0	787	Alonie
file	npc/re/quests/newgears/2012_headgears.txt
npc	moc_para01	41	169	0	64	Reno
file	npc/re/quests/ninja_quests.txt
npc	que_ng	21	72	0	934	Master Armor Craftsman
npc	que_ng	23	70	0	939	Master Weapon Craftsman
file	npc/re/quests/pile_bunker.txt
npc	yuno	179	174	0	851	Gomer
file	npc/re/quests/quest_payon.txt
npc	payon_in01	46	21	0	89	Young man
file	npc/re/quests/quests_13_1.txt
npc	izlude	102	171	0	100	Promotional Staff
npc	izlude_a	102	171	0	100	Promotional Staff
npc	izlude_b	102	171	0	100	Promotional Staff
npc	izlude_c	102	171	0	100	Promotional Staff
npc	izlude_d	102	171	0	100	Promotional Staff
npc	prt_cas	19	98	0	752	Alliance Manager
npc	prt_cas	23	104	0	754	Member of Alliance
npc	prt_cas	207	165	0	109	Recruiter for the Brave
npc	prt_cas	108	265	0	57	Laur
npc	mid_camp	266	263	0	931	Diego
file	npc/re/quests/quests_14_3.txt
npc	moro_vol	91	105	0	10007	Eclage Teleporter
npc	ecl_in01	38	98	0	10007	Interdimensional Device
npc	ecl_in01	40	96	0	447	Eclage Guard
npc	ecl_in01	44	99	0	461	Combat Laphine
npc	ecl_in01	46	99	0	461	Combat Laphine
npc	ecl_in01	48	99	0	461	Combat Laphine
npc	ecl_in01	44	97	0	462	Combat Laphine
npc	ecl_in01	46	97	0	462	Combat Laphine
npc	ecl_in01	48	97	0	462	Combat Laphine
npc	ecl_in01	46	102	0	447	Commander Laphine
npc	ecl_in01	37	90	0	611	Magic Scholar Lemony
npc	ecl_in01	35	89	0	620	Magic Scholar Armandi
file	npc/re/quests/quests_14_3_bis.txt
npc	moro_vol	94	110	0	510	Guardian Nidhogg
npc	moro_vol	97	110	0	512	Loki
npc	moro_vol	98	107	0	618	Magic Scholar
npc	moro_vol	95	108	0	623	Hishieh
npc	moro_vol	108	88	0	459	Commander Hibba Agip
npc	moro_vol	110	90	0	755	Adjutant Abidal
npc	moro_vol	111	87	0	751	Instructor Igrid
npc	moro_vol	136	84	0	451	Jeruth Hesranta
npc	moro_vol	88	107	0	440	Magic Scholar Dophe
npc	moro_vol	87	104	0	446	Magic Scholar Konpana
npc	moro_vol	88	102	0	444	Magic Scholar Makia
npc	moro_vol	104	109	0	447	Combat Laphine
npc	moro_vol	106	109	0	447	Combat Laphine
npc	moro_vol	108	109	0	447	Combat Laphine
npc	moro_vol	104	107	0	447	Combat Laphine
npc	moro_vol	106	107	0	447	Combat Laphine
npc	moro_vol	108	107	0	447	Combat Laphine
npc	moro_vol	104	105	0	447	Combat Laphine
npc	moro_vol	106	105	0	447	Combat Laphine
npc	moro_vol	108	105	0	447	Combat Laphine
npc	moro_vol	106	111	0	447	Battle Commander
npc	moro_vol	101	102	0	611	Laphine Magician
npc	moro_vol	103	102	0	520	Laphine Magician
npc	moro_vol	105	102	0	446	Laphine Magician
npc	moro_vol	107	102	0	440	Laphine Magician
npc	moro_vol	109	102	0	446	Laphine Magician
npc	moro_vol	93	128	0	461	Combat Laphine
npc	moro_vol	96	130	0	461	Combat Laphine
npc	moro_vol	99	131	0	461	Combat Laphine
npc	moro_vol	102	132	0	447	Combat Laphine
npc	moro_vol	105	132	0	462	Combat Laphine
npc	moro_vol	108	131	0	461	Combat Laphine
npc	moro_vol	111	129	0	447	Combat Laphine
npc	moro_vol	85	117	0	462	Combat Laphine
npc	moro_vol	89	118	0	447	Combat Laphine
npc	moro_vol	92	119	0	447	Combat Laphine
npc	moro_vol	96	119	0	461	Combat Laphine
npc	moro_vol	100	117	0	447	Combat Laphine
npc	moro_vol	107	118	0	462	Combat Laphine
npc	moro_vol	114	114	0	461	Combat Laphine
npc	moro_vol	103	118	0	462	Combat Laphine
npc	moro_vol	110	117	0	461	Combat Laphine
npc	moro_vol	104	86	0	748	Ryoson
npc	moro_vol	101	87	0	468	Rune-Midgarts Knight
npc	moro_vol	101	85	0	469	Rune-Midgarts Knight
npc	moro_vol	103	83	0	470	Rune-Midgarts Knight
npc	moro_vol	110	83	0	868	Hugh
npc	moro_vol	108	81	0	852	Schwarzwald Elite
npc	moro_vol	111	80	0	852	Schwarzwald Elite
npc	moro_vol	113	81	0	852	Schwarzwald Elite
npc	moro_vol	118	86	0	931	Henjinne
npc	moro_vol	116	84	0	935	Arunafeltz Crusader
npc	moro_vol	118	83	0	917	Arunafeltz Crusader
npc	moro_vol	121	84	0	920	Arunafeltz Crusader
npc	moro_vol	119	106	0	405	Instructor Jakken
npc	moro_vol	117	104	0	707	Midgard Alliance Soldier
npc	moro_vol	117	102	0	707	Midgard Alliance Soldier
npc	moro_vol	117	100	0	707	Midgard Alliance Soldier
npc	moro_vol	117	98	0	707	Midgard Alliance Soldier
npc	moro_vol	119	104	0	852	Midgard Alliance Soldier
npc	moro_vol	119	102	0	852	Midgard Alliance Soldier
npc	moro_vol	119	100	0	868	Midgard Alliance Soldier
npc	moro_vol	119	98	0	868	Midgard Alliance Soldier
npc	moro_vol	121	104	0	934	Midgard Alliance Soldier
npc	moro_vol	121	102	0	934	Midgard Alliance Soldier
npc	moro_vol	121	100	0	939	Midgard Alliance Soldier
npc	moro_vol	121	98	0	939	Midgard Alliance Soldier
npc	moro_vol	105	97	0	884	Expedition Assassin
npc	moro_vol	103	96	0	885	Expedition Assassin
npc	moro_vol	105	95	0	10002	Expedition Assassin
npc	moro_vol	114	128	0	997	Continental Guard
npc	moro_vol	119	130	0	998	Continental Guard
npc	moro_vol	122	130	0	997	Continental Guard
npc	moro_vol	125	129	0	997	Continental Guard
npc	moro_vol	127	127	0	998	Continental Guard
npc	moro_vol	135	123	0	753	Midgard Alliance Soldier
npc	moro_vol	139	124	0	745	Midgard Alliance Soldier
npc	moro_vol	143	124	0	735	Midgard Alliance Soldier
npc	moro_vol	147	124	0	707	Midgard Alliance Soldier
npc	moro_vol	150	121	0	707	Midgard Alliance Soldier
npc	moro_vol	151	119	0	852	Midgard Alliance Soldier
npc	moro_vol	153	116	0	852	Midgard Alliance Soldier
npc	moro_vol	118	115	0	735	Midgard Alliance Soldier
npc	moro_vol	121	115	0	852	Midgard Alliance Soldier
npc	moro_vol	124	116	0	852	Midgard Alliance Soldier
npc	moro_vol	128	116	0	852	Midgard Alliance Soldier
npc	moro_vol	131	115	0	934	Midgard Alliance Soldier
npc	moro_vol	133	113	0	939	Midgard Alliance Soldier
npc	moro_vol	136	111	0	934	Midgard Alliance Soldier
npc	moro_vol	138	108	0	939	Midgard Alliance Soldier
npc	moro_vol	134	83	0	451	Jeruth Vehanus
npc	moro_vol	138	84	0	453	Adjutant Tiera
npc	moro_vol	134	87	0	450	Advance Captain Avaranc
npc	moro_vol	131	86	0	492	Dicastes Garten
npc	moro_vol	138	87	0	492	Dicastes Garten
npc	moro_vol	140	97	0	492	Dicastes Elite
npc	moro_vol	143	97	0	492	Dicastes Elite
npc	moro_vol	146	97	0	492	Dicastes Elite
npc	moro_vol	140	94	0	450	Dicastes Elite
npc	moro_vol	143	94	0	450	Dicastes Elite
npc	moro_vol	146	94	0	450	Dicastes Elite
npc	moro_vol	150	86	0	492	Dicastes Elite
npc	moro_vol	153	86	0	492	Dicastes Elite
npc	moro_vol	156	86	0	492	Dicastes Elite
npc	moro_vol	150	83	0	450	Dicastes Elite
npc	moro_vol	153	83	0	450	Dicastes Elite
npc	moro_vol	156	83	0	450	Dicastes Elite
npc	moro_vol	139	104	0	492	Manuk Defender
npc	moro_vol	143	106	0	492	Manuk Defender
npc	moro_vol	147	108	0	492	Manuk Defender
npc	moro_vol	152	109	0	492	Manuk Defender
npc	moro_vol	156	110	0	492	Manuk Defender
npc	moro_vol	160	110	0	492	Manuk Defender
npc	moro_vol	164	109	0	492	Manuk Defender
npc	moro_vol	167	107	0	492	Manuk Defender
npc	moro_vol	169	104	0	492	Manuk Defender
npc	moro_vol	171	100	0	492	Manuk Defender
npc	moro_vol	172	95	0	492	Manuk Defender
npc	moro_vol	173	89	0	492	Manuk Defender
npc	morocc	138	238	0	849	Piled Rags
npc	moc_ruins	106	140	0	10027	Tamarin
npc	dali	112	69	0	10027	Tamarin
npc	dali02	90	62	0	557	Sand Mound
npc	moro_vol	137	136	0	557	Sand Mound
npc	moro_vol	132	140	0	10027	Tamarin
npc	moro_vol	142	131	0	883	Barget Tiblack
npc	moro_vol	198	179	0	10027	Tamarin
npc	moro_vol	105	71	0	405	Instructor Rugen
npc	moro_vol	104	70	0	887	Intoxicated Patient
npc	moro_vol	101	72	0	585	Patient
npc	moro_vol	101	74	0	441	Patient
npc	moro_vol	103	71	0	584	Patient
npc	moro_vol	106	69	0	585	Patient
npc	moro_vol	95	96	1	553	Tool Merchant
npc	moro_vol	86	167	0	415	Advance Base Defender
npc	moro_vol	93	166	0	414	Advance Base Defender
npc	moro_vol	100	165	0	413	Advance Base Defender
npc	moro_vol	107	164	0	419	Advance Base Defender
npc	moro_vol	114	162	0	420	Advance Base Defender
npc	moro_vol	121	160	0	418	Advance Base Defender
npc	moro_vol	128	158	0	415	Advance Base Defender
npc	moro_vol	135	155	0	414	Advance Base Defender
npc	moro_vol	142	152	0	413	Advance Base Defender
npc	moro_vol	149	148	0	419	Advance Base Defender
npc	moro_vol	156	144	0	420	Advance Base Defender
npc	moro_vol	162	137	0	418	Advance Base Defender
npc	moro_vol	168	130	0	415	Advance Base Defender
npc	moro_vol	174	123	0	414	Advance Base Defender
npc	moro_vol	178	116	0	413	Advance Base Defender
npc	moro_vol	182	109	0	419	Advance Base Defender
npc	moro_vol	185	102	0	420	Advance Base Defender
npc	moro_vol	187	95	0	418	Advance Base Defender
npc	moro_vol	189	88	0	415	Advance Base Defender
npc	moro_vol	191	81	0	414	Advance Base Defender
npc	moro_vol	131	103	0	419	Base Investigator
npc	moro_vol	234	301	0	413	Scout
npc	moro_vol	91	197	0	10021	Doom Prayers Leader
npc	moro_vol	95	195	0	10022	Doom Prayers Second-in-command
npc	moro_vol	100	183	0	417	Base Sentry
npc	moro_vol	102	188	0	417	Base Sentry
npc	moro_vol	104	193	0	417	Base Sentry
npc	moro_vol	95	182	0	417	Base Sentry
npc	moro_vol	90	181	0	417	Base Sentry
npc	moro_vol	85	196	0	10023	Doom Prayer
npc	moro_vol	87	193	0	10023	Doom Prayer
npc	moro_vol	90	191	0	10023	Doom Prayer
npc	moro_vol	93	189	0	10023	Doom Prayer
npc	moro_vol	83	193	0	10023	Doom Prayer
npc	moro_vol	86	190	0	10023	Doom Prayer
npc	moro_vol	89	188	0	10023	Doom Prayer
npc	moro_vol	93	185	0	10023	Doom Prayer
npc	moro_vol	81	197	0	10023	Doom Prayer
npc	moro_vol	84	201	0	10023	Doom Prayer
npc	moro_vol	97	187	0	10023	Doom Prayer
npc	moro_vol	82	189	0	10023	Doom Prayer
npc	moro_vol	1	3	0	614	Perishing Blessing Assistant
file	npc/re/quests/quests_15_1.txt
npc	prontera	121	77	0	831	Phantasmagorika Spokesperson
npc	morocc	208	287	0	831	Phantasmagorika Spokesperson
npc	payon	174	113	0	831	Phantasmagorika Spokesperson
npc	geffen	135	64	0	831	Phantasmagorika Spokesperson
npc	alberta	119	65	0	831	Phantasmagorika Spokesperson
npc	moc_para01	38	175	0	952	Secretary Lime Evenor
npc	moc_para01	174	165	0	952	Lime Evenor
npc	moc_para01	172	164	0	10057	Archaeologist Aures
npc	moc_para01	178	167	0	953	Luke Lapez
npc	ver_eju	114	40	0	868	Manager Michelle
npc	verus04	182	168	0	893	Receptionist Nara
npc	verus04	179	165	0	868	Commander Louis
npc	verus04	176	161	0	641	Healer Miyo
npc	verus04	141	193	0	10057	Archaeologist Aures
npc	verus04	144	193	0	10056	Ian Atnad
npc	verus03	129	21	0	51	Wandering Bard
npc	verus04	133	212	0	119	Police Chief Kesler
npc	verus03	36	113	0	118	Police Officer Salgran
npc	verus03	116	36	0	748	Police Officer Gerev
npc	verus03	81	241	0	89	Police Officer Seiden
npc	verus03	127	36	0	550	???
npc	verus03	119	17	0	550	???
npc	verus03	163	33	0	550	???
npc	verus03	207	47	0	550	???
npc	verus03	225	245	0	550	???
npc	verus03	169	181	0	550	???
npc	verus03	122	139	0	550	???
npc	verus03	80	230	0	550	???
npc	verus03	42	105	0	550	???
npc	verus03	99	235	0	550	???
npc	verus03	81	207	0	550	???
npc	verus03	226	243	0	550	???
npc	verus03	148	144	0	550	???
npc	verus03	74	44	0	550	???
npc	verus03	20	54	0	550	???
npc	verus03	74	212	0	550	???
npc	verus03	42	47	0	550	???
npc	verus03	80	195	0	550	???
npc	verus03	134	72	0	550	???
npc	verus03	45	45	0	550	???
npc	verus03	115	235	0	550	???
npc	verus03	76	194	0	550	???
npc	verus03	166	32	0	550	???
npc	verus03	121	42	0	550	???
npc	verus03	141	36	0	550	???
npc	verus04	202	258	0	755	Police Officer Piffs
npc	verus04	187	219	0	527	Thicket
npc	verus04	167	206	0	527	Thicket
npc	verus04	198	198	0	527	Thicket
npc	verus04	143	205	0	527	Thicket
npc	verus04	125	265	0	527	Thicket
npc	verus04	92	203	0	527	Thicket
npc	verus04	97	204	0	527	Thicket
npc	verus04	85	189	0	527	Thicket
npc	verus04	64	191	0	527	Thicket
npc	verus04	55	185	0	527	Thicket
npc	verus04	42	185	0	527	Thicket
npc	verus04	29	189	0	527	Thicket
npc	verus04	40	223	0	527	Thicket
npc	verus04	32	240	0	527	Thicket
npc	verus04	27	243	0	527	Thicket
npc	verus04	34	248	0	527	Thicket
npc	verus04	52	251	0	527	Thicket
npc	verus04	72	247	0	527	Thicket
npc	verus04	75	243	0	527	Thicket
npc	verus04	81	252	0	527	Thicket
npc	verus03	107	177	0	953	Luke Lapez
npc	verus03	103	177	0	421	Machinist Lloyd
npc	verus03	127	145	0	10042	Machine Remnant
npc	verus03	84	152	0	10042	Machine Remnant
npc	verus03	104	181	0	10042	Machine Remnant
npc	verus03	204	202	0	10042	Machine Remnant
npc	verus03	219	199	0	10042	Machine Remnant
npc	verus03	260	194	0	10042	Machine Remnant
npc	verus03	198	181	0	10042	Machine Remnant
npc	verus03	207	115	0	10042	Machine Remnant
npc	verus03	54	78	0	10042	Machine Remnant
npc	verus03	24	74	0	10042	Machine Remnant
npc	verus03	41	121	0	10042	Machine Remnant
npc	verus03	62	120	0	10042	Machine Remnant
npc	verus03	44	195	0	10042	Machine Remnant
npc	verus03	124	61	0	10042	Machine Remnant
npc	verus03	168	229	0	10042	Machine Remnant
npc	ver_eju	116	43	0	677	Rekenber Mercenary
npc	ver_eju	125	40	0	671	Rekenber Mercenary
npc	ver_eju	117	35	0	676	Rekenber Mercenary
npc	ver_eju	15	151	0	868	Rekenber Guard
npc	juperos_01	48	243	0	868	Rekenber Guard
npc	juperos_01	242	91	0	868	Rekenber Guard
npc	yuno_fild07	211	179	0	868	Excavator Guide
npc	verus04	194	165	0	868	Rekenber Guard
npc	verus04	203	171	0	868	Rekenber Guard
npc	verus04	171	267	0	867	Rekenber Guard
npc	verus04	218	217	0	897	Geologist
npc	verus04	217	216	0	898	Student
npc	verus04	50	193	0	900	Scholar
npc	verus04	127	243	0	715	Pierrot
npc	verus04	180	209	0	898	Excavator
npc	verus04	121	188	0	898	Excavator
npc	verus04	83	131	0	898	Excavator
npc	verus04	16	166	0	898	Excavator
npc	verus04	118	159	0	898	Excavator
npc	verus04	50	197	0	898	Excavator
npc	verus04	31	236	0	898	Excavator
npc	verus04	133	267	0	898	Excavator
npc	verus04	91	252	0	993	Archaeologist
npc	verus04	89	251	0	693	Historian
npc	verus04	91	248	0	690	New Excavator
npc	verus04	94	251	0	10003	Civilization Researcher
npc	verus04	94	248	0	755	Scientist
npc	verus04	153	193	0	879	Merchant
npc	verus04	155	197	0	870	Adventurer ?
npc	verus04	150	193	0	849	Adventurer
npc	verus04	102	246	0	930	Adventurer
npc	verus04	16	157	0	928	Adventurer
npc	verus04	104	120	0	889	Cow
npc	verus04	111	215	0	919	Adventurer
npc	verus04	111	211	0	906	Adventurer
npc	verus04	113	235	0	875	Adventurer
npc	verus04	124	220	0	900	Adventurer
npc	verus04	135	213	0	857	Sign
npc	verus04	204	260	0	857	Sign
npc	verus03	83	241	0	857	Sign
npc	verus03	38	114	0	857	Sign
npc	verus03	116	39	0	857	Sign
npc	verus04	96	195	0	554	Adventurer Cat
npc	verus04	96	194	0	554	Adventurer Cat
npc	verus04	96	193	0	554	Adventurer Cat
npc	verus04	96	192	0	554	Adventurer Cat
npc	yuno_fild07	218	154	0	937	Adventurer
npc	yuno_fild07	218	159	0	907	Adventurer
npc	yuno_fild07	221	157	0	819	Adventurer
npc	yuno_fild07	221	155	0	749	Adventurer
npc	yuno_fild07	217	155	0	747	Adventurer
npc	yuno_fild07	225	166	0	553	Merchant
npc	yuno_fild07	225	144	0	59	Adventurer
npc	yuno_fild07	217	149	0	726	Adventurer
npc	yuno_fild07	224	152	0	881	Adventurer
npc	yuno_fild07	216	157	0	831	Guide Elisha
npc	verus04	115	221	0	849	Fallen Man
npc	yuno_fild07	216	157	0	831	Guide Elisha
npc	lhz_in01	75	209	0	865	Leitner
npc	verus04	119	220	0	125	Guide Scarlet
npc	verus04	117	219	0	615	Alph
npc	verus04	115	220	0	628	Du
npc	verus04	117	220	0	612	Maggi
npc	verus04	115	221	0	616	Mark
npc	verus04	116	219	0	10027	Tamarin
npc	verus03	46	23	0	628	Du
npc	verus03	88	237	0	616	Mark
npc	verus03	51	256	0	10027	Tamarin
npc	verus03	35	254	0	612	Maggi
npc	verus04	144	239	1	536	Tool Merchant
npc	morocc	54	190	0	755	Reward Coordinator
npc	morocc	43	191	0	857	Announcement
npc	morocc	52	197	0	564	Contribution Certificate Vending Machine
file	npc/re/quests/quests_15_2.txt
npc	moc_para01	133	170	0	951	Commander Arquien
npc	lhz_in01	277	234	0	868	Rekenber Guard
npc	lhz_in01	275	251	0	953	Luke Lapez
npc	lhz_in01	270	257	0	10085	Rekenber Chairman
npc	lhz_in01	267	257	0	10084	Chief Secretary
npc	lhz_in01	272	255	0	10056	Ian Atnad
npc	lhz_in01	267	255	0	10057	Aures
npc	lhz_in01	272	251	0	951	Commander Arquien
npc	verus01	221	65	0	628	Du
npc	verus01	151	173	0	10079	Fruit
npc	un_bunker	100	96	0	616	Mark
npc	un_bunker	363	171	0	615	Alph
npc	un_bunker	388	86	0	615	Alph
npc	un_myst	27	208	0	10078	Verity
npc	un_myst	100	190	0	628	Du
npc	un_myst	333	206	0	10082	Weird piece
npc	un_myst	182	137	0	10082	Weird piece
npc	un_myst	214	86	0	10082	Weird piece
npc	un_myst	209	42	0	10027	Tamarin
npc	verus01	123	181	0	10078	Verity
npc	verus03	167	257	0	868	Access Controller Damhw
npc	verus03	172	257	0	868	Access Controller Gyuhw
npc	verus03	52	250	0	868	Access Controller Geuma
npc	verus03	55	245	0	121	Rekenber Scholar
npc	verus03	55	243	0	851	Rekenber technician
npc	verus03	59	250	0	742	Coral Excavation team C
npc	verus03	61	250	0	750	Coral Excavation team C
npc	verus02	79	31	0	893	Krotzel
npc	verus02	134	169	0	702	Photo Journalist
npc	verus01	41	103	0	52	Exhausted Journalist
npc	verus01	172	146	0	896	Lame Journalist
npc	un_bunker	382	335	0	10043	Box
npc	un_bunker	87	167	0	10043	Under desk
npc	un_bunker	316	243	0	10043	Under desk
npc	un_bunker	103	175	0	10043	Under desk
npc	un_bunker	50	292	0	10043	Machine Remains
npc	un_bunker	57	314	0	10043	Machine Remains
npc	un_bunker	128	314	0	10043	Machine Remains
npc	un_bunker	143	308	0	10043	Machine Remains
npc	un_bunker	147	287	0	10043	Machine Remains
npc	un_bunker	245	360	0	10043	Thicket
npc	un_bunker	286	348	0	10043	Thicket
npc	un_bunker	331	375	0	10043	Thicket
npc	un_bunker	321	305	0	10043	Organized food tray
npc	un_bunker	287	304	0	10043	Organized food tray
npc	un_bunker	288	263	0	10043	Document pile
npc	un_bunker	280	243	0	10043	Document pile
npc	verus02	60	30	0	10043	Strewn paper
npc	verus02	178	32	0	10043	Strewn paper
npc	verus02	102	135	0	10043	Strewn paper
npc	verus02	42	37	0	10043	Strewn paper
npc	verus02	155	64	0	10043	Strewn paper
npc	verus02	80	129	0	10043	Strewn paper
npc	verus02	29	129	0	10043	Strewn paper
npc	verus02	125	85	0	10043	Strewn paper
npc	verus02	51	237	0	10043	Strewn paper
npc	verus02	160	150	0	10043	Strewn paper
npc	verus04	172	149	0	951	Commander Arquien
npc	un_bk_q	103	147	0	750	Bunker Sayhu
npc	un_bk_q	93	168	0	10078	Dr.Fresa
npc	un_bk_q	213	303	0	98	Bioengineer Touring
npc	un_bk_q	82	323	0	851	Mechanician Al
npc	un_bk_q	347	217	0	855	Facilities manager Remodeling
npc	un_bk_q	86	121	0	749	Chemical Substance Specialist Karsten
npc	un_bk_q	56	286	0	851	Mechanician Mugeosi
npc	un_bk_q	212	294	0	854	Zone C-0 Facilities man
npc	un_bk_q	223	217	0	854	Zone F-1 Facilities man
npc	un_bk_q	372	217	0	854	Zone F-2 Facilities man
npc	un_bk_q	389	276	0	854	Zone I-0 Facilities man
npc	un_bk_q	291	158	0	854	Zone Z-0 Facilities man
npc	un_bk_q	220	350	0	83	Bioengineer Ebrik
npc	un_bk_q	276	243	0	478	Nurse Lapplad
npc	un_bk_q	286	254	0	887	Patient
npc	un_bk_q	296	252	0	457	Patient
npc	un_bk_q	316	231	0	849	Patient
npc	un_bk_q	281	226	0	584	Patient
npc	un_bk_q	320	249	0	585	Patient
npc	un_bk_q	306	233	0	849	Patient
npc	un_bk_q	310	261	0	887	Patient
npc	un_bk_q	279	294	0	869	Transportation Executive Ernon
npc	un_bk_q	72	53	0	778	Distribution Chief Avrandi
npc	un_bk_q	22	279	0	858	Machine Warehouse
npc	un_bk_q	22	259	0	858	L-1 Zone
npc	un_bk_q	25	193	0	858	J-0 Zone
npc	un_bk_q	58	185	0	858	Control room
npc	un_bk_q	58	171	0	858	b_Monitoring room
npc	un_bk_q	49	137	0	858	B-1 Warehouse
npc	un_bk_q	58	121	0	858	A-0 Zone
npc	un_bk_q	71	121	0	858	L-1 Zone
npc	un_bk_q	78	125	0	858	H-0 Zone
npc	un_bk_q	101	122	0	858	b_Monitoring room
npc	un_bk_q	122	125	0	858	H-0 Zone
npc	un_bk_q	126	121	0	858	L-2 Zone
npc	un_bk_q	141	115	0	858	A-0 Zone
npc	un_bk_q	139	171	0	858	b_Monitoring room
npc	un_bk_q	139	187	0	858	Control room
npc	un_bk_q	173	193	0	858	K-0 Zone
npc	un_bk_q	171	233	0	858	L-2 Zone
npc	un_bk_q	278	193	0	858	A-0 Zone
npc	un_bk_q	300	194	0	858	Z-0 Zone
npc	un_bk_q	301	204	0	858	Temporary Clinic
npc	un_bk_q	317	193	0	858	A-0 Zone
npc	un_bk_q	322	203	0	858	G-2 Zone
npc	un_bk_q	340	203	0	858	H-0 Zone
npc	un_bk_q	349	217	0	858	F-2 Zone
npc	un_bk_q	339	239	0	858	Temporary Clinic
npc	un_bk_q	368	267	0	858	I-0 Zone
npc	un_bk_q	388	266	0	858	G-2 Zone
npc	un_bk_q	273	203	0	858	G-1 Zone
npc	un_bk_q	260	203	0	858	H-0 Zone
npc	un_bk_q	247	217	0	858	F-1 Zone
npc	un_bk_q	228	217	0	858	G-1 Zone
npc	un_bk_q	256	239	0	858	Temporary Clinic
npc	un_bk_q	219	265	0	858	C-0 Zone
npc	un_bk_q	214	283	0	858	G-1 Zone
npc	un_bk_q	215	303	0	858	Farm
npc	un_bk_q	300	184	0	858	H-0 Zone
npc	un_bk_q	365	167	0	858	Z-2 Zone
npc	un_bk_q	27	55	0	858	Z-0 Zone
npc	un_bk_q	230	167	0	858	Z-1 Zone
npc	un_bk_q	164	55	0	858	Z-0 Zone
npc	un_bk_q	101	92	0	858	Off Limits
npc	un_bk_q	94	92	0	858	Off Limits
npc	un_bk_q	97	84	0	10007	Dimension move Portal
npc	un_bunker	103	95	0	836	Mysterious Device
npc	un_bunker	102	161	0	836	Mysterious Device
npc	un_bunker	51	272	0	836	Mysterious Device
npc	un_bunker	220	342	0	836	Mysterious Device
npc	un_bunker	295	234	0	836	Mysterious Device
npc	un_bunker	279	297	0	836	Mysterious Device
npc	un_bk_q	100	312	0	851	Mechanician Bukal
npc	un_bk_q	76	175	0	982	Researcher Grum
npc	un_bk_q	297	287	0	896	Adventurer Jean
npc	un_bk_q	318	299	0	979	Cafeteria Lady
npc	un_bk_q	102	97	0	474	Adventurer Breezin
npc	un_bk_q	313	280	0	899	Access Control Guard
npc	un_bk_q	280	280	0	899	Access Control Guard
npc	un_bk_q	255	236	0	899	Access Control Guard
npc	un_bk_q	298	203	0	899	Access Control Guard
npc	un_bk_q	340	235	0	899	Access Control Guard
npc	un_bk_q	98	246	0	854	Facilities manager Jiko
npc	un_bk_q	313	261	0	569	Nurse
npc	un_bk_q	322	249	0	569	Nurse
npc	un_bk_q	316	233	0	569	Nurse
npc	un_bk_q	304	233	0	569	Nurse
npc	un_bk_q	283	226	0	569	Nurse
npc	un_bk_q	284	255	0	569	Nurse
npc	un_bk_q	296	254	0	569	Nurse
npc	un_bk_q	240	380	0	750	Bioengineer
npc	un_bk_q	274	380	0	750	Bioengineer
npc	un_bk_q	327	360	0	750	Bioengineer
npc	un_bk_q	316	351	0	750	Bioengineer
npc	un_bk_q	249	344	0	750	Bioengineer
npc	un_bk_q	103	393	0	10043	Memory Record player
npc	un_bk_q	108	243	0	10043	Discarded Mechanical Device
npc	un_bk_q	34	138	0	99	Warehouse Keeper Pik
npc	un_bk_q	91	283	0	899	Guard
npc	un_bk_q	56	192	0	749	Chemical Substance Specialist Kori
npc	un_bk_q	161	193	0	750	Adventurer Bamdaku
npc	un_bk_q	248	258	0	882	Adventurer Dally
npc	sec_in02	17	13	0	893	Brigan Helper
file	npc/re/quests/quests_16_1.txt
npc	prontera	121	72	0	833	Royal Messenger
npc	rachel	119	131	0	833	Royal Messenger
npc	aldebaran	159	113	0	833	Royal Messenger
npc	alberta	119	59	0	833	Royal Messenger
npc	veins	200	108	0	833	Royal Messenger
npc	geffen	123	68	0	833	Royal Messenger
npc	payon	168	65	0	833	Royal Messenger
npc	morocc	152	97	0	833	Royal Messenger
npc	yuno	162	132	0	833	Royal Messenger
npc	lighthalzen	152	100	0	833	Royal Messenger
npc	prontera	150	331	0	105	Royal Guard
npc	prontera	161	331	0	105	Royal Guard
npc	prt_cas	217	150	0	967	Chamberlain Bell
npc	prt_cas	155	165	0	967	Chamberlain Bell
npc	prt_cas_q	135	10	0	967	Chamberlain Bell
npc	prt_cas_q	26	30	0	967	Chamberlain Bell
npc	prt_cas_q	29	30	0	105	Giant Beast Manager
npc	prt_cas_q	28	30	0	116	Kafra Employee
npc	prt_cas_q	28	28	0	735	Court Mage Nillem
npc	prt_cas	179	155	0	865	Mysterious Guest
npc	prt_cas	181	154	0	47	Chamberlain
npc	prt_cas	107	237	0	10114	Nyhill M. Heine
npc	prt_cas	103	235	0	959	Violeta
npc	prt_cas	108	235	0	80	Royal Chamberlain
npc	prt_cas	104	240	0	10116	Skia Nerius
npc	prt_cas	106	240	0	10115	Spica Nerius
npc	prt_cas	108	240	0	10118	Crux Findel
npc	prt_cas	186	163	0	10116	Skia Nerius
npc	prt_cas	25	35	0	10116	Skia Nerius
npc	prt_cas	27	34	0	10114	Unstable Nyhill
npc	prt_lib	76	80	0	47	Lindt the Librarian
npc	prt_lib	91	85	0	735	Mage Nillem
npc	prt_lib	88	90	0	10007	Room of Consciousness
npc	prt_lib	56	61	0	751	Guardian Knight
npc	prt_lib	80	79	0	10119	Kronecker G. Heine
npc	prt_lib	81	79	0	10119	Kronecker G. Heine
npc	prt_lib	83	80	0	10114	Nyhill M. Heine
npc	prt_lib	85	82	0	55	Ian Walther
npc	prt_lib	88	83	0	10132	Levuiere Wigner
npc	prt_lib	91	78	0	10133	Maximilian Roegenburg
npc	prt_lib	94	82	0	10007	Dimension Warper MkII
npc	prt_lib_q	91	85	0	735	Nillem
npc	prt_lib_q	88	90	0	10042	Swaying Space
npc	prt_cas	213	177	0	46	Royal Chef
npc	prt_cas	309	200	0	10122	Royal Head Chef
npc	prt_cas	319	211	0	749	Royal Sauce Master
npc	prt_cas	303	216	0	10043	Muka Juice
npc	prt_cas	307	196	0	10042	Poring Jelly
npc	prt_cas	338	206	0	10046	Shining Plant
npc	prt_cas	330	211	0	10044	Giantaurus Butter
npc	prt_cas	302	205	0	883	Dishwasher
npc	prt_cas	315	204	0	886	Chef
npc	prt_cas	313	204	0	886	Chef
npc	prt_cas	313	202	0	886	Chef
npc	prt_cas	313	200	0	886	Chef
npc	prt_cas	313	196	0	886	Chef
npc	prt_cas	313	194	0	886	Chef
npc	prt_cas	82	268	0	10123	Mark Ishar
npc	prt_cas	83	270	0	641	Alice Ishar
npc	prt_cas	111	234	0	612	Magi Steen
npc	prt_cas	111	235	0	628	Dyu Rianne
npc	prt_cas	361	142	0	10124	Tamarin
npc	prt_cas	358	124	0	10131	Grilled Griffon
npc	prt_cas_q	18	136	0	10116	Skia Nerius
npc	prt_cas_q	20	139	0	10115	Spica Nerius
npc	prt_cas_q	21	140	0	10118	Bodyguard Crux
npc	prt_cas_q	23	133	0	10114	Nyhill M. Heine
npc	prt_cas_q	18	136	0	10115	Spica Nerius
npc	prt_cas_q	23	187	0	86	Mysterious Person
npc	prt_cas_q	20	184	0	55	Ian Walther
npc	prt_cas_q	14	184	0	983	Isenhonor Walther
npc	alberta	187	147	0	470	Guardian Knight
npc	alberta	48	30	0	109	Butler for the Walthers
npc	prt_pri00	57	119	0	54	Bigfoot
npc	veins	156	160	0	934	K
npc	prt_cas_q	9	90	0	10117	Peter Heine
npc	prt_cas_q	21	83	0	10120	Friedrich S. Heine
npc	prt_cas_q	18	83	0	987	Peter Heine
npc	prt_cas_q	19	85	0	10119	Kronecker G. Heine
npc	prt_cas_q	22	80	0	10114	Nyhill M. Heine
npc	prt_cas_q	144	38	0	10114	Nyhill
npc	prt_cas_q	141	39	0	10116	Skia
npc	prt_cas_q	90	186	0	10133	Maximilian Roegenburg
npc	prt_cas_q	96	184	0	10130	Agnes Roegenburg
npc	prt_cas_q	90	184	0	10127	Helmut Roegenburg
npc	prt_cas_q	86	180	0	962	Kalbern
npc	prt_cas_q	96	186	0	10128	Wolf Roegenburg
npc	prt_cas_q	92	182	0	10129	Myer Roegenburg
npc	prontera	271	70	0	975	Kiddo
npc	prontera	271	68	0	706	Kiddo
npc	prontera	269	69	0	703	Kiddo
npc	yuno_fild01	239	173	0	734	Border Guards
npc	yuno_fild01	241	173	0	469	Border Guards
npc	yuno_fild01	243	173	0	469	Border Guards
npc	yuno_fild01	245	173	0	734	Border Guards
npc	yuno_fild01	239	171	0	875	Border Guards
npc	yuno_fild01	241	171	0	735	Border Guards
npc	yuno_fild01	243	171	0	735	Border Guards
npc	yuno_fild01	245	171	0	875	Border Guards
npc	yuno_fild01	242	175	0	10127	Helmut Roegenburg
npc	yuno_fild01	244	176	0	962	Kalbern
npc	prontera	269	73	0	86	Ordinary Man
npc	prt_cas_q	80	80	0	57	Butler for the Richards
npc	prt_cas_q	93	74	0	993	Po Richard
npc	prt_cas_q	120	100	0	994	Helper for the Royal Richard
npc	prt_cas_q	87	132	0	733	Bodyguard
npc	prt_cas_q	85	127	0	65	Bodyguard
npc	prt_cas_q	93	129	0	10121	Queen
npc	prt_cas	73	244	0	71	Scarlet Jaha
npc	prt_cas	82	240	0	923	Lidion Geoborg
npc	prt_cas_q	146	121	0	59	Bachelor
npc	prt_cas_q	148	117	0	91	Miss
npc	prt_cas_q	148	122	0	68	Womenfolk
npc	prt_cas_q	150	122	0	71	Gyusoo
npc	prt_cas_q	150	117	0	90	Bachelorette
npc	prt_cas_q	153	123	0	105	Strong Guards
npc	prt_cas_q	153	116	0	105	Strong Guards
npc	prt_cas_q	82	21	0	10132	Levuiere Wigner
npc	prt_cas_q	82	23	0	71	Catherine Wigner
npc	prt_cas_q	95	9	0	989	Jurgen Wigner
npc	prt_cas_q	96	7	0	10125	Katrin Wigner
npc	prt_cas_q	94	7	0	10126	Isaac Wigner
npc	prt_cas_q	80	23	0	989	Jurgen Wigner
npc	prt_cas_q	93	10	0	69	Maid
npc	prt_cas_q	95	11	0	68	Womenfolk
npc	prt_cas_q	94	12	0	105	Strong Guards
npc	prt_cas_q	95	12	0	105	Strong Guards
npc	prt_cas_q	98	23	0	59	Bachelor
npc	prt_cas_q	98	20	0	105	Strong Guards
npc	prt_cas_q	96	22	0	105	Strong Guards
npc	prt_cas	322	216	0	69	Maid
npc	prontera	68	68	0	52	Furniture Deliveryman
npc	prt_cas	165	245	0	748	Investigator Ryosun
npc	prt_cas	97	216	0	968	Chamberlain
npc	prt_cas	104	231	0	817	Banquet Hall Guest
npc	prt_cas	103	232	0	824	Banquet Hall Guest
npc	prt_cas	81	235	0	478	Banquet Hall Guest
npc	prt_cas	79	219	0	583	Banquet Hall Guest
npc	prt_cas	88	246	0	839	Banquet Hall Guest
npc	prt_cas	114	226	0	537	Banquet Hall Guest
npc	prt_cas	87	231	0	778	Banquet Hall Guest
npc	prt_cas	86	251	0	967	Banquet Hall Guest
npc	prt_cas	72	227	0	766	Banquet Hall Guest
npc	prt_cas	71	227	0	763	Banquet Hall Guest
npc	prt_cas	100	100	0	421	Banquet Hall Guest
npc	prt_cas	89	250	0	895	Banquet Hall Guest
npc	prt_cas	89	244	0	642	Banquet Hall Guest
npc	prt_cas	91	237	0	803	Ekinasia
npc	prt_cas	89	238	0	885	Lin
npc	prt_cas	78	255	0	640	Mayssel
npc	prt_cas	78	252	0	467	Verkhasel
npc	prt_cas	76	254	0	899	Vicente
npc	prt_cas	113	243	0	90	Banquet Hall Aristocrat
npc	prt_cas	70	239	0	86	Banquet Hall Aristocrat
npc	prt_cas	73	232	0	967	Banquet Hall Aristocrat
npc	prt_cas	99	247	0	573	Banquet Hall Aristocrat
npc	prt_cas	93	248	0	485	Court Musician
npc	prt_cas	91	248	0	479	Court Musician
npc	prt_cas	95	248	0	485	Court Musician
npc	prt_cas	98	248	0	876	Cat
npc	prt_cas	98	231	0	459	Hiba Ajif
npc	prt_cas	100	231	0	755	Avidal the Advisor
npc	prt_cas	97	229	0	751	Instructor Igrid
npc	prt_cas	106	258	0	484	Bruno
npc	prt_cas	89	257	0	480	Karian
npc	prt_cas	85	223	0	10133	Maximilian Roegenburg
npc	prt_cas	85	225	0	71	Catherine Wigner
npc	prt_cas	84	225	0	10132	Levuiere Wigner
npc	prt_cas	76	236	0	883	Bagette Teeblack
npc	prt_cas	105	221	0	90	Isabella
npc	prt_cas	105	224	0	91	Beatrice
npc	prt_cas	107	225	0	10126	Isaac Wigner
npc	prt_cas	108	223	0	995	Bryan
npc	prt_cas	107	222	0	71	Sophia
npc	prt_cas	343	67	0	71	Uptight Librarian
npc	prt_cas	321	25	0	881	Erich Nerius
npc	prt_cas	373	57	0	626	Oliver
npc	prt_cas	341	79	0	615	Alf Ocat
npc	prt_cas	364	69	0	748	Nervous Man
npc	prt_cas	365	68	0	898	Taunting Man
npc	prt_cas	218	182	0	751	Royal Guardian Knight
npc	prt_cas	97	248	0	741	Court Musician
npc	prt_cas	375	124	0	915	Woman with Glasses
npc	prt_cas	379	124	0	936	Glamorous Girl
npc	prt_cas	368	125	0	481	Dumk
npc	prt_cas	367	123	0	884	Kid
npc	prt_cas	161	168	0	751	Royal Guardian Knight
npc	prt_cas	270	168	0	751	Royal Guardian Knight
npc	prt_cas	165	260	0	745	Noblesse Operator
npc	prt_cas	165	255	0	734	Commissary
npc	prt_cas	180	275	0	733	Logistics Manager
npc	prt_cas	180	264	0	751	Guardian Knight
npc	prt_cas	180	251	0	751	Guardian Knight
npc	prt_q	157	334	0	735	Nillem
npc	prt_q	159	328	0	641	Medic
npc	prt_q	160	327	0	105	Wounded Soldier
npc	prt_q	165	326	0	105	Soldier
npc	prt_q	167	324	0	105	Soldier
npc	prt_q	165	322	0	105	Soldier
npc	prt_q	167	320	0	105	Soldier
npc	prt_q	165	318	0	105	Soldier
npc	prt_q	146	326	0	105	Soldier
npc	prt_q	144	324	0	105	Soldier
npc	prt_q	146	322	0	105	Soldier
npc	prt_q	144	320	0	105	Soldier
npc	prt_q	146	318	0	105	Soldier
npc	prt_q	149	316	0	105	Soldier
npc	prt_q	151	314	0	105	Soldier
npc	prt_q	153	316	0	105	Soldier
npc	prt_q	158	316	0	105	Soldier
npc	prt_q	160	314	0	105	Soldier
npc	prt_q	162	316	0	105	Soldier
npc	prt_q	156	324	0	10134	Chief Guard
npc	prt_q	221	193	0	85	Village Lad
npc	prt_q	79	96	0	105	Soldier
npc	prt_q	77	98	0	85	Village Lad
npc	prt_q	85	90	0	105	Giant Beast Manager
npc	prt_q	74	101	0	105	Magical Gear Mechanic
npc	prt_q	276	242	0	958	Girl
npc	prt_q	235	315	0	745	Cathedral Knight
npc	prt_q	232	318	0	105	PecoPeco Mechanic
npc	prt_q	229	317	0	958	Girl
npc	prt_q	55	350	0	105	PecoPeco Mechanic
npc	prt_q	47	339	0	105	Soldier
npc	prt_q	52	344	0	105	Soldier
npc	prt_q	52	340	0	119	Knight Gray
npc	prt_q	41	337	0	105	Mercenary Guild Admin
npc	prt_q	55	347	0	101	Rosa Erinin
npc	prt_q	57	346	0	958	Girl
npc	prt_q	140	304	0	705	Soldier
npc	prt_q	68	336	0	705	Soldier
npc	prt_q	79	102	0	705	Soldier
npc	prt_q	38	261	0	92	Eryus
npc	prt_q	231	310	0	92	Eryus
npc	prt_q	108	164	0	101	Female
npc	prt_q	229	310	0	101	Female
npc	prt_q	213	90	0	457	Dead Villager
npc	prt_q	214	85	0	887	Dead Villager
npc	prt_q	222	87	0	849	Dead Villager
npc	prt_q	149	188	0	887	Dead Villager
npc	prt_q	188	207	0	849	Dead Villager
npc	prt_q	109	94	0	457	Dead Villager
npc	prt_q	88	279	0	887	Dead Villager
npc	prt_q	89	207	0	849	Dead Villager
npc	prt_q	265	300	0	457	Dead Villager
npc	prt_q	88	350	0	887	Dead Villager
npc	prt_q	156	275	0	457	Dead Villager
npc	prt_q	104	114	0	849	Dead Villager
npc	prt_q	108	318	0	887	Dead Villager
npc	prt_q	238	129	0	849	Dead Villager
npc	prt_q	200	139	0	849	Dead Villager
npc	prt_q	74	227	0	457	Dead Villager
npc	prt_q	220	350	0	849	Dead Villager
npc	prt_q	45	146	0	849	Dead Villager
npc	prt_q	227	219	0	457	Dead Villager
npc	prt_q	146	252	0	887	Dead Villager
npc	prt_q	148	49	0	837	Sign
npc	prt_q	155	190	0	722	Kriemhild
npc	prt_q	146	194	0	722	Swanhild
npc	prt_q	143	203	0	722	Fadhgridh
npc	prt_q	167	203	0	722	Skoegul
npc	prt_q	165	194	0	722	Gondul
npc	prt_q	5	5	0	10134	Pron Dungeon Helper
npc	prt_pri00	46	130	0	417	Corrupt Warder
npc	prt_pri00	61	136	0	561	Dylan
npc	prt_pri00	51	116	0	751	Ellond Lawrence
npc	prt_pri00	58	128	0	732	Overwatcher Terketh
npc	prt_prison	243	265	0	969	Prisoner 243AD265
npc	prt_prison	205	139	0	10029	Dark Shape
npc	prt_prison	153	175	0	10029	Dark Shape
npc	prt_prison	160	224	0	10029	Dark Shape
npc	prt_prison	169	81	0	10029	Dark Shape
npc	prt_prison	203	215	0	10029	Dark Shape
npc	prt_prison	267	184	0	10137	Prisoner 267BD184
npc	prt_prison	265	154	0	10135	Prisoner 265CM154
npc	prt_prison	118	247	0	10045	Rubbish heap
npc	prt_prison	171	247	0	10045	Rubbish heap
npc	prt_prison	181	230	0	10045	Rubbish heap
npc	prt_prison	238	165	0	10045	Rubbish heap
npc	prt_prison	252	132	0	10045	Rubbish heap
npc	prt_prison	232	137	0	10045	Rubbish heap
npc	prt_prison	200	133	0	10045	Rubbish heap
npc	prt_prison	212	107	0	10045	Rubbish heap
npc	prt_prison	235	107	0	10045	Rubbish heap
npc	prt_prison	198	87	0	10045	Rubbish heap
npc	prt_prison	218	75	0	10045	Rubbish heap
npc	prt_prison	232	83	0	10045	Rubbish heap
npc	prt_prison	207	50	0	10045	Rubbish heap
npc	prt_prison	231	55	0	10045	Rubbish heap
npc	prt_prison	220	19	0	10045	Rubbish heap
npc	prt_prison	168	31	0	10045	Rubbish heap
npc	prt_prison	160	70	0	10045	Rubbish heap
npc	prt_prison	156	87	0	10045	Rubbish heap
npc	prt_prison	140	93	0	10045	Rubbish heap
npc	prt_prison	113	98	0	10045	Rubbish heap
npc	prt_prison	91	101	0	10045	Rubbish heap
npc	prt_prison	112	79	0	10045	Rubbish heap
npc	prt_prison	122	42	0	10045	Rubbish heap
npc	prt_prison	135	127	0	10045	Rubbish heap
npc	prt_prison	67	149	0	10045	Rubbish heap
npc	prt_prison	251	259	0	10045	Rubbish heap
npc	prt_prison	220	255	0	10045	Rubbish heap
npc	prt_prison	243	239	0	10045	Rubbish heap
npc	prt_prison	276	195	0	10045	Rubbish heap
npc	prt_prison	188	186	0	10045	Rubbish heap
npc	prt_prison	243	17	0	909	Prisoner 243DV17
npc	prt_prison	95	72	0	736	Prisoner 95EB72
npc	prt_prison	117	188	0	10136	Prisoner 117FM188
npc	prt_prison	103	214	0	737	Prisoner 103GD214
npc	prt_prison	55	115	0	10138	Prisoner 55HK115
npc	prt_prison	20	20	0	909	Underground Dungeon Helper
file	npc/re/quests/quests_16_2.txt
npc	prt_cas_q	18	37	0	10115	Skia Nerius
npc	prt_cas_q	23	33	0	10118	Crux
npc	prt_cas_q	23	32	0	10119	Kronecker G. Heine
npc	prt_cas_q	21	39	0	10114	Nihil M. Heine
npc	prt_cas_q	23	36	0	10115	Spica Nerius
npc	prt_cas_q	18	37	0	10116	Skia Nerius
npc	lhz_airport	187	40	0	10116	Skia
npc	lhz_airport	189	39	0	10118	Crux
npc	lighthalzen	202	167	0	10116	Skia
npc	lighthalzen	177	294	0	47	Man
npc	lighthalzen	179	293	0	865	Scientist
npc	lighthalzen	307	265	0	3454	Suspicious mercenary
npc	lighthalzen	305	264	0	10118	Crux
npc	lighthalzen	306	267	0	10116	Skia
npc	lighthalzen	309	263	0	47	Man
npc	y_airport	168	41	0	10118	Crux
npc	lhz_in02	239	145	0	10115	Spica Nerius
npc	lhz_in02	237	146	0	10118	Crux
npc	lhz_in02	239	148	0	10182	Philopontess
npc	einbroch	239	269	0	10179	Unusual person
npc	einbroch	270	267	0	550	Very small hole
npc	einbroch	270	268	0	10179	Lazy
npc	einbech	46	208	0	10179	Lazy
npc	einbech	74	130	0	557	Enormous stack
npc	einbech	74	130	0	10188	Collapsed person
npc	einbech	76	131	0	10179	Lazy
npc	einbech	218	82	0	10188	Gonie
npc	einbech	217	82	0	10179	Lazy
npc	rebel_in	27	45	0	90	Eri
npc	rebel_in	24	45	0	929	Nemi
npc	rebel_in	23	43	0	10188	Gonie
npc	rebel_in	23	42	0	10181	Lucky
npc	rebel_in	21	45	0	10179	Lazy
npc	rebel_in	62	44	0	10182	Philopontess
npc	rebel_in	65	46	0	10195	Rebellion Squadder
npc	ein_in01	269	285	0	10114	Nihil
npc	ein_in01	274	278	0	10179	Lazy
npc	ein_in01	272	282	0	10181	Rookie
npc	ein_in01	271	284	0	10116	Skia
npc	ein_in01	269	282	0	10182	Philopontess
npc	ein_fild04	284	332	0	10181	Rookie
npc	que_swat	147	57	0	10116	Skia
npc	que_swat	150	58	0	10181	Rookie
npc	que_swat	141	57	0	10195	Rebellion squadder
npc	que_swat	145	57	0	10182	Philopontess
npc	que_swat	159	53	0	10195	Yudmil
npc	que_swat	161	53	0	10196	Yuslan
npc	rebel_in	70	78	0	10192	Elena Volkova
npc	rebel_in	177	30	0	10196	Sorita Doritas
npc	rebel_in	177	28	0	10197	Ivan Ivanov
npc	rebel_in	204	19	0	10195	Milo River
npc	rebel_in	122	71	0	10187	Rebellion leader
npc	rebel_in	119	68	0	10062	Rebellion Guard leader
npc	rebel_in	121	69	0	10185	Dien
npc	rebel_in	118	70	0	633	Young Rebellion
npc	rebel_in	114	75	0	10063	Young Rebellion
npc	rebel_in	91	60	0	847	Senior
npc	rebel_in	84	60	0	897	Senior
npc	rebel_in	87	58	0	901	Senior
npc	rebel_in	88	58	0	709	Senior
npc	rebel_in	86	61	0	10179	Lazy
npc	rebel_in	121	43	0	10062	Rebellion Guard leader
npc	rebel_in	125	44	0	10202	Rebellion guard
npc	rebel_in	125	39	0	10198	Rebellion guard
npc	rebel_in	166	88	0	10186	Cotnes
npc	rebel_in	166	86	0	10184	Ridsh
npc	rebel_in	164	88	0	10185	Dien
npc	rebel_in	162	87	0	10062	Rebellion Guard leader
npc	rebel_in	210	89	0	10183	Special Force commander
npc	rebel_in	207	84	0	10062	Rebellion Guard leader
npc	rebel_in	213	81	0	10201	Rebellion
npc	rebel_in	213	83	0	10197	Rebellion
npc	rebel_in	205	89	0	10198	Rebellion
npc	rebel_in	212	90	0	10197	Rebellion
npc	rebel_in	82	68	0	633	Arinoa Yurhik
npc	rebel_in	78	66	0	632	Arivero Yurhik
npc	rebel_in	78	63	0	10187	Rebellion leader
npc	einbech	212	212	0	632	Arivero Yurhik
npc	einbech	215	210	0	406	Teleport Prohibition equipment
npc	lighthalzen	135	233	0	632	Arivero Yurhik
npc	lighthalzen	137	231	0	406	Teleport Prohibition equipment
npc	yuno	204	226	0	632	Arivero Yurhik
npc	yuno	206	224	0	406	Teleport Prohibition equipment
npc	einbroch	262	42	0	632	Arivero Yurhik
npc	einbroch	260	40	0	406	Teleport Prohibition equipment
npc	rebel_in	91	67	0	571	Ericsson Adler
npc	einbroch	167	160	0	62	Flower Girl
npc	einbroch	162	153	0	858	Huge Tree
npc	rebel_in	19	48	0	904	Mason Bender
npc	einbech	71	168	0	709	Tired Looking Man
npc	einbech	79	100	0	574	Tired Looking Old man
npc	einbech	170	143	0	575	Sleepy Looking Old woman
npc	rebel_in	108	27	0	10195	Milo River
npc	rebel_in	105	28	0	10201	Morana Rudel
npc	rebel_in	104	24	0	10198	Nice Looking Gun
npc	rebel_in	106	25	0	876	Charity
npc	einbech	34	203	0	876	Charity
npc	einbech	141	98	0	876	Charity
npc	rebel_in	90	51	0	10199	Rachel Smith
npc	ein_in01	38	21	0	928	Blacksmith Jack
npc	rebel_in	72	32	0	10201	Danae
npc	rebel_in	72	29	0	10062	Grinder
npc	rebel_in	75	31	0	10195	Tommy
npc	rebel_in	72	27	0	10202	Fang
npc	rebel_in	75	26	0	10062	Ben
npc	rebel_in	75	23	0	125	Markman
npc	rebel_in	82	33	0	92	Tott
npc	rebel_in	90	24	0	91	Maymay
npc	rebel_in	97	24	0	402	Corona
npc	rebel_in	90	40	0	880	Hogar
npc	rebel_in	100	40	0	89	Butterfly Merchant
npc	rebel_in	99	51	0	851	Imperial Operator
npc	rebel_in	74	67	0	10084	Strasse
npc	rebel_in	89	46	0	881	Rotten
npc	rebel_in	104	37	0	10197	Daryl
npc	rebel_in	103	37	0	10200	Trainee
npc	rebel_in	104	39	0	10196	Trainee
npc	rebel_in	108	36	0	893	Master
npc	ein_fild09	70	175	0	557	Suspicious Heap of Earth
npc	ein_fild09	136	157	0	557	Suspicious Heap of Earth
npc	ein_fild09	87	192	0	557	Suspicious Heap of Earth
npc	ein_fild09	95	234	0	557	Suspicious Heap of Earth
npc	ein_fild09	179	248	0	557	Suspicious Heap of Earth
npc	ein_fild09	127	276	0	557	Suspicious Heap of Earth
npc	ein_fild09	89	289	0	557	Suspicious Heap of Earth
npc	ein_fild09	103	352	0	557	Suspicious Heap of Earth
npc	ein_fild09	164	290	0	557	Suspicious Heap of Earth
npc	ein_fild09	256	320	0	557	Suspicious Heap of Earth
npc	ein_fild09	256	282	0	557	Suspicious Heap of Earth
npc	ein_fild09	335	239	0	557	Suspicious Heap of Earth
npc	ein_fild09	332	216	0	557	Suspicious Heap of Earth
npc	ein_fild09	135	305	0	557	Suspicious Heap of Earth
npc	rebel_in	90	60	0	10195	Magenta
npc	rebel_in	90	62	0	10180	Gonie
npc	rebel_in	94	71	0	10198	Denny
npc	rebel_in	95	65	0	10198	Denny
npc	rebel_in	90	62	0	10198	Denny
npc	rebel_in	90	66	0	10202	Cyan
npc	rebel_in	90	59	0	10202	Cyan
npc	rebel_in	88	61	0	10181	Rookie
npc	slabw01	235	137	0	10046	Suspicious cabinet
npc	slabw01	235	137	0	748	Hiding researcher
npc	slabw01	254	131	0	10046	Suspicious cabinet
npc	slabw01	254	131	0	748	Hiding researcher
npc	slabw01	247	111	0	10046	Suspicious gap
npc	slabw01	247	111	0	748	Hiding researcher
npc	slabw01	255	63	0	10046	Suspicious gap
npc	slabw01	255	63	0	748	Hiding researcher
npc	slabw01	179	58	0	10046	Suspicious desk
npc	slabw01	180	57	0	748	Hiding researcher
npc	slabw01	143	100	0	10046	Suspicious test tube
npc	slabw01	143	100	0	748	Hiding researcher
npc	slabw01	247	34	0	10046	Suspicious bookshelf
npc	slabw01	247	34	0	748	Hiding researcher
npc	slabw01	231	125	0	10046	Suspicious trash can
npc	slabw01	231	124	0	748	Hiding researcher
npc	slabw01	103	66	0	10062	Ben
npc	slabw01	79	97	0	10202	Maymay
npc	slabw01	143	138	0	10062	Grinder
npc	slabw01	144	139	0	10202	Fang
npc	slabw01	214	139	0	10201	Danae
npc	slabw01	245	74	0	10198	Denny
npc	slabw01	229	47	0	10202	Cyan
npc	slabw01	217	56	0	10195	Magenta
npc	slabw01	194	91	0	10195	Tommy
npc	rebel_in	105	54	0	10203	Ilya Lebedev
npc	rebel_in	109	54	0	10193	Jana Levedeva
npc	rebel_in	70	75	0	10203	Ilya Lebedev
npc	rebel_in	69	75	0	10193	Jana Levedeva
npc	prt_in	165	89	0	71	Librarian in charge of juveniles
npc	prt_in	177	26	0	733	Knight Windsor
npc	prt_monk	93	254	0	79	Sister Margaret
npc	yuno_in01	163	31	0	10004	Blacksmith Cleaver
npc	que_job01	89	91	0	55	Guile Marovitz
npc	payon_in03	194	39	0	727	Hunter Sherine
file	npc/re/quests/quests_17_1.txt
npc	prt_cas_q	21	39	0	10114	Nihil M. Heine
npc	einbech	219	80	0	10197	Rebellion Crew
npc	einbroch	42	208	0	10179	Lazy
npc	einbroch	41	204	0	10299	Kaya Tos
npc	einbroch	39	205	0	10300	Aas
npc	ein_fild01	95	146	0	10299	Kaya Tos
npc	ein_fild01	94	145	0	10300	Aas
npc	ein_fild01	97	144	0	10179	Lazy
npc	lighthalzen	56	270	0	852	Republic Guard
npc	lighthalzen	58	268	0	10300	Aas
npc	lighthalzen	54	267	0	10183	Commander Est
npc	lighthalzen	55	265	0	10193	Emily
npc	lighthalzen	55	278	0	868	Rekenber Guard Oscar
npc	lighthalzen	259	215	0	10179	Lazy
npc	lighthalzen	336	266	0	10179	Lazy
npc	lighthalzen	108	163	0	10179	Lazy
npc	lhz_in01	107	137	0	90	Staff
npc	lhz_in01	163	258	0	855	Staff
npc	lhz_in01	80	210	0	967	Secretary
npc	lhz_in01	32	264	0	899	Staff
npc	rgsr_in	161	85	0	865	Laboratory Staff
npc	rgsr_in	12	46	0	86	Staff
npc	lighthalzen	256	215	0	10299	Kaya Tos
npc	lighthalzen	255	216	0	10300	Aas
npc	lighthalzen	336	264	0	10299	Kaya Tos
npc	lighthalzen	335	261	0	10300	Aas
npc	lighthalzen	331	262	0	851	Pat
npc	lighthalzen	332	260	0	893	Recruiter
npc	lighthalzen	331	263	0	928	Pat's Father
npc	lighthalzen	333	264	0	850	Pat's Mother
npc	lighthalzen	104	163	0	10299	Kaya Tos
npc	lighthalzen	103	165	0	10300	Aas
npc	lighthalzen	106	162	0	851	Pat
npc	lighthalzen	106	162	0	831	Protester
npc	lhz_in01	105	134	0	10179	Lazy
npc	lhz_in01	108	135	0	851	Pat
npc	lhz_in01	109	134	0	10299	Kaya Tos
npc	lhz_in01	109	136	0	10300	Aas
npc	lhz_in01	161	255	0	10179	Lazy
npc	lhz_in01	168	257	0	814	Staff
npc	lhz_in01	162	255	0	851	Pat
npc	lhz_in01	164	255	0	10299	Kaya Tos
npc	lhz_in01	164	256	0	10300	Aas
npc	lhz_in01	82	209	0	10179	Lazy
npc	lhz_in01	81	208	0	10299	Kaya Tos
npc	lhz_in01	82	207	0	10300	Aas
npc	lhz_in01	33	263	0	10179	Lazy
npc	lhz_in01	33	262	0	10299	Kaya Tos
npc	lhz_in01	34	262	0	10300	Aas
npc	rgsr_in	157	84	0	10179	Lazy
npc	rgsr_in	158	87	0	10299	Kaya Tos
npc	rgsr_in	157	88	0	10300	Aas
npc	rgsr_in	16	49	0	10179	Lazy
npc	rgsr_in	17	48	0	10299	Kaya Tos
npc	rgsr_in	18	47	0	10300	Aas
npc	rgsr_in	15	46	0	851	Pat
npc	rgsr_in	13	49	0	402	Laboratory Staff
npc	pub_cat	93	105	0	10182	Philofontes
npc	lighthalzen	43	271	0	868	Rekenber Guard
npc	lighthalzen	46	271	0	868	Rekenber Guard
npc	pub_cat	160	102	0	10182	Philofontes
npc	pub_cat	163	102	0	10299	Middle-Aged Man
npc	pub_cat	165	103	0	10300	Rekenber Senior Guard
npc	pub_cat	166	100	0	10183	Commander Est
npc	pub_cat	106	69	0	10179	Lazy
npc	pub_cat	105	58	0	10179	Lazy
npc	pub_cat	109	71	0	10299	Kaya Tos
npc	sp_rudus	184	360	0	10192	Elena Volkova
npc	sp_rudus	193	284	0	10181	Rookie
npc	sp_rudus	304	266	0	10198	Rebellion Crew
npc	sp_rudus	122	286	0	10198	Rebellion Crew
npc	sp_rudus	27	300	0	10043	Small Hole
npc	sp_os	252	359	0	10185	Dien
npc	sp_rudus	130	200	0	10302	Morning
npc	sp_cor	168	81	0	10202	Advance Squad
npc	sp_cor	165	79	0	10299	Kaya
npc	sp_cor	166	81	0	10182	Tes
npc	sp_cor	167	79	0	10201	Advance Squad
npc	sp_cor	164	77	0	10300	Aas
npc	sp_cor	162	73	0	10198	Denny
npc	sp_cor	165	74	0	10195	Magenta
npc	sp_cor	163	62	0	10195	Tommy
npc	sp_cor	168	75	0	10180	Goni
npc	sp_cor	161	80	0	85	Worker
npc	sp_cor	167	85	0	870	Worker
npc	sp_cor	170	84	0	712	Worker
npc	sp_cor	164	82	0	456	Worker
npc	sp_cor	172	80	0	820	Worker
npc	sp_cor	159	66	0	712	Worker
npc	sp_cor	163	73	0	820	Worker
npc	sp_cor	162	72	0	85	Worker
npc	sp_cor	167	85	0	849	Worker
npc	sp_cor	164	82	0	457	Worker
npc	sp_cor	165	86	0	10301	Elyumina
npc	sp_cor	163	87	0	3454	Fool 1
npc	sp_cor	166	88	0	3454	Fool 2
npc	sp_cor	159	68	0	10182	Tes
npc	sp_cor	160	70	0	10299	Kaya
npc	sp_cor	163	75	0	10300	Aas
npc	sp_cor	165	82	0	10180	Goni
npc	sp_cor	162	83	0	10198	Denny
npc	sp_cor	162	80	0	10195	Magenta
npc	sp_cor	171	84	0	10195	Tommy
npc	sp_cor	122	141	0	10182	Tes
npc	sp_cor	137	146	0	10299	Kaya Tos
npc	sp_cor	125	140	0	10299	Kaya Tos
npc	sp_cor	135	147	0	10300	Aas
npc	sp_cor	124	139	0	10179	Lazy
npc	sp_cor	120	140	0	10181	Rookie
npc	sp_cor	121	138	0	10180	Goni
npc	sp_cor	127	141	0	10300	Aas
npc	sp_cor	134	144	0	10062	Search Team
npc	sp_cor	110	130	0	10192	Elena Volkova
npc	sp_cor	180	169	0	10192	Elena Volkova
npc	sp_cor	136	210	0	10180	Goni
npc	sp_cor	135	216	0	10181	Rookie
npc	sp_cor	255	285	0	10181	Rookie
npc	sp_cor	132	144	0	711	Worker
npc	sp_cor	224	77	0	982	Researcher
npc	sp_cor	151	180	0	968	Worker
npc	sp_cor	70	263	0	84	Worker
npc	sp_rudus	227	351	0	10045	Suspicious Evidence
npc	sp_rudus	15	280	0	980	Discarded Person
npc	sp_rudus	55	137	0	10045	Suspicious Evidence
npc	sp_rudus	236	46	0	10045	Suspicious Evidence
npc	sp_rudus	332	235	0	10045	Suspicious Evidence
npc	sp_rudus	364	134	0	10045	Suspicious Evidence
npc	sp_rudus	221	165	0	10045	Suspicious Evidence
npc	sp_cor	163	56	0	10183	Est
npc	sp_cor	160	55	0	10203	Operation Officer
npc	sp_cor	113	130	0	10198	Rebellion
npc	sp_cor	155	94	0	10196	Juslan
npc	sp_cor	246	97	0	49	Farmhand
npc	sp_cor	160	135	0	10044	Green Beans
npc	sp_cor	240	87	0	10044	Pumpkins
npc	sp_cor	249	85	0	10044	Grapes
npc	sp_cor	111	127	0	10203	Rebellion
npc	sp_cor	177	165	0	10198	Rebellion
npc	sp_cor	180	165	0	10180	Rebellion
npc	sp_cor	183	165	0	10202	Rebellion
npc	sp_cor	177	163	0	10193	Rebellion
npc	sp_cor	180	163	0	10203	Rebellion
npc	sp_cor	183	163	0	10201	Rebellion
npc	sp_cor	183	170	0	10198	Rebellion
npc	sp_cor	141	215	0	10192	Elena Volkova
npc	sp_cor	141	211	0	10179	Lazy
npc	sp_cor	140	213	0	10301	Elyumina
npc	sp_cor	136	217	0	10301	Elyumina
npc	sp_cor	138	220	0	10182	Philopontes
npc	sp_cor	130	222	0	10201	Rebellion
npc	sp_cor	152	224	0	10193	Rebellion
npc	sp_cor	154	223	0	10198	Rebellion
npc	sp_cor	254	284	0	10180	Goni
npc	sp_cor	259	278	0	10301	Elyumina
npc	sp_cor	260	276	0	10192	Elena Volkova
npc	sp_cor	260	280	0	10193	Rebellion
npc	sp_cor	235	292	0	10197	Rebellion
npc	sp_cor	232	289	0	10201	Rebellion
npc	pub_cat	95	103	0	10192	Elena Volkova
npc	pub_cat	102	62	0	10299	Kaya
npc	pub_cat	95	103	0	10299	Kaya
npc	pub_cat	112	72	0	10300	Aas
npc	pub_cat	104	63	0	10300	Aas
npc	sp_cor	218	134	0	81	Dog
npc	sp_cor	133	142	0	881	Worker
npc	sp_cor	130	143	0	53	Worker
npc	sp_cor	129	140	0	59	Worker
npc	sp_cor	69	194	0	818	Worker
npc	sp_cor	62	258	0	70	Worker
npc	sp_cor	138	265	0	919	Worker
npc	sp_cor	169	282	0	826	Worker
npc	sp_cor	184	279	0	712	Worker
npc	sp_cor	209	280	0	773	Worker
npc	sp_cor	45	135	0	813	Worker
npc	sp_cor	136	180	0	54	Worker
npc	sp_cor	138	180	0	67	Worker
npc	sp_cor	172	187	0	892	Worker
npc	sp_cor	173	189	0	964	Worker
npc	sp_cor	234	113	0	886	Worker
npc	sp_cor	117	268	0	10199	Scout
npc	sp_cor	119	266	0	10197	Scout
npc	sp_cor	153	260	0	10202	Scout
npc	sp_cor	166	139	0	10196	Scout
npc	sp_cor	170	189	0	10198	Scout
npc	sp_cor	137	149	0	10202	Sentinel
npc	sp_cor	136	128	0	10062	Sentinel
npc	sp_cor	117	132	0	10195	Sentinel
npc	sp_cor	118	148	0	10201	Sentinel
npc	sp_cor	232	289	0	10201	Rebellion
npc	sp_cor	235	292	0	10197	Rebellion
npc	sp_cor	63	144	0	809	Worker
npc	sp_cor	69	192	0	828	Worker
npc	pub_cat	73	75	0	80	Bartender
npc	pub_cat	64	82	0	995	Bartender
npc	pub_cat	62	82	0	109	Bartender
npc	pub_cat	28	71	0	61	Bartender
npc	pub_cat	56	58	0	690	Guest
npc	pub_cat	55	60	0	688	Guest
npc	pub_cat	75	58	0	688	Guest
npc	pub_cat	75	58	0	748	Guest
npc	pub_cat	64	66	0	746	Guest
npc	pub_cat	63	69	0	828	Guest
npc	pub_cat	53	69	0	931	Guest
npc	pub_cat	55	69	0	851	Guest
npc	pub_cat	57	67	0	879	Guest
npc	pub_cat	70	71	0	855	Guest
npc	pub_cat	70	72	0	854	Guest
npc	pub_cat	64	79	0	850	Guest
npc	pub_cat	62	79	0	726	Guest
npc	pub_cat	39	95	0	567	Guest
npc	pub_cat	41	98	0	539	Guest
npc	pub_cat	45	96	0	93	Guest
npc	pub_cat	47	95	0	519	Guest
npc	pub_cat	45	99	0	869	Guest
npc	pub_cat	47	100	0	887	Guest
npc	pub_cat	51	29	0	851	Tired Guest
npc	pub_cat	52	32	0	46	Bartender
npc	pub_cat	55	33	0	547	Sales Manager
npc	pub_cat	61	46	0	898	Employee
npc	pub_cat	74	73	0	876	Vice President
npc	pub_cat	67	73	0	554	Bullet President
npc	pub_cat	84	66	0	810	Wilde
npc	pub_cat	104	106	0	709	Retired Rebellion
npc	ein_fild05	156	288	0	10197	Rebellion Crew
npc	sp_rudus	197	282	0	10043	Firmly Closed Gate
npc	sp_rudus	197	272	0	10043	Firmly Closed Gate
file	npc/re/quests/quests_17_2.txt
npc	ba_pw02	90	93	0	10043	???????????????
npc	ba_pw02	90	93	0	628	Dew
npc	ba_pw02	93	93	0	628	Dew
npc	ba_pw01	17	115	0	628	Dew
npc	ba_pw01	16	115	0	616	Mark
npc	ba_pw01	20	119	0	612	Magi
npc	ba_pw01	19	119	0	10062	Lasis
npc	ba_pw01	87	290	0	615	Alp
npc	ba_in01	20	319	0	10062	Lasis
npc	ba_in01	31	321	0	628	Dew
npc	ba_in01	19	322	0	616	Mark
npc	ba_in01	18	323	0	612	Magi
npc	ba_maison	70	145	0	10352	Tamarin
npc	ba_maison	69	146	0	628	Dew
npc	ba_maison	66	145	0	616	Mark
npc	ba_maison	68	146	0	612	Magi
npc	ba_maison	74	150	0	10344	Mansion Manager \xa5\xe1
npc	ba_maison	146	109	0	10345	Tasty
npc	ba_maison	148	107	0	10347	Strange Automatic Doll
npc	ba_maison	334	143	0	888	Repeater
npc	ba_maison	333	144	0	10353	Worry
npc	ba_maison	331	145	0	10354	Kimchi
npc	ba_maison	245	206	0	10346	Gabriel
npc	ba_in01	206	106	0	10182	Philofontes
npc	ba_in01	203	103	0	10185	Dien
npc	ba_in01	202	108	0	10181	Rookie
npc	ba_in01	208	110	0	10184	Ridsh
npc	ba_in01	207	102	0	10299	Kaya Toss
npc	ba_in01	204	113	0	10186	Cotnes
npc	ba_maison	103	92	0	10299	Kaya Toss
npc	ba_maison	100	95	0	880	Assassin
npc	ba_maison	189	56	0	10345	Yunas
npc	ba_maison	187	54	0	46	Mercenary
npc	ba_maison	190	54	0	74	Mercenary
npc	ba_maison	187	54	0	54	Mercenary
npc	ba_maison	190	54	0	63	Mercenary
npc	ba_maison	318	169	0	10345	Skippy
npc	ba_maison	321	168	0	48	Mercenary
npc	ba_maison	322	165	0	69	Mercenary
npc	ba_maison	249	161	0	10345	Adore
npc	ba_maison	246	158	0	48	Mercenary
npc	ba_maison	249	158	0	59	Mercenary
npc	ba_maison	232	310	0	10345	Nono
npc	ba_maison	234	307	0	89	Mercenary
npc	ba_maison	237	307	0	90	Mercenary
npc	ba_maison	234	307	0	74	Mercenary
npc	ba_maison	237	307	0	48	Mercenary
npc	ba_maison	234	307	0	53	Mercenary
npc	ba_maison	237	307	0	123	Mercenary
npc	ba_maison	357	291	0	10359	Cleaning Robot
npc	ba_maison	118	68	0	10344	Manager
npc	ba_maison	120	67	0	10301	Elyumina
npc	ba_maison	122	66	0	10198	Rebellion
npc	ba_maison	303	141	0	10192	Elena Bolkova
npc	ba_maison	301	148	0	10189	Eisen Werner
npc	ba_in01	35	142	0	10198	Rebellion
npc	ba_in01	20	145	0	10192	Elena Bolkova
npc	ba_in01	14	145	0	10181	Rookie
npc	ba_in01	15	147	0	10301	Elyumina
npc	ba_in01	51	157	0	10183	Est
npc	ba_in01	26	266	0	10354	Smart Elly
npc	ba_in01	22	262	0	10183	Est
npc	ba_in01	24	262	0	10181	Rookie
npc	prt_cas	140	344	0	967	Chamberlain Bell
npc	prt_cas	325	263	0	10304	Nyhill M. Heine
npc	ba_in01	14	257	0	10346	Automatic Doll Guard Beta
npc	ba_in01	30	252	0	10346	Automatic Doll Guard Beta
npc	ba_in01	30	248	0	10346	Automatic Doll Guard Beta
npc	ba_in01	384	38	0	10355	Shrine
npc	ba_in01	381	39	0	10181	Rookie
npc	ba_in01	379	36	0	10201	Danae
npc	ba_in01	385	41	0	10202	Canine
npc	ba_in01	383	41	0	10198	Denny
npc	ba_in01	379	42	0	10195	Magenta
npc	ba_in01	379	38	0	10062	Molar
npc	ba_in01	383	36	0	10202	Cyan
npc	ba_in01	384	40	0	10345	Boiler
npc	ba_in01	385	37	0	10356	Sweep
npc	ba_bath	165	43	0	10355	Shrine
npc	ba_bath	162	43	0	10201	Danae
npc	ba_bath	163	39	0	10202	Canine
npc	ba_bath	163	43	0	10198	Denny
npc	ba_bath	167	40	0	10195	Magenta
npc	ba_bath	165	40	0	10062	Molar
npc	ba_bath	163	41	0	10202	Cyan
npc	ba_bath	286	68	0	10345	Boiler
npc	ba_bath	202	54	0	10201	Danae
npc	ba_bath	204	54	0	10202	Canine
npc	ba_bath	201	58	0	10198	Denny
npc	ba_bath	204	56	0	10195	Magenta
npc	ba_bath	200	57	0	10062	Molar
npc	ba_bath	201	55	0	10202	Cyan
npc	ba_bath	154	303	0	10195	Magenta
npc	ba_bath	285	297	0	10180	Gonie
npc	ba_bath	282	296	0	10180	Gonie
npc	ba_bath	283	295	0	10181	Rookie
npc	ba_bath	283	298	0	10181	Rookie
npc	ba_bath	281	298	0	10198	Denny
npc	ba_bath	285	294	0	10195	Magenta
npc	ba_bath	285	299	0	10198	Denny
npc	ba_bath	287	298	0	10195	Magenta
npc	ba_bath	287	295	0	10202	Cyan
npc	ba_bath	283	300	0	10062	Molar
npc	ba_bath	281	295	0	10202	Canine
npc	ba_bath	283	293	0	10201	Danae
npc	ba_bath	284	297	0	10355	Shrine
npc	ba_bath	282	297	0	10345	Boiler
npc	ba_bath	280	297	0	10356	Sweep
npc	ba_bath	288	68	0	10356	Sweep
npc	ba_bath	289	65	0	10345	Boiler
npc	ba_bath	284	67	0	10359	Valve
npc	ba_bath	289	64	0	10359	Valve
npc	ba_bath	254	270	0	857	Nameless Spring
npc	ba_bath	259	191	0	857	Footbath
npc	ba_bath	162	139	0	857	Fountain of Wisdom
npc	ba_bath	31	276	0	857	Cold Spring
npc	ba_2whs01	150	51	0	10357	Chirp
npc	ba_2whs01	153	49	0	10345	Beta
npc	ba_2whs01	14	282	0	10046	Emergency Key
npc	ba_2whs01	222	257	0	10046	Emergency Key
npc	ba_2whs01	276	290	0	10043	Lock
npc	ba_2whs02	31	50	0	10045	Junk
npc	ba_2whs02	129	82	0	10045	Junk
npc	ba_2whs02	239	124	0	10045	Junk
npc	ba_in01	24	322	0	20640	Cleaning Robot \xa5\xd8
npc	ba_maison	85	111	0	10043	Fountain
npc	ba_maison	82	110	0	10345	Mansion Manager \xa5\xe2
npc	ba_maison	89	109	0	628	Dew
npc	ba_maison	88	113	0	616	Mark
npc	ba_maison	87	114	0	612	Magi
npc	ba_maison	78	112	0	615	Alp
npc	ba_maison	84	109	0	626	Oliver
npc	ba_in01	213	178	0	628	Dew
npc	ba_in01	209	181	0	616	Mark
npc	ba_in01	209	179	0	612	Magi
npc	ba_in01	213	181	0	626	Oliver
npc	ba_in01	210	184	0	615	Alp
npc	ba_in01	209	186	0	10344	Mansion Manager \xa5\xe1
npc	ba_lib	157	19	0	10345	Mansion Manager \xa5\xe2
npc	ba_lib	159	19	0	628	Dew
npc	ba_lib	84	85	0	616	Mark
npc	ba_lib	96	208	0	10352	Tamarin
npc	ba_lib	99	209	0	10351	????????
npc	ba_lib	199	233	0	626	Oliver
npc	ba_lib	202	232	0	10350	????????
npc	ba_lib	112	266	0	612	Magi
npc	ba_lib	293	234	0	615	Alp
npc	ba_maison	306	206	0	10345	Cotton
npc	ba_maison	79	278	0	10345	Europa
npc	ba_in01	28	255	0	10345	Manager Beta Almond
npc	ba_in01	32	250	0	10349	Sweety
npc	ba_pw02	42	267	0	20629	Lensis
npc	ba_maison	169	270	0	10345	Need
npc	ba_maison	234	51	0	10301	Elyumina
npc	ba_maison	239	47	0	10353	Seihyu
file	npc/re/quests/quests_18.txt
npc	rachel	182	176	0	917	Masked Girl
npc	rachel	179	175	0	917	Crowd
npc	rachel	177	178	0	931	Crowd
npc	rachel	179	171	0	930	Crowd
npc	rachel	181	170	0	929	Crowd
npc	rachel	186	173	0	917	Crowd
npc	rachel	184	171	0	917	Crowd
npc	ra_temple	75	54	0	934	Guard Gala
npc	ra_temple	78	56	0	934	Rookie Guard
npc	ra_temple	25	147	0	934	Guard Gala
npc	ra_temple	35	141	0	934	Marshal Chive
npc	ra_temple	168	169	0	928	Eridanus
npc	ra_temin	173	40	0	934	Guard Dent
npc	ra_temin	174	38	0	939	Guard Neil
npc	ra_temin	172	36	0	916	Priest Freya
npc	ra_temin	170	38	0	915	Niren
npc	ra_temin	171	42	0	919	Rachelite
npc	ra_temin	173	43	0	930	Rachelite
npc	ra_temin	175	36	0	940	Rachelite
npc	ra_temin	170	35	0	945	Rachel Resident
npc	ra_temin	174	34	0	929	Rachel Resident
npc	ra_temin	177	33	0	921	Rachel Resident
npc	ra_temin	173	32	0	917	Rachel Resident
npc	ra_temin	213	87	0	915	Niren
npc	rachel	137	135	0	929	Villager
npc	rachel	105	134	0	931	Villager
npc	rachel	69	117	0	919	Villager
npc	rachel	70	147	0	10376	Maram
npc	rachel	68	146	0	10381	Tamarin
npc	rachel	87	122	0	942	Merchant
npc	rachel	107	102	0	943	Merchant
npc	rachel	108	74	0	10428	Dumplings
npc	rachel	105	73	0	10381	Tamarin
npc	rachel	122	120	0	10383	Mark
npc	rachel	121	120	0	10365	Magi
npc	rachel	41	132	0	10250	Box
npc	rachel	42	133	0	10250	Box
npc	rachel	40	133	0	10250	Box
npc	rachel	39	132	0	10250	Box
npc	ra_fild11	354	235	0	10380	Merchant
npc	gw_fild01	276	339	0	10376	Maram
npc	gw_fild01	39	100	0	10380	Exotic Merchant
npc	gw_fild01	34	96	0	10380	Exotic Merchant
npc	gw_fild01	35	102	0	10376	Maram
npc	gw_fild01	36	103	0	10377	Miriam
npc	gw_fild01	41	103	0	10378	Suad
npc	wolfvill	143	114	0	10376	Maram
npc	wolfvill	145	114	0	10377	Miriam
npc	wolfvill	143	113	0	10379	Imril
npc	wolfvill	180	179	0	944	Village Boy
npc	wolfvill	148	145	0	10376	Maram
npc	rachel	72	42	0	10376	Maram
npc	rachel	75	44	0	928	Bearded Jack
npc	veins	289	281	0	10376	Maram
npc	veins	293	282	0	943	Dandelion
npc	thor_v01	169	169	0	10376	Maram
npc	wolfvill	142	109	0	10377	Miriam
npc	wolfvill	143	110	0	10376	Maram
npc	wolfvill	132	256	0	10250	Goods
npc	wolfvill	131	258	0	10250	Goods
npc	wolfvill	132	258	0	10250	Goods
npc	wolfvill	131	257	0	10250	Goods
npc	wolfvill	129	251	0	931	Citizen
npc	wolfvill	129	248	0	928	Citizen
npc	wolfvill	132	250	0	10397	Citizen
npc	wolfvill	126	252	0	10378	Suad
npc	wolfvill	124	253	0	10377	Miriam
npc	wolfvill	127	250	0	10376	Maram
npc	rachel	118	197	0	10377	Miriam
npc	rachel	119	199	0	10378	Suad
npc	rachel	116	200	0	915	Niren
npc	oz_dun01	223	116	0	10429	Appointment Point
npc	ra_temin	256	130	0	934	Temple Knight
npc	oz_dun01	68	284	0	10250	Box
npc	oz_dun01	65	189	0	10428	Steep Road
npc	oz_dun01	111	96	0	10428	Steaming Hole
npc	oz_dun01	100	92	0	10396	???
npc	oz_dun01	134	56	0	10250	Box
npc	oz_dun02	143	231	0	10393	Old Man
npc	wolfvill	120	117	0	919	Aisha
npc	wolfvill	121	113	0	428	Peco
npc	wolfvill	117	113	0	10285	Pando
npc	wolfvill	123	110	0	10285	Guest
npc	wolfvill	125	111	0	10285	Cute
npc	wolfvill	124	116	0	890	Sheep
npc	wolfvill	117	119	0	10398	Scania
npc	wolfvill	120	121	0	10376	Maram
npc	wolfvill	99	178	0	919	Aisha
npc	gw_fild01	138	106	0	10430	Grass
npc	wolfvill	85	111	0	931	Zlan
npc	wolfvill	83	109	0	99	Karr
npc	wolfvill	87	109	0	943	Redcell
npc	wolfvill	127	155	0	928	Ahab
npc	rachel	135	64	0	930	Shopkeeper
npc	wolfvill	61	170	0	919	Folklorist Gudra
npc	wolfvill	106	224	0	941	Dinar
npc	wolfvill	180	204	0	940	Amira
npc	wolfvill	154	184	0	942	Shanina
npc	wolfvill	103	230	0	931	Budan
npc	rachel	103	141	0	943	Salesman
npc	wolfvill	53	234	0	10390	Transport Cart
npc	gw_fild01	201	102	0	10388	Camille
npc	wolfvill	79	213	0	10388	Camille
npc	wolfvill	171	253	0	930	Ezekiel
npc	wolfvill	174	252	0	10376	Maram
npc	wolfvill	175	249	0	10393	Old Man
npc	wolfvill	173	247	0	10394	Old Man
npc	wolfvill	170	248	0	10395	Old Man
npc	wolfvill	170	251	0	931	Villager
npc	wolfvill	172	250	0	849	Injured
npc	wolfvill	174	111	0	10394	Old Man
npc	wolfvill	178	110	0	10395	Old Man
npc	wolfvill	176	111	0	10393	Old Man
npc	wolfvill	197	170	0	943	Larama
npc	wolfvill	202	166	0	919	Eruin
npc	wolfvill	147	97	0	944	Ahir
npc	wolfvill	182	82	0	931	Albert
npc	ra_in01	388	63	0	85	Employee
npc	oz_dun01	285	170	0	930	Horim
npc	rachel	38	44	0	921	Samariam
npc	rachel	37	42	0	931	Karl
npc	rachel	40	45	0	944	Lukshi
npc	rachel	36	45	0	941	Naiman
npc	rachel	181	51	0	929	Amodipin
npc	rachel	136	95	0	930	Dahil
npc	rachel	155	236	0	935	Junok
npc	rachel	69	234	0	921	Jarad
npc	rachel	100	72	0	919	Rohi
npc	rachel	258	207	0	918	Jeojin
npc	rachel	159	173	0	870	Squain
npc	rachel	190	30	0	746	Senado
npc	rachel	210	52	0	46	Japer
npc	rachel	40	73	0	67	Shiroan
npc	rachel	88	151	0	68	Ishira
npc	rachel	240	182	0	69	Dina
npc	rachel	212	52	0	74	Hari
npc	rachel	170	80	0	934	Greedy Man
npc	rachel	172	80	0	944	Abused Child
npc	rachel	175	80	0	944	Abused Child
npc	gw_fild01	325	376	0	10392	Half Flower
npc	gw_fild01	280	106	0	10392	Half Flower
npc	gw_fild01	382	271	0	10392	Half Flower
npc	gw_fild02	291	248	0	10392	Half Flower
npc	gw_fild02	119	93	0	10392	Half Flower
npc	gw_fild02	287	321	0	10392	Half Flower
npc	gw_fild01	297	310	0	10392	Half Flower
npc	gw_fild01	219	211	0	10392	Half Flower
npc	gw_fild01	316	150	0	10392	Half Flower
npc	gw_fild02	104	338	0	10392	Half Flower
npc	gw_fild02	207	101	0	10392	Half Flower
npc	gw_fild02	268	262	0	10392	Half Flower
npc	gw_fild02	144	94	0	10392	Half Flower
npc	wolfvill	212	86	0	10392	Half Flower
npc	wolfvill	143	43	0	10392	Half Flower
npc	wolfvill	58	113	0	10392	Half Flower
npc	gw_fild01	157	92	0	10392	Half Flower
npc	gw_fild01	189	183	0	10392	Half Flower
npc	gw_fild01	202	358	0	10392	Half Flower
npc	gw_fild01	279	64	0	10392	Half Flower
npc	gw_fild01	159	206	0	10392	Half Flower
npc	gw_fild02	125	367	0	10392	Half Flower
npc	gw_fild02	114	355	0	10392	Half Flower
npc	gw_fild02	248	288	0	10392	Half Flower
npc	wolfvill	258	226	0	10392	Half Flower
npc	wolfvill	130	203	0	10392	Half Flower
npc	gw_fild01	48	83	0	10392	Half Flower
npc	wolfvill	88	57	0	10392	Half Flower
npc	wolfvill	65	95	0	10392	Half Flower
npc	wolfvill	78	222	0	10392	Half Flower
npc	wolfvill	193	238	0	10392	Half Flower
npc	wolfvill	208	245	0	10392	Half Flower
npc	gw_fild01	32	101	0	881	Camper
npc	oz_dun01	284	164	0	10024	Rope
npc	oz_dun01	28	190	0	10024	Rope
npc	gw_fild01	279	335	0	10024	Rope
npc	ra_fild10	175	179	0	10024	Rope
npc	gw_fild01	396	269	0	836	Old milestone
npc	wolfvill	90	261	0	959	Syeil
npc	wolfvill	269	68	0	960	Seil
npc	wolfvill	167	253	0	10250	Building materials
npc	wolfvill	166	252	0	10250	Building materials
npc	wolfvill	165	254	0	10024	Building materials
npc	wolfvill	165	250	0	10026	Building materials
npc	wolfvill	164	251	0	10025	Building materials
npc	wolfvill	154	217	0	10399	Sarana
npc	wolfvill	146	131	0	10402	Village child
npc	wolfvill	192	146	0	10395	Oha
npc	wolfvill	123	162	0	10394	Zen
npc	wolfvill	188	140	0	10401	Cassoulet
npc	wolfvill	202	130	0	10400	Hiyares
npc	wolfvill	224	230	0	10402	Director
npc	rachel	135	208	0	917	Physics
npc	rachel	163	196	0	916	Molly
npc	rachel	31	89	0	91	Tiling
npc	wolfvill	167	135	0	10397	Asad
npc	wolfvill	164	137	0	10399	Emmet
npc	wolfvill	170	131	0	10394	Bamdat
file	npc/re/quests/quests_aldebaran.txt
npc	c_tower1	232	222	0	968	Belljamin Button
npc	c_tower2_	274	26	0	962	Belljamin Button
npc	c_tower3_	59	148	0	574	Belljamin Button
file	npc/re/quests/quests_dewata.txt
npc	dew_in01	22	48	0	541	Sage Kasyapa
npc	dew_in01	15	49	0	540	Tribal Chief Paiko
npc	dew_fild01	78	288	0	541	Jaty Tribe Warrior
npc	dew_fild01	185	300	0	541	Tribe Manager
npc	dewata	235	56	0	534	Gatekeeper of Krakatau
npc	dew_dun01	292	164	0	541	Gatekeeper of Krakatau
npc	dewata	78	192	0	536	Borobudur Temple Manager
npc	dewata	109	262	0	534	Memo
npc	dew_fild01	114	275	0	536	Lero
npc	dew_fild01	259	48	0	538	Poby
npc	dew_fild01	127	240	0	813	Gatti
file	npc/re/quests/quests_dicastes.txt
npc	manuk	321	182	0	450	Entrance Manager
npc	dic_dun01	266	113	0	449	Curious Sapha
npc	sec_in02	16	43	0	449	Scaraba Dungeon Entrance
npc	dic_dun01	286	104	0	450	Vigilante
npc	dic_dun01	294	106	0	492	Vigilante
npc	dic_dun01	30	216	0	492	Vigilante
npc	dic_dun01	284	102	0	450	Dirty Vigilante
npc	mid_camp	218	250	0	494	Suspicious Guy
npc	dic_fild01	146	281	0	492	Capital City Guard
npc	dic_fild01	153	281	0	450	Capital City Guard
npc	sec_in02	10	42	0	449	13.3 Related Reset
npc	dic_in01	48	263	0	449	Hunting Dept. 1 Manager
npc	dic_in01	51	266	0	449	Hunting Dept. 2 Manager
npc	dic_in01	51	270	0	449	Supply Dept. 1 Manager
npc	dic_in01	48	273	0	449	Supply Dept. 2 Manager
npc	dic_in01	43	273	0	449	Transport Dept. 1 Mgr
npc	dic_in01	40	270	0	449	Transport Dept. 2 Mgr
npc	dic_in01	40	193	0	453	Papyrus
npc	dic_in01	138	225	0	492	Diel Guard
npc	dic_in01	263	193	0	450	Diel Guard
npc	dic_in01	294	276	0	498	Secret Adjutant
npc	dic_in01	300	280	0	493	Minister Ahat
npc	dic_in01	158	188	0	451	Jarute HesLanta
npc	dicastes01	223	190	0	453	Calyon
npc	dicastes01	211	178	0	453	Moltuka
npc	dicastes01	175	217	0	453	Kalipo
npc	dicastes01	187	230	0	453	Laponte
npc	dicastes01	208	230	0	453	Pura
npc	dicastes01	225	211	0	453	Tragis
npc	mid_campin	168	170	0	59	Inspector Doha
npc	dic_in01	245	119	0	884	Shay
npc	dicastes01	207	210	0	449	Walking Knit
npc	dicastes01	112	248	0	491	Resting Piom
npc	dicastes01	249	140	0	450	Training Galten
npc	dic_fild01	231	174	0	496	BK
npc	dicastes01	117	262	0	491	Frede
npc	dic_in01	165	104	0	454	Frede
npc	dic_dun01	205	43	0	490	Brian
npc	dic_dun01	153	107	0	489	Tyler
npc	dic_dun01	235	243	0	454	John
npc	dic_dun02	110	127	0	489	Rose
npc	dic_dun01	64	107	0	490	Bain
npc	dic_dun01	58	225	0	491	Lash
npc	dic_in01	349	129	0	449	Bouy
npc	mid_camp	220	246	0	930	Expedition Guard Ben
npc	mid_camp	223	246	0	868	Expedition Guard Maha
npc	mid_campin	93	114	0	967	Guard Aello
npc	mid_campin	111	120	0	852	Soldier
npc	mid_campin	168	128	0	451	Sapha from Manuk
npc	mid_campin	168	125	0	997	Hound
npc	mid_campin	165	127	0	459	Hibba Agip
npc	man_in01	315	52	0	450	Guard Captain Avalanche
npc	dic_in01	42	264	0	453	Adventurer Clerk
npc	dic_fild01	240	198	0	495	Jalapeno
npc	dic_fild01	251	183	0	495	Brare
npc	dic_fild01	259	172	0	495	Mancho
npc	dic_in01	353	37	0	454	Kareka
npc	dic_fild01	228	159	0	496	Jahbong
npc	moc_para01	44	19	0	496	Cat Paw Agent
npc	moc_fild20	368	197	0	876	Cat
npc	moc_fild22b	182	179	0	495	Cat Paw Agent
file	npc/re/quests/quests_dungeons_200.txt
npc	pub_cat	94	43	0	10193	Yulma
npc	sp_rudus3	380	42	0	10198	Pion
npc	sp_rudus4	192	204	0	557	Secret Wing Researcher
npc	moc_para01	14	19	0	743	Old scholar
npc	niflheim	164	102	0	792	Tired looking dead
npc	ein_fild08	158	96	0	10203	Lana
npc	pub_cat	86	33	0	10201	Ansuriya
npc	amicitia1	57	242	0	10082	Something
npc	amicitia1	152	159	0	10082	Something
npc	amicitia1	262	139	0	10082	Something
npc	amicitia1	36	106	0	10082	Something
npc	amicitia1	244	49	0	10082	Something
npc	pub_cat	89	32	0	10197	Gerbena
file	npc/re/quests/quests_eclage.txt
npc	ecl_fild01	118	311	0	421	Teleport Cat No.1
npc	bif_fild02	293	325	0	421	Teleport Cat No.2
npc	spl_fild02	53	242	0	421	Teleport Cat No.3
npc	mid_camp	207	234	0	421	Teleport Cat No.4
npc	man_fild02	135	49	0	421	Teleport Cat No.5
npc	dic_fild01	161	266	0	421	Teleport Cat No.6
npc	ecl_fild01	94	322	0	447	Security Guard
npc	ecl_fild01	100	323	0	447	Security Guard
npc	ecl_fild01	111	320	0	445	Immigration Officer
npc	ecl_fild01	92	316	0	545	Tourist
npc	ecl_fild01	106	312	0	525	Tourist
npc	ecl_fild01	108	320	0	941	Tourist
npc	ecl_fild01	105	320	0	436	Tourist
npc	ecl_fild01	103	319	0	900	Tourist
npc	ecl_fild01	110	316	0	896	Tourist
npc	ecl_fild01	92	318	0	517	Tourist
npc	ecl_fild01	93	318	0	107	Tourist
npc	ecl_fild01	94	313	0	715	Tourist
npc	ecl_fild01	101	320	0	522	Tourist
npc	ecl_fild01	88	315	0	957	Tourist
npc	eclage	102	32	0	443	Fairy Carpenter
npc	ecl_fild01	192	94	0	442	Golie
npc	eclage	283	275	0	438	Glaces
npc	eclage	191	200	0	446	Yube
npc	ecl_in01	73	51	0	442	Murah
npc	eclage	265	166	0	443	Shul
npc	eclage	137	169	0	439	Tato
npc	eclage	266	216	0	444	Moreng
npc	ecl_in01	60	71	0	443	Old Man
npc	ecl_fild01	97	315	0	732	Traveler
npc	ecl_in01	70	88	0	495	Sack Merchant
npc	ecl_in04	182	224	0	446	Yube
npc	ecl_in04	179	226	0	626	Oliver
npc	ecl_in01	44	53	0	513	Delivery Man
npc	ecl_in04	226	231	0	628	Du Lian
npc	ecl_in04	224	234	0	616	Mark Esha
npc	ecl_in04	223	234	0	612	Maggi Steen
npc	ecl_in04	223	230	0	615	Alp Ocart
npc	eclage	282	255	0	620	Wuhari
npc	ecl_in02	149	117	0	619	Wuhuru
npc	eclage	200	272	0	437	Masione
npc	eclage	163	228	0	438	Goatie
npc	eclage	170	195	0	443	Svery
npc	eclage	126	151	0	444	Pompe
npc	ecl_fild01	70	285	0	611	Giranni
npc	ecl_fild01	269	165	0	613	A Laphine corpse
npc	ecl_in01	54	91	0	443	Dandy
npc	ecl_in01	53	92	0	444	Lafiki
npc	eclage	101	130	0	435	Wutapoa
npc	ecl_in01	55	25	0	520	Mijani
npc	eclage	106	61	0	444	Markoza
npc	ecl_in02	168	41	0	438	Pambo
npc	ecl_fild01	134	109	0	446	Warao
npc	ecl_in01	38	37	0	441	A kneeling boy
npc	ecl_fild01	183	190	0	447	Catering
npc	ecl_in01	41	103	0	439	A blushing girl
npc	ecl_in01	52	102	0	442	Choir Conductor
npc	ecl_in01	51	103	0	442	Choir member
npc	ecl_in01	53	103	0	442	Choir member
npc	ecl_in01	50	104	0	442	Choir member
npc	ecl_in01	52	104	0	442	Choir member
npc	ecl_in01	54	104	0	442	Choir member
npc	ecl_in04	78	108	0	437	Daughter Luen
npc	ecl_in04	85	110	0	447	Father Dames
npc	ecl_in04	77	104	0	520	Mother Rosa
npc	eclage	164	102	0	442	Cruyan
npc	ecl_fild01	98	299	0	461	Balumin
npc	eclage	222	131	0	807	Wandering Merchant
npc	ecl_in04	85	104	0	81	Poppy
npc	ecl_in04	80	105	0	557	A foreign substance
npc	ecl_in04	209	200	0	807	Wandering Merchant
npc	ecl_in04	203	199	0	461	Balumin
npc	ecl_in04	205	198	0	442	Cruyan
npc	ecl_in04	210	197	0	520	Mother Rosa
npc	ecl_in04	203	196	0	447	Father Dames
npc	ecl_in04	208	194	0	437	Daughter Luen
npc	ecl_in02	160	36	0	441	Eirinn
npc	ecl_in03	175	69	0	444	Bourbon
npc	ecl_in01	26	88	0	440	Cecilia
npc	ecl_in01	80	77	0	445	Dominic
npc	ecl_in02	98	32	0	461	Eclage Guard
npc	ecl_in02	146	114	0	622	Clever
npc	ecl_in04	109	215	0	621	Hiel
npc	mid_camp	173	257	0	545	Shelby
npc	mid_camp	179	258	0	544	Ford
npc	ecl_in02	133	115	0	461	Prison Guard
npc	ecl_fild01	190	93	0	617	Fili
npc	ecl_fild01	222	290	0	436	Singing Laphine
npc	ecl_fild01	83	263	0	444	Watering Laphine
npc	ecl_fild01	163	196	0	438	Dancing Laphine
npc	ecl_fild01	237	181	0	446	Cute Laphine
npc	ecl_tdun02	99	63	0	893	Rosi
npc	ecl_tdun02	84	21	0	893	Rosi
npc	ecl_tdun02	22	36	0	893	Rosi
npc	ecl_tdun01	11	62	0	896	Euncheong
npc	ecl_tdun01	51	103	0	896	Euncheong
npc	ecl_tdun01	98	47	0	896	Euncheong
npc	ecl_tdun03	68	80	0	625	New Oz
npc	sec_in02	16	11	0	480	New Oz Image
npc	sec_in02	10	17	0	889	Professor Aide
npc	ecl_tdun04	26	39	0	627	Professor Worm
npc	ecl_tdun03	21	69	0	614	Diary Frog No.3
npc	ecl_tdun01	23	79	0	614	Diary Frog No. 6
npc	ecl_fild01	173	95	0	614	Diary Frog No. 30
npc	mora	103	74	0	946	Expedition Member
npc	ecl_in01	32	52	0	515	Traveler Fome
npc	ecl_in01	32	51	0	513	Traveler Litrip
npc	ecl_in01	35	51	0	514	Traveler Chiba
npc	ecl_in01	31	49	0	447	Eclage Guard
npc	ecl_in01	82	70	0	447	Eclage Guard
npc	ecl_in03	245	93	0	435	Chief of Staff
npc	ecl_in03	41	90	0	624	Mayor Jun Kardui
npc	eclage	112	40	0	461	Eclage Guard Leo
npc	ecl_fild01	205	86	0	461	Eclage Messenger Roy
npc	splendide	267	368	0	446	Contact Officer
npc	eclage	274	294	0	436	Laphines Conversation
npc	eclage	275	294	0	445	Eclage Resident
npc	ecl_in03	244	57	0	440	Resting Laphine
npc	ecl_in03	245	54	0	439	Laphine official duty
npc	ecl_tdun04	32	35	0	623	Hisie
npc	que_avan01	26	41	0	618	Avant Magic Scholar
npc	que_avan01	22	40	0	1198	Avant's Summon
npc	que_avan01	29	40	0	1198	Avant's Summon
npc	que_avan01	29	36	0	1198	Avant's Summon
npc	que_avan01	29	32	0	1198	Avant's Summon
npc	que_avan01	23	34	0	623	Hisie
npc	que_avan01	25	41	0	623	Hisie
npc	bif_fild02	311	91	0	613	Dead Laphine
file	npc/re/quests/quests_exp_175.txt
npc	glast_01	191	273	0	735	Magician Nillem
npc	gl_cas01_	205	36	0	735	Magician Nillem
npc	abyss_03	108	97	0	10443	Traveler's Monument
npc	hugel	102	148	0	893	Ethnographer Marigold
npc	einbech	143	244	0	862	Apprentice Researcher Sally
npc	einbech	156	243	0	63	Need help
npc	einbech	154	244	0	726	Need help
file	npc/re/quests/quests_glastheim.txt
npc	glast_01	195	273	0	123	Hugin's follower
npc	gl_chyard_	148	149	0	123	Hugin's Follower
npc	gl_cas02_	104	36	0	123	Hugin's Follower
file	npc/re/quests/quests_illusion_dungeons.txt
npc	payon	164	229	0	78	Elder Sanyul
npc	payon	167	229	0	901	Elder Jagyeom
npc	pay_arche	48	137	0	92	Young Scholar
npc	pay_arche	44	133	0	708	Payon Soldier
npc	pay_arche	46	135	0	644	Muyeon
npc	payon_in03	33	95	0	644	Muyeon
npc	payon_in03	30	96	0	901	Jagyeom
npc	payon_in03	33	93	0	92	Young Scholar
npc	pay_dun03	140	46	0	10043	Shimmering Portal
npc	pay_dun03	143	45	0	708	Junghee
npc	pay_dun03	138	43	0	92	Young Scholar
npc	pay_d03_i	140	46	0	10043	Shimmering Portal
npc	pay_d03_i	149	45	0	92	Scholar Chunghae
npc	pay_d03_i	152	45	0	708	Soldier Junghee
npc	pay_d03_i	43	150	0	75	Villager
npc	pay_d03_i	82	237	0	75	Villager
npc	pay_d03_i	254	206	0	90	Villager
npc	pay_d03_i	81	136	0	59	Villager
npc	pay_d03_i	160	260	0	59	Villager
npc	gef_dun01	134	224	0	123	Mojo
npc	gef_dun01	133	221	0	123	Mojo
npc	gef_dun01	130	222	0	123	Mojo
npc	gef_dun01	130	224	0	123	Mojo
npc	gef_dun01	132	223	0	110	Grimm
npc	gef_d01_i	112	228	0	746	Marina
npc	gef_d01_i	116	228	0	669	Antoine
npc	gef_d01_i	113	230	0	79	Gem
npc	gef_d01_i	127	153	0	746	Marina
npc	gef_d01_i	213	237	0	746	Marina
npc	gef_d01_i	150	224	0	746	Marina
npc	gef_d01_i	208	144	0	746	Marina
npc	gef_d01_i	250	130	0	746	Marina
npc	gef_d01_i	255	202	0	746	Marina
npc	gef_d01_i	253	165	0	746	Marina
npc	gef_d01_i	46	112	0	937	Wizard
npc	gef_d01_i	136	58	0	557	Nameless Catacomb
npc	gef_d01_i	67	83	0	673	Wizard
npc	gef_d01_i	50	257	0	123	Wizard
npc	gef_d01_i	50	254	0	557	Nameless Catacomb
npc	gef_d01_i	110	266	0	937	Wizard
npc	gef_d01_i	111	264	0	557	Nameless Catacomb
npc	gef_d01_i	53	166	0	123	Wizard
npc	gef_d01_i	254	200	0	123	Wizard
npc	gef_d01_i	202	149	0	937	Wizard
npc	gef_d01_i	94	37	0	64	Wizard
npc	gef_d01_i	101	124	0	10224	Wizard
npc	gef_d01_i	80	139	0	79	Gem
npc	gef_d01_i	86	133	0	746	Marina
npc	gef_d01_i	85	139	0	669	Antoine
npc	gef_d01_i	84	135	0	10137	Dracula
npc	gef_d01_i	87	137	0	799	King
npc	gef_d01_i	80	132	0	735	Jojo
npc	gef_d01_i	81	135	0	10224	Wizard
npc	gef_d01_i	81	135	0	801	Wizard
npc	gef_d01_i	86	133	0	10137	Dracula
npc	gef_d01_i	185	97	0	799	King
npc	gef_d01_i	191	96	0	735	Wizard
npc	ice_d03_i	137	38	0	557	Heap of Dry Soil
npc	ice_d03_i	111	45	0	557	Heap of Dry Soil
npc	ice_d03_i	65	70	0	557	Heap of Dry Soil
npc	ice_d03_i	86	87	0	557	Heap of Dry Soil
npc	ice_d03_i	70	113	0	557	Heap of Dry Soil
npc	ice_d03_i	46	206	0	557	Heap of Dry Soil
npc	ice_d03_i	64	231	0	557	Heap of Dry Soil
npc	ice_d03_i	84	208	0	557	Heap of Dry Soil
npc	ice_d03_i	100	246	0	557	Heap of Dry Soil
npc	ice_d03_i	196	246	0	557	Heap of Dry Soil
npc	ice_d03_i	238	231	0	557	Heap of Dry Soil
npc	ice_d03_i	252	206	0	557	Heap of Dry Soil
npc	ice_d03_i	238	64	0	557	Heap of Dry Soil
npc	ice_d03_i	186	44	0	557	Heap of Dry Soil
npc	ice_d03_i	160	48	0	557	Heap of Dry Soil
npc	ice_d03_i	126	73	0	557	Heap of Dry Soil
npc	ice_d03_i	70	184	0	557	Heap of Dry Soil
npc	ice_d03_i	214	208	0	557	Heap of Dry Soil
npc	ice_d03_i	228	184	0	557	Heap of Dry Soil
npc	ice_d03_i	230	111	0	557	Heap of Dry Soil
npc	ice_d03_i	219	90	0	557	Heap of Dry Soil
npc	ice_d03_i	171	72	0	557	Heap of Dry Soil
npc	ice_d03_i	112	111	0	557	Heap of Dry Soil
npc	ice_d03_i	112	188	0	557	Heap of Dry Soil
npc	ice_d03_i	186	188	0	557	Heap of Dry Soil
npc	ice_d03_i	189	112	0	557	Heap of Dry Soil
npc	ice_d03_i	150	104	0	557	Heap of Dry Soil
npc	ice_d03_i	110	150	0	557	Heap of Dry Soil
npc	ice_d03_i	150	187	0	557	Heap of Dry Soil
npc	ice_d03_i	187	149	0	557	Heap of Dry Soil
npc	alberta	211	28	0	405	Knight Aylvar
npc	tur_d03_i	132	194	0	10042	Portal
npc	tur_d03_i	139	186	0	10238	Girl
npc	tur_d03_i	136	187	0	740	Archeologist Leiphen
npc	tur_d03_i	80	180	0	10239	Impatient Man
npc	tur_d03_i	235	187	0	10240	Susceptible Soldier
npc	tur_d04_i	96	112	0	10241	Fragile Woman
npc	tur_d04_i	100	112	0	10238	Girl
npc	tur_d04_i	101	110	0	740	Archeologist Leiphen
npc	tur_d04_i	96	112	0	792	Rancorous Ghost
npc	tur_d04_i	94	108	0	796	Rancorous Ghost
npc	tur_d04_i	91	111	0	792	Rancorous Ghost
npc	tur_d04_i	97	104	0	792	Rancorous Ghost
npc	tur_d04_i	107	109	0	792	Rancorous Ghost
npc	tur_d04_i	104	112	0	796	Rancorous Ghost
npc	tur_d04_i	102	102	0	796	Rancorous Ghost
npc	tur_d04_i	26	167	0	740	Archeologist Leiphen
npc	com_d02_i	241	255	0	843	Defense Manager Luanda
npc	com_d02_i	153	33	0	723	Shimmer
npc	com_d02_i	154	41	0	843	First Young
npc	com_d02_i	156	39	0	843	Third Young
npc	com_d02_i	118	100	0	723	Shimmer
npc	com_d02_i	120	95	0	90	Asudem
npc	com_d02_i	193	267	0	723	Shimmer
npc	com_d02_i	228	91	0	723	Shimmer
npc	com_d02_i	208	130	0	723	Shimmer
npc	com_d02_i	155	29	0	748	Villager
npc	com_d02_i	153	28	0	85	Villager
npc	com_d02_i	154	26	0	84	Villager
npc	com_d02_i	42	215	0	723	Shimmer
npc	com_d02_i	39	219	0	843	First Young
npc	com_d02_i	41	220	0	843	Second Young
npc	com_d02_i	117	94	0	90	Asudem
npc	com_d02_i	263	72	0	723	Shimmer
npc	com_d02_i	266	76	0	10029	Silhouette
npc	com_d02_i	238	266	0	857	Request Board
npc	prt_elib	57	18	0	47	Jerrymon
npc	izlude	126	53	0	50	Sirood
npc	izlude	129	49	0	48	Soup
npc	izlude	135	51	0	73	Raket
npc	izlude	132	49	0	97	Gein
npc	iz_d04_i	127	228	0	47	Jerrymon
npc	iz_d04_i	134	223	0	66	Jane
npc	iz_d04_i	142	216	0	92	Sunrin
npc	iz_d04_i	146	226	0	742	Nick
npc	iz_d04_i	129	232	0	417	Gatekeeper
npc	iz_d05_i	141	188	0	417	Guardian
npc	iz_d05_i	138	186	0	84	Kena
npc	anthell02	177	190	0	754	Mirko
npc	ein_d02_i	161	189	0	10043	Exit
npc	einbroch	149	242	0	798	Coughing young man
npc	ein_dun01	198	79	0	10290	Teddy Bear
npc	ein_dun01	189	84	0	10290	Bear
npc	ein_dun01	189	82	0	10290	Bear
npc	ein_dun01	190	80	0	10290	Bear
npc	ein_dun01	191	80	0	10290	Bear
npc	ein_dun01	195	80	0	854	Resident
npc	ein_dun01	196	80	0	10290	Bear
npc	ein_dun01	189	85	0	10290	Teddy Bear
npc	ein_dun01	189	87	0	10043	An entrance somewhere
npc	ein_d02_i	170	193	0	98	Steven
npc	ein_d02_i	135	229	0	798	Acid
npc	ein_d02_i	169	193	0	10292	White Teddy Bear
npc	ein_d02_i	171	193	0	10290	Teddy Bear
npc	ein_d02_i	172	192	0	798	Acid
npc	ein_d02_i	142	244	0	10291	??????
npc	ein_d02_i	141	244	0	10294	??????
npc	ein_d02_i	141	244	0	10293	??????
npc	ein_d02_i	140	244	0	10292	??????
npc	ein_d02_i	141	240	0	10290	??????
npc	ein_d02_i	139	240	0	10292	??????
npc	ein_d02_i	140	238	0	10290	??????
npc	ein_d02_i	136	240	0	10292	??????
npc	ein_d02_i	133	240	0	10293	??????
npc	ein_d02_i	142	237	0	10290	??????
npc	ein_d02_i	140	236	0	10292	??????
npc	ein_d02_i	142	243	0	10290	??????
npc	ein_d02_i	144	242	0	10290	??????
npc	ein_d02_i	144	240	0	10290	??????
npc	ein_d02_i	141	246	0	10292	??????
npc	ein_d02_i	141	237	0	10290	??????
npc	ein_d02_i	141	242	0	10293	??????
npc	ein_d02_i	137	240	0	10290	??????
npc	ein_d02_i	136	238	0	10290	??????
npc	ein_d02_i	138	238	0	10290	??????
npc	ein_d02_i	141	241	0	10293	??????
npc	ein_d02_i	145	241	0	10290	??????
npc	ein_d02_i	140	243	0	10290	??????
npc	ein_d02_i	133	233	0	98	Steven
npc	ein_d02_i	168	206	0	10294	Gloomy Teddy Bear
npc	ein_d02_i	191	192	0	893	Porcelain Doll Craftsman
npc	ein_d02_i	169	244	0	10292	White Bear
npc	ein_d02_i	169	244	0	10294	Sirumsireum Teddy Bear
npc	prt_mz03_i	10	18	0	10313	Trace of Anes
npc	prt_mz03_i	135	68	0	10315	Trace of Silvano
npc	prt_mz03_i	183	26	0	10317	Trace of Cecilia
file	npc/re/quests/quests_izlude.txt
npc	izlude	179	219	0	49	Edgar
npc	izlude_a	179	219	0	49	Edgar
npc	izlude_b	179	219	0	49	Edgar
npc	izlude_c	179	219	0	49	Edgar
npc	izlude_d	179	219	0	49	Edgar
file	npc/re/quests/quests_lighthalzen.txt
npc	izlude	172	73	0	853	Scamp
npc	izlude_a	172	73	0	853	Scamp
npc	izlude_b	172	73	0	853	Scamp
npc	izlude_c	172	73	0	853	Scamp
npc	izlude_d	172	73	0	853	Scamp
file	npc/re/quests/quests_malangdo.txt
npc	mal_in02	134	31	0	505	Investment Cat Helper
npc	malangdo	184	139	0	560	Storekeeper
npc	mal_in02	28	56	0	495	Samuel
npc	mal_in02	22	62	0	556	Tomas
npc	mal_in02	182	61	0	421	President of Meeting
npc	mal_in02	178	66	0	422	Scottfold
npc	mal_in02	177	58	0	546	Koon
npc	mal_in02	174	64	0	549	Linguist Devore
npc	mal_in02	179	57	0	559	Geologist Mali
npc	mal_in02	140	94	0	553	Bob
npc	malangdo	114	157	0	550	Crack
npc	malangdo	284	237	0	550	Crack
npc	malangdo	134	150	0	550	Crack
npc	malangdo	173	199	0	550	Crack
npc	malangdo	233	197	0	550	Crack
npc	malangdo	137	239	0	550	Crack
npc	malangdo	239	157	0	550	Crack
npc	malangdo	221	155	0	550	Crack
npc	malangdo	217	109	0	550	Crack
npc	malangdo	162	183	0	550	Crack
npc	mal_in02	181	55	0	545	Brie
npc	mal_in01	114	169	0	547	Rican
npc	mal_in01	116	168	0	563	Dry Machine
npc	malangdo	221	139	0	557	Suspicious Sand Pile
npc	malangdo	208	174	0	557	Suspicious Sand Pile
npc	malangdo	191	223	0	557	Suspicious Sand Pile
npc	malangdo	150	195	0	557	Suspicious Sand Pile
npc	malangdo	116	196	0	557	Suspicious Sand Pile
npc	malangdo	178	145	0	557	Suspicious Sand Pile
npc	malangdo	142	120	0	557	Suspicious Sand Pile
npc	malangdo	136	122	0	557	Suspicious Sand Pile
npc	malangdo	152	143	0	557	Suspicious Sand Pile
npc	malangdo	242	175	0	557	Suspicious Sand Pile
npc	mal_dun01	136	120	0	549	Linguist Devore
npc	mal_dun01	136	122	0	551	Biscuit
npc	mal_in02	102	94	0	544	Cleaning Staff
npc	mal_dun01	133	125	0	552	Star Candy
npc	malangdo	190	167	0	546	Portali
npc	malangdo	137	200	0	549	Pipielle
npc	malangdo	175	206	0	561	Gobonge
npc	malangdo	181	205	0	547	Gobulee
npc	malangdo	180	202	0	547	Gobyungee
npc	malangdo	186	201	0	547	Gosigee
npc	malangdo	177	202	0	547	Gonanee
npc	malangdo	183	202	0	547	Godoree
npc	malangdo	203	116	0	543	Suspious Dealer
npc	malangdo	205	116	0	543	Very Suspious Dealer
npc	malangdo	197	120	0	546	A Foolish Cat
npc	malangdo	171	163	0	543	Awfully Suspious Dealer
npc	mal_in02	184	72	0	547	Gozangee
npc	malangdo	125	147	0	545	Patrol Leader
npc	malangdo	129	146	0	545	Crime Prevention Staff
npc	malangdo	3	1	0	543	Guidance for quest
npc	mal_in02	76	63	0	544	Cleanyang
npc	malangdo	133	134	0	557	Strange Pile of Sand
npc	malangdo	197	237	0	557	Strange Pile of Sand
npc	mal_in02	187	58	0	548	Chef Nyas
npc	malangdo	165	223	0	561	Expert Cat
npc	malangdo	211	203	0	560	[Meow Team] Charo
npc	malangdo	214	204	0	559	[Meow Team] Rosy
npc	malangdo	215	201	0	553	[Meow Team] Roku
npc	malangdo	176	165	0	544	Deckhand Bubi
npc	malangdo	172	178	0	560	Cat Detective
npc	malangdo	173	177	0	559	Friend of Detective
npc	mal_in02	166	74	0	555	Neat Crew
npc	mal_in02	132	95	0	561	Scary Crew
npc	mal_in02	109	62	0	545	Picky Crew
npc	mal_in01	31	210	0	549	Cat Gamers Director
npc	malangdo	127	111	0	547	Strange Cat
npc	malangdo	161	197	0	876	Eryu
npc	malangdo	230	197	0	555	Stew
npc	malangdo	244	144	0	546	Ketchup
npc	malangdo	181	119	0	560	Eff
npc	mal_in01	91	216	0	544	Ser
npc	mal_in01	86	222	0	544	Paa
npc	mal_in01	91	222	0	422	Kuka
npc	mal_in01	134	221	0	422	KungKung
npc	mal_in01	133	214	0	546	Leader
npc	mal_in01	136	216	0	553	Seichi
npc	mal_in01	136	215	0	559	Row
npc	mal_in01	136	214	0	876	Debong
npc	mal_in01	136	213	0	421	Libs
npc	mal_in01	136	212	0	554	YongYong
npc	malangdo	120	140	0	858	Sign
npc	mal_in01	15	221	0	858	Sign
npc	mal_in01	77	214	0	858	Sign
npc	mal_in01	142	220	0	858	Sign
npc	mal_in01	155	222	0	890	Uneet
npc	mal_in01	30	222	0	560	Interview Cat
npc	mal_in01	19	213	0	555	Waiting Cat
npc	malangdo	234	153	0	837	Notice Board
npc	mal_in01	15	16	0	403	Fallen Angel
file	npc/re/quests/quests_malaya.txt
npc	malaya	266	76	0	570	Rodel the Guard
npc	malaya	185	358	0	580	Leader Phong in Mumbaki
npc	malaya	169	350	0	475	Imelda
npc	malaya	181	353	0	574	Old Man Nardo
npc	malaya	224	267	0	573	Romel
npc	malaya	223	267	0	941	Talah
npc	malaya	62	274	0	557	Sand Trap
npc	malaya	66	277	0	557	Sand Trap
npc	malaya	70	282	0	557	Sand Trap
npc	malaya	295	171	0	582	Collection Dealer Woeon
npc	malaya	119	217	0	538	Blacksmith Pandoi
npc	malaya	326	68	0	100	Pedro the Sailor
npc	ma_in01	125	107	0	1761	Ghost Diwata
npc	ma_fild01	261	208	0	580	Kiko in Mumbaki
npc	ma_fild01	239	253	0	570	Dhong the Guard
npc	ma_fild01	238	257	0	972	Guard Dog Vantai
npc	ma_fild01	200	190	0	579	Maries
npc	ma_fild01	203	189	0	576	Little Girl
npc	ma_fild01	251	93	0	576	Lost Child
npc	ma_fild01	114	141	0	576	Lost Child
npc	ma_fild01	130	314	0	576	Lost Child
npc	ma_fild02	241	39	0	572	Good Capre Budidai
npc	ma_fild01	166	214	0	575	Old Man in Dilemma
npc	ma_fild01	238	198	0	582	Tikbalang Expert
npc	ma_fild01	158	243	0	582	Tribe Blacksmith
npc	malaya	305	281	0	570	Guard
npc	malaya	276	288	0	582	Port Malaya Villager
npc	malaya	278	288	0	583	Port Malaya Villager
npc	malaya	276	286	0	582	Port Malaya Villager
npc	ma_in01	47	101	0	577	Totoy
npc	ma_in01	43	101	0	81	Dog
npc	malaya	290	152	0	578	Master of Hunting
npc	ma_fild02	155	235	0	557	Unknown Trace
npc	ma_fild02	143	142	0	557	Unknown Trace
npc	ma_fild02	266	155	0	557	Unknown Trace
npc	ma_fild02	221	91	0	557	Unknown Trace
npc	ma_fild02	205	85	0	557	Unknown Trace
npc	ma_fild02	300	98	0	557	Unknown Trace
npc	ma_fild02	100	275	0	557	Unknown Trace
npc	malaya	290	340	0	571	Guard Leader
npc	ma_fild02	312	259	0	81	Dog
npc	ma_fild02	308	262	0	570	Guard
npc	malaya	280	331	0	578	Singing Man
npc	malaya	275	333	0	579	Singing Woman
npc	malaya	290	329	0	577	Frightened Boy
npc	malaya	264	338	0	576	Frightened Maiden
npc	malaya	272	339	0	575	Old Fortune Teller
npc	malaya	285	332	0	574	Old Legend Teller
npc	ma_fild02	40	240	0	578	Malaya Immigrant
npc	ma_fild01	165	237	0	582	Malaya Immigrant
npc	malaya	304	100	0	576	Old Man's Granddaughter
npc	malaya	286	269	0	578	Angry Man
npc	malaya	276	269	0	579	Calm Woman
npc	malaya	276	262	0	577	Angry Boy
npc	malaya	283	265	0	580	Village Chief
npc	malaya	269	267	0	582	Missing Person's Father
npc	malaya	265	274	0	577	Missing Person's Friend
npc	malaya	270	278	0	578	Missing Person's Son
npc	malaya	265	284	0	579	Missing Person's Mother
npc	malaya	289	364	0	583	Young Fortune Teller
npc	ma_fild01	54	253	0	582	Gruffy Worker
npc	ma_fild01	236	119	0	577	Grumpy Worker
npc	ma_scene01	177	89	0	578	Cowardly Worker
npc	ma_scene01	141	118	0	582	Gloomy Worker
npc	ma_scene01	175	170	0	578	Sentimental Worker
npc	sec_in02	10	16	0	543	Bakonawa Intro Helper
npc	malaya	55	72	0	569	Nurse
npc	ma_dun01	35	108	0	569	Nurse
npc	ma_dun01	152	23	0	858	Suspicious Wooden Stick
npc	malaya	64	78	0	583	Village Woman
npc	malaya	62	37	0	582	Village Man
npc	malaya	210	200	0	865	Dr. Boon
npc	malaya	40	52	0	858	Suspicious Wooden Stick
npc	malaya	31	42	0	858	Suspicious Wooden Stick
npc	malaya	34	36	0	858	Suspicious Wooden Stick
npc	malaya	40	32	0	858	Suspicious Wooden Stick
npc	malaya	50	85	0	858	Suspicious Wooden Stick
npc	malaya	46	93	0	858	Suspicious Wooden Stick
npc	malaya	36	98	0	858	Suspicious Wooden Stick
npc	malaya	48	79	0	858	Suspicious Wooden Stick
npc	malaya	50	46	0	858	Suspicious Wooden Stick
npc	malaya	59	84	0	858	Suspicious Wooden Stick
npc	malaya	114	183	0	575	Bent Old Lady
npc	malaya	276	367	0	782	Bent Shaman
npc	ma_fild01	1	1	0	894	Pintados Manager
npc	ma_fild01	179	260	0	577	Festival Helper Boy
npc	ma_fild01	172	223	0	574	Tattooist
npc	ma_fild01	192	200	0	58	Tourist
npc	ma_fild01	211	200	0	775	Tourist
npc	ma_fild01	251	205	0	824	Tourist
npc	ma_fild01	249	206	0	582	Young Tattooist
npc	ma_fild01	162	235	0	815	Tourist
npc	ma_fild01	164	234	0	578	Drumming Young Man
npc	ma_fild01	170	231	0	578	Drumming Young Man
npc	ma_fild01	164	228	0	578	Drumming Young Man
npc	ma_fild01	170	234	0	577	Beat Catching Boy
npc	ma_fild01	164	231	0	577	Beat Catching Boy
npc	ma_fild01	170	228	0	577	Beat Catching Boy
file	npc/re/quests/quests_mora.txt
npc	mid_camp	148	222	0	982	Theore
npc	spl_fild02	79	104	0	440	Fairy
npc	spl_fild02	79	104	0	445	Fairy
npc	spl_fild02	79	104	0	439	Fairy
npc	spl_fild02	103	344	0	440	Fairy
npc	spl_fild02	103	344	0	445	Fairy
npc	spl_fild02	103	344	0	439	Fairy
npc	spl_fild02	261	323	0	440	Fairy
npc	spl_fild02	261	323	0	445	Fairy
npc	spl_fild02	261	323	0	439	Fairy
npc	spl_fild02	137	305	0	440	Fairy
npc	spl_fild02	137	305	0	445	Fairy
npc	spl_fild02	137	305	0	439	Fairy
npc	spl_fild02	23	196	0	440	Fairy
npc	spl_fild02	23	196	0	445	Fairy
npc	spl_fild02	23	196	0	439	Fairy
npc	spl_fild02	186	260	0	440	Fairy
npc	spl_fild02	186	260	0	445	Fairy
npc	spl_fild02	186	260	0	439	Fairy
npc	spl_fild02	180	1	0	440	Bush1Timer
npc	spl_fild02	181	1	0	440	Bush2Timer
npc	spl_fild02	182	1	0	440	Bush3Timer
npc	spl_fild02	183	1	0	440	Bush4Timer
npc	spl_fild02	184	1	0	440	Bush5Timer
npc	spl_fild02	186	1	0	440	Bush6Timer
npc	spl_fild02	187	1	0	440	Field Bush Switch
npc	splendide	183	117	0	438	Tired-looking Fairy
npc	splendide	119	138	0	440	Kusmi
npc	splendide	304	295	0	445	Theodore
npc	splendide	168	301	0	439	Pauchon
npc	splendide	262	376	0	447	Laphine Soldier
npc	mora	185	163	0	516	Warehouse Manager
npc	mora	35	119	0	513	Rondo
npc	mora	98	66	0	518	Lilitia
npc	mora	139	102	0	515	Humming
npc	mora	55	124	0	495	Jones
npc	splendide	121	260	0	435	Daphrer
npc	sec_in02	35	175	0	436	Theore Set Guid
npc	dic_in01	260	194	0	498	Cheshire
npc	bif_fild01	335	168	0	497	Cheshire
npc	dicastes02	103	190	0	497	Cheshire
npc	mora	117	66	0	521	Euridi
npc	mora	115	68	0	520	Euridi's Friend
npc	mora	65	145	0	519	Pitt
npc	bif_fild01	132	338	0	461	Lope
npc	mora	31	138	0	522	Raffle Researcher
npc	mora	133	80	0	509	Elephantine
npc	mora	115	98	0	509	Hotcha
npc	mora	119	103	0	513	Bow-wow
npc	mora	119	118	0	516	General Goods Dealer
npc	mora	124	108	0	514	Woof-grrr
npc	mora	127	112	0	518	Commodities Dealer
npc	mora	170	101	0	515	Soul Guide
npc	mora	131	165	0	520	Wandering Customer
npc	mora	125	174	0	520	A Random Customer
npc	mora	104	172	0	520	Victim
npc	sec_in02	29	34	0	453	Initializing Mora Sanjo
npc	mora	118	166	0	525	Knights Chief
npc	mora	116	165	0	524	Knights Boss
npc	mora	114	163	0	522	Knights Head
npc	mora	112	161	0	523	Knights Leader
file	npc/re/quests/quests_morocc.txt
npc	morocc	152	167	0	89	William
npc	morocc	169	168	0	64	Alchemist
npc	moc_fild07	380	202	0	852	Continental Guard
npc	moc_fild11	189	360	0	852	Continental Guard
npc	prt_fild10	263	23	0	852	Continental Guard
npc	prt_fild09	95	19	0	852	Continental Guard
npc	prt_fild09	246	17	0	852	Continental Guard
npc	moc_fild13	32	171	0	852	Continental Guard
npc	moc_fild16	124	381	0	852	Continental Guard
npc	moc_fild16	333	380	0	852	Continental Guard
npc	moc_fild01	84	19	0	852	Continental Guard
npc	morocc	176	101	0	754	Continental Official
npc	moc_prydb1	103	54	0	547	Suspicious Cat
npc	moc_prydn1	94	98	0	547	Suspicious Cat
file	npc/re/quests/quests_nameless.txt
npc	izlude_in	57	92	0	878	Dorian
file	npc/re/quests/quests_rockridge.txt
npc	alberta	240	103	0	709	Karam Pucci
npc	harboro1	80	218	0	10210	Costello
npc	har_in01	20	30	0	10211	Wyatt Warp
npc	har_in01	14	24	0	10212	Ivoka Skudi
npc	har_in01	100	14	0	10220	Vigilante
npc	har_in01	81	30	0	695	Harold
npc	har_in01	78	25	0	10157	Egring
npc	har_in01	89	26	0	10213	Johnny James
npc	har_in01	88	22	0	10212	Ivoka Skudi
npc	rockrdg1	160	306	0	10213	Johnny James
npc	rockrdg1	168	306	0	10214	Albert Ford
npc	rockrdg1	156	302	0	10212	Ivoka Skudi
npc	rockrdg1	156	306	0	10212	Cactus Gunslinger
npc	rockrdg1	161	302	0	10212	Cactus Gunslinger
npc	rockrdg1	164	306	0	10212	Cactus Gunslinger
npc	rockrdg1	156	312	0	10042	Unmoving Freight Train
npc	rockrdg1	153	303	0	10211	Wyatt Warp
npc	harboro1	288	193	0	10215	Shawn McCurdy
npc	rockrdg2	347	216	0	10215	Shawn McCurdy
npc	rockmi2	10	86	0	10215	Shawn McCurdy
npc	rockmi2	97	120	0	10046	Broken Elevator
npc	rockrdg2	279	313	0	10042	Concaved Rock
npc	rockrdg2	295	309	0	10214	Albert Ford
npc	rockrdg1	341	133	0	10220	Mrs. Cacturon
npc	rockrdg1	339	134	0	10222	Little Lecter
npc	rockrdg1	182	124	0	10042	Suspicious Sand Mound
npc	rockrdg1	182	124	0	557	Suspicious Sand Mound
npc	rockrdg1	286	247	0	10042	Suspicious Sand Mound
npc	rockrdg1	202	246	0	10042	Suspicious Sand Mound
npc	rockrdg1	149	103	0	10042	Suspicious Sand Mound
npc	rockrdg1	96	141	0	10042	Suspicious Sand Mound
npc	rockrdg1	122	243	0	10042	Suspicious Sand Mound
npc	rockrdg1	330	240	0	10042	Suspicious Sand Mound
npc	rockrdg1	242	287	0	10042	Suspicious Sand Mound
npc	rockrdg1	89	216	0	10042	Suspicious Sand Mound
npc	rockrdg1	77	259	0	10042	Suspicious Sand Mound
npc	rockrdg1	286	247	0	557	Suspicious Sand Mound
npc	rockrdg1	202	246	0	557	Suspicious Sand Mound
npc	rockrdg1	149	103	0	557	Suspicious Sand Mound
npc	rockrdg1	96	141	0	557	Suspicious Sand Mound
npc	rockrdg1	122	243	0	557	Suspicious Sand Mound
npc	rockrdg1	330	240	0	557	Suspicious Sand Mound
npc	rockrdg1	242	287	0	557	Suspicious Sand Mound
npc	rockrdg1	89	216	0	557	Suspicious Sand Mound
npc	rockrdg1	77	259	0	557	Suspicious Sand Mound
npc	rockrdg1	146	164	0	10042	Wasteland Cactuten
npc	rockrdg1	146	164	0	10218	Wasteland Cactuten
npc	rockrdg1	195	183	0	10042	Curious Coyote
npc	rockrdg1	305	200	0	10042	Cactus Girl
npc	rockrdg1	305	200	0	10226	Cactus Girl
npc	rockrdg1	266	219	0	10042	Absorbed Coyote
npc	rockrdg1	262	90	0	10217	Crouched Horse
npc	harboro1	231	254	0	58	Exotic Merchant
npc	harboro1	357	163	0	886	Food Distributer
npc	harboro1	352	196	0	98	Hungry Laborer
npc	harboro1	352	193	0	855	Hungry Laborer
npc	harboro1	352	190	0	100	Hungry Laborer
npc	harboro1	352	184	0	99	Hungry Laborer
npc	harboro1	352	181	0	846	Hungry Laborer
npc	harboro1	352	175	0	99	Hungry Laborer
npc	harboro1	352	172	0	98	Hungry Laborer
npc	harboro1	353	166	0	99	Hungry Laborer
npc	harboro1	354	149	0	733	Enthusiastic Job Seeker
npc	harboro1	345	149	0	734	Enthusiastic Job Seeker
npc	harboro1	350	149	0	753	Enthusiastic Job Seeker
npc	harboro1	348	148	0	753	Enthusiastic Job Seeker
npc	harboro1	346	157	0	732	Enthusiastic Job Seeker
npc	harboro1	349	157	0	734	Enthusiastic Job Seeker
npc	harboro1	353	156	0	755	Enthusiastic Job Seeker
npc	harboro1	347	155	0	733	Enthusiastic Job Seeker
npc	harboro1	351	154	0	735	Enthusiastic Job Seeker
npc	harboro1	354	153	0	732	Enthusiastic Job Seeker
npc	harboro1	347	151	0	732	Enthusiastic Job Seeker
npc	harboro1	352	150	0	735	Enthusiastic Job Seeker
npc	harboro1	357	155	0	880	Steel Vigilante
npc	harboro1	357	152	0	884	Steel Vigilante
npc	harboro1	347	133	0	870	Scared Artificer
npc	harboro1	344	133	0	85	Scared Artificer
npc	harboro1	340	137	0	826	Scared Artificer
npc	harboro1	338	132	0	854	Scared Artificer
npc	harboro1	343	137	0	88	Scared Artificer
npc	harboro1	342	135	0	870	Scared Artificer
npc	harboro1	344	142	0	709	Scared Artificer
npc	harboro1	341	131	0	826	Scared Artificer
npc	harboro1	338	141	0	855	Scared Artificer
npc	harboro1	347	137	0	88	Scared Artificer
npc	harboro1	341	141	0	826	Scared Artificer
npc	harboro1	338	136	0	870	Scared Artificer
npc	harboro1	334	135	0	853	Desalination Facility Manager
npc	harboro1	333	138	0	861	Jamie
npc	harboro1	332	144	0	10007	Underground Passage
npc	harboro2	333	187	0	10007	Underground Passage
npc	harboro2	52	261	0	10042	Red Pipe
npc	harboro2	54	216	0	10043	Blue Pipe
npc	harboro2	59	243	0	10044	Yellow Pipe
npc	harboro2	71	200	0	10046	White Pipe
npc	harboro2	73	102	0	10042	Red Pipe
npc	harboro2	74	173	0	10043	Blue Pipe
npc	harboro2	86	160	0	10044	Yellow Pipe
npc	harboro2	89	213	0	10046	White Pipe
npc	harboro2	89	223	0	10042	Red Pipe
npc	harboro2	89	234	0	10043	Blue Pipe
npc	harboro2	92	124	0	10044	Yellow Pipe
npc	harboro2	94	106	0	10046	White Pipe
npc	harboro2	97	209	0	10042	Red Pipe
npc	harboro2	106	233	0	10043	Blue Pipe
npc	harboro2	108	112	0	10044	Yellow Pipe
npc	harboro2	117	197	0	10046	White Pipe
npc	harboro2	120	116	0	10042	Red Pipe
npc	harboro2	121	157	0	10043	Blue Pipe
npc	harboro2	140	115	0	10044	Yellow Pipe
npc	harboro2	146	95	0	10046	White Pipe
npc	harboro2	148	128	0	10042	Red Pipe
npc	harboro2	151	123	0	10043	Blue Pipe
npc	harboro2	158	151	0	10044	Yellow Pipe
npc	harboro2	161	163	0	10046	White Pipe
npc	harboro2	169	125	0	10042	Red Pipe
npc	harboro2	170	224	0	10043	Blue Pipe
npc	harboro2	177	134	0	10044	Yellow Pipe
npc	harboro2	180	114	0	10046	White Pipe
npc	harboro2	181	155	0	10042	Red Pipe
npc	harboro2	187	113	0	10043	Blue Pipe
npc	harboro2	207	121	0	10044	Yellow Pipe
npc	harboro2	211	49	0	10046	White Pipe
npc	harboro2	221	234	0	10042	Red Pipe
npc	harboro2	224	199	0	10043	Blue Pipe
npc	harboro2	226	69	0	10044	Yellow Pipe
npc	harboro2	230	102	0	10046	White Pipe
npc	harboro2	240	83	0	10042	Red Pipe
npc	harboro2	244	161	0	10043	Blue Pipe
npc	harboro2	266	129	0	10044	Yellow Pipe
npc	harboro2	291	44	0	10046	White Pipe
npc	harboro1	138	157	0	854	Donovan
npc	harboro2	167	82	0	10231	Midnight
npc	harboro2	164	80	0	798	Demon
npc	harboro2	166	80	0	649	Traces of Fire
npc	harboro2	165	77	0	10024	Tool
npc	harboro2	164	78	0	10025	Tool
npc	harboro2	166	78	0	10026	Tool
npc	rockrdg2	295	328	0	10231	Frail Ghast
npc	harboro1	347	65	0	74	Mrs. McPhy
npc	rockrdg1	36	250	0	98	Mr. McPhy
npc	rockrdg1	170	233	0	550	Hole
npc	rockrdg1	183	143	0	550	Hole
npc	rockrdg1	215	72	0	550	Hole
npc	rockrdg1	43	145	0	550	Hole
npc	rockrdg1	100	230	0	550	Hole
npc	rockrdg1	58	195	0	550	Hole
npc	rockrdg1	71	149	0	550	Hole
npc	rockrdg1	109	60	0	550	Hole
npc	rockrdg1	191	101	0	550	Hole
npc	harboro1	345	61	0	81	Spotty
npc	harboro1	344	61	0	98	Mr. McPhy
npc	rockrdg1	330	104	0	10218	Curt Snake
npc	rockrdg1	299	82	0	10164	Tagliatelle
npc	rockrdg1	297	84	0	549	Taneska
npc	rockrdg1	285	96	0	10219	Glaring Eagle
npc	rockrdg1	328	112	0	10226	Karintas
npc	rockrdg1	331	111	0	10222	Juanitas
npc	rockrdg1	327	109	0	10226	Swift Scorpion
npc	rockrdg1	287	95	0	10227	Litis
npc	rockrdg1	297	111	0	10148	Roytanen
npc	harboro1	60	215	0	709	Karam Pucci
npc	harboro1	321	237	0	882	Rubina Adler
npc	harboro1	75	211	0	82	Zebedee
npc	harboro1	75	219	0	96	Irene
npc	harboro1	79	224	0	881	Miles Wiesner
npc	harboro1	82	221	0	10226	Cheerful Leaf
npc	harboro1	83	221	0	10225	Mahua Kaya
npc	harboro1	86	218	0	634	Welch
npc	harboro1	88	217	0	703	Edith Richie
npc	harboro1	86	210	0	102	Carmen O'Neil
npc	harboro1	85	208	0	778	Leland Wenkins
npc	harboro1	100	77	0	102	Maybell
npc	harboro1	229	64	0	850	Rosemary Weber
npc	harboro1	87	207	0	561	Drunk Doram
npc	harboro1	80	204	0	96	Elsie
npc	harboro1	81	205	0	828	Mortimer
npc	harboro1	73	206	0	486	Walter Greenwald
npc	harboro1	84	200	0	848	Delbert Lake
npc	harboro1	85	195	0	850	Constance
npc	harboro1	93	201	0	10203	Roland Burts
npc	harboro1	98	211	0	641	Loretta
npc	harboro1	100	211	0	79	Dolores
npc	harboro1	101	210	0	60	Maurice
npc	harboro1	94	237	0	573	Cordell
npc	harboro1	74	259	0	633	Eloise McCurdy
npc	harboro1	130	237	0	712	Loading Dock Foreman
npc	harboro1	126	236	0	881	Jader
npc	harboro1	128	233	0	642	Rosco Richie
npc	harboro1	130	232	0	545	Portnias
npc	harboro1	144	262	0	996	Scrap Metal Collector
npc	harboro1	146	264	0	896	Scrap Metal Collector
npc	harboro1	182	241	0	81	Stray Dog
npc	harboro1	183	241	0	81	Stray Dog
npc	harboro1	187	236	0	690	Customer
npc	harboro1	182	236	0	688	Customer
npc	harboro1	231	251	0	10005	Merchant's Chest
npc	harboro1	229	256	0	938	Charlotte
npc	harboro1	192	262	0	938	Bulk Trader's Camel
npc	harboro1	197	262	0	938	Bulk Trader's Camel
npc	harboro1	210	262	0	938	Bulk Trader's Camel
npc	harboro1	216	262	0	938	Bulk Trader's Camel
npc	harboro1	223	261	0	938	Bulk Trader's Camel
npc	harboro1	225	257	0	938	Bulk Trader's Camel
npc	harboro1	227	263	0	938	Bulk Trader's Camel
npc	harboro1	229	258	0	938	Bulk Trader's Camel
npc	harboro1	234	259	0	938	Bulk Trader's Camel
npc	harboro1	236	252	0	938	Bulk Trader's Camel
npc	harboro1	237	256	0	938	Bulk Trader's Camel
npc	harboro1	238	258	0	938	Bulk Trader's Camel
npc	harboro1	226	255	0	938	Bulk Trader's Camel
npc	harboro1	227	260	0	938	Bulk Trader's Camel
npc	harboro1	227	260	0	938	Bulk Trader's Camel
npc	harboro1	232	258	0	938	Bulk Trader's Camel
npc	harboro1	210	219	0	110	Priest
npc	harboro1	229	212	0	778	Herman Farland
npc	harboro1	231	212	0	879	Edel Peppina
npc	harboro1	233	215	0	881	Wilfred Sagan
npc	harboro1	168	216	0	698	Hilliard
npc	harboro1	156	215	0	46	Innkeeper
npc	harboro1	228	170	0	10156	Wanderer Doram
npc	harboro1	130	158	0	10222	Akuha
npc	harboro1	132	157	0	10226	Nahari
npc	harboro1	99	127	0	82	Kid
npc	harboro1	96	130	0	955	Thunder
npc	harboro1	104	130	0	955	Lightning
npc	harboro1	102	133	0	955	Speed Racer 2
npc	harboro1	104	132	0	955	Speed Racer 1
npc	harboro1	174	125	0	53	Villager
npc	harboro1	184	123	0	567	Traveler
npc	harboro1	188	123	0	881	Traveler
npc	harboro1	211	115	0	808	Worker
npc	harboro1	213	117	0	54	Worker
npc	harboro1	211	113	0	952	Foreman
npc	harboro1	214	115	0	52	Worker
npc	harboro1	290	104	0	10164	Eznia
npc	harboro1	273	259	0	853	Alain Morlein
npc	harboro1	270	252	0	109	Bank Clerk
npc	harboro1	241	200	0	900	Gunslinger Posh
npc	harboro1	274	214	0	10228	White Twig
npc	harboro1	278	195	0	879	Carola Firth
npc	harboro1	280	195	0	828	Lucas Richie
npc	harboro1	314	211	0	886	Bakery Owner
npc	harboro1	282	201	0	554	Rock Ridge Tiger
npc	harboro1	302	175	0	81	Sammy
npc	harboro1	312	173	0	700	Bounty Hunter
npc	harboro1	301	175	0	726	Shepherd
npc	harboro1	303	179	0	890	Malnourished Sheep
npc	harboro1	299	179	0	890	Frail Sheep
npc	harboro1	305	178	0	890	Coarse-haired Sheep
npc	harboro1	297	178	0	890	Dozing Sheep
npc	harboro1	311	53	0	90	Joyce Leslie
npc	harboro1	324	124	0	571	Joe
npc	harboro1	352	199	0	99	Hungry Laborer
npc	harboro1	352	187	0	870	Curious Person
npc	harboro1	352	178	0	100	Hungry Laborer
npc	harboro1	352	169	0	855	Hungry Laborer
npc	harboro1	355	164	0	100	Hungry Laborer
npc	harboro2	67	191	0	749	Smell Maniac
npc	harboro2	57	239	0	85	Unemployed Man
npc	harboro2	118	264	0	863	Old Woman
npc	harboro2	120	265	0	945	Old Man
npc	harboro2	125	196	0	914	Mom's Kid
npc	harboro2	123	195	0	53	Kid's Mom
npc	harboro2	142	155	0	10230	Buffalo Bandit
npc	harboro2	144	156	0	10232	Buffalo Bandit
npc	harboro2	258	117	0	79	Dispatched Nun
npc	rockrdg1	310	48	0	10222	Erekter
npc	rockrdg1	308	49	0	10228	Soft Feather
file	npc/re/quests/quests_veins.txt
npc	ve_fild02	337	314	0	945	Wincing Old Man
file	npc/re/quests/seals/brisingamen_seal.txt
npc	prt_cas	373	75	0	105	Librarian
file	npc/re/quests/seals/megingard_seal.txt
npc	prt_cas	180	269	0	56	Rebarev Doug
npc	prt_cas	241	100	0	734	Crusader
file	npc/re/quests/skills/merchant_skills.txt
npc	alberta	47	37	0	851	Cart Remodel Expert
file	npc/re/quests/skills/swordman_skills.txt
npc	izlude_in	118	175	0	98	Knight De Thomas
file	npc/re/quests/the_sign_quest.txt
npc	prt_cas	87	214	0	105	Soldier
file	npc/re/quests/woe_te/te_goditem_alde1.txt
npc	te_aldecas1	226	34	0	931	Blacksmith Cano
file	npc/re/quests/woe_te/te_goditem_prt01.txt
npc	te_prtcas01	204	204	0	930	Blacksmith Kai
file	npc/re/quests/woe_te/te_mission_alde.txt
npc	te_alde_gld	218	182	0	899	Kafragarten Instructor
file	npc/re/quests/woe_te/te_mission_prt.txt
npc	te_prt_gld	125	149	0	899	Gloria Instructor
file	npc/re/warps/dungeons/abyss.txt
npc	abyss_03	91	110	0	837	Sign
file	npc/re/warps/dungeons/iz_dun.txt
npc	iz_dun04	130	234	0	413	Gatekeeper
npc	iz_dun05	142	190	0	413	Guard
file	npc/re/warps/dungeons/mag_dun.txt
npc	mag_dun02	248	72	0	852	Republic Guard
file	npc/re/warps/other/TrainingZone.txt
npc	prontera	246	62	0	105	Training Instructor
npc	tra_fild	111	79	0	105	Training Instructor
npc	tra_fild	112	171	0	105	Training Instructor
file	npc/re/warps/other/TrainingZone123.txt
npc	prontera	246	62	0	105	Training Instructor
npc	tra_fild01	204	117	0	105	Training Ground Manager
npc	tra_fild01	15	117	0	105	Training Ground Manager
npc	tra_fild01	106	32	0	105	Training Ground Manager
npc	tra_fild01	108	100	0	105	Training Ground Manager
npc	tra_fild02	204	117	0	105	Training Ground Manager
npc	tra_fild02	15	117	0	105	Training Ground Manager
npc	tra_fild02	106	32	0	105	Training Ground Manager
npc	tra_fild02	108	100	0	105	Training Ground Manager
npc	tra_fild03	204	117	0	105	Training Ground Manager
npc	tra_fild03	15	117	0	105	Training Ground Manager
npc	tra_fild03	106	32	0	105	Training Ground Manager
npc	tra_fild03	108	100	0	105	Training Ground Manager
file	npc/re/warps/other/dimensional_gap.txt
npc	mid_camp	210	292	0	10007	Transport Device
npc	moc_fild22b	222	200	0	10007	Transport Device
npc	bif_fild01	318	159	0	10007	Transport Device
npc	dic_fild02	241	31	0	10007	Transport Device
file	npc/test/npc_test_checkweight.txt
npc	prontera	161	181	0	763	ChkSpace
file	npc/test/npc_test_longvar.txt
npc	prontera	155	176	0	77	Pront Test
file	npc/warps/dungeons/mosk_dun.txt
npc	mosk_dun02	53	215	0	966	Soldier1
npc	mosk_dun02	50	217	0	966	Soldier2
npc	mosk_dun02	56	217	0	966	Soldier3
