# The warp portals the pinned rAthena's scripts place, for the
# navigation-server-warps mod. Generated by scripts/navigation-index.sh;
# regenerate when the rAthena pin moves.
#
#   load  <era> <script>        the era's default load order
#   file  <script>
#   warp  <map> <x> <y> <name> <dest> <dx> <dy>
#   off   <name>                switched off under OnInit
#   on    <name>                switched on
load	renewal	npc/other/Global_Functions.txt
load	renewal	npc/other/CashShop_Functions.txt
load	renewal	npc/airports/airships.txt
load	renewal	npc/airports/einbroch.txt
load	renewal	npc/airports/hugel.txt
load	renewal	npc/airports/izlude.txt
load	renewal	npc/airports/lighthalzen.txt
load	renewal	npc/airports/rachel.txt
load	renewal	npc/airports/yuno.txt
load	renewal	npc/battleground/flavius/flavius_enter.txt
load	renewal	npc/battleground/flavius/flavius01.txt
load	renewal	npc/battleground/flavius/flavius02.txt
load	renewal	npc/battleground/kvm/kvm_enter.txt
load	renewal	npc/battleground/kvm/kvm_item_pay.txt
load	renewal	npc/battleground/kvm/kvm01.txt
load	renewal	npc/battleground/kvm/kvm02.txt
load	renewal	npc/battleground/kvm/kvm03.txt
load	renewal	npc/battleground/tierra/tierra_enter.txt
load	renewal	npc/battleground/tierra/tierra01.txt
load	renewal	npc/battleground/tierra/tierra02.txt
load	renewal	npc/battleground/bg_common.txt
load	renewal	npc/cities/alberta.txt
load	renewal	npc/cities/aldebaran.txt
load	renewal	npc/cities/amatsu.txt
load	renewal	npc/cities/ayothaya.txt
load	renewal	npc/cities/brasilis.txt
load	renewal	npc/cities/comodo.txt
load	renewal	npc/cities/einbech.txt
load	renewal	npc/cities/einbroch.txt
load	renewal	npc/cities/geffen.txt
load	renewal	npc/cities/gonryun.txt
load	renewal	npc/cities/hugel.txt
load	renewal	npc/cities/izlude.txt
load	renewal	npc/cities/jawaii.txt
load	renewal	npc/cities/lighthalzen.txt
load	renewal	npc/cities/louyang.txt
load	renewal	npc/cities/lutie.txt
load	renewal	npc/cities/manuk.txt
load	renewal	npc/cities/morocc.txt
load	renewal	npc/cities/moscovia.txt
load	renewal	npc/cities/niflheim.txt
load	renewal	npc/cities/payon.txt
load	renewal	npc/cities/prontera.txt
load	renewal	npc/cities/rachel.txt
load	renewal	npc/cities/splendide.txt
load	renewal	npc/cities/umbala.txt
load	renewal	npc/cities/veins.txt
load	renewal	npc/cities/yuno.txt
load	renewal	npc/events/gdevent_aru.txt
load	renewal	npc/events/gdevent_sch.txt
load	renewal	npc/events/god_se_festival.txt
load	renewal	npc/instances/SealedShrine.txt
load	renewal	npc/instances/EndlessTower.txt
load	renewal	npc/instances/OrcsMemory.txt
load	renewal	npc/instances/NydhoggsNest.txt
load	renewal	npc/kafras/cool_event_corp.txt
load	renewal	npc/kafras/dts_warper.txt
load	renewal	npc/kafras/functions_kafras.txt
load	renewal	npc/kafras/kafras.txt
load	renewal	npc/merchants/advanced_refiner.txt
load	renewal	npc/merchants/alchemist.txt
load	renewal	npc/merchants/buying_shops.txt
load	renewal	npc/merchants/coin_exchange.txt
load	renewal	npc/merchants/dye_maker.txt
load	renewal	npc/merchants/elemental_trader.txt
load	renewal	npc/merchants/enchan_arm.txt
load	renewal	npc/merchants/gemstone.txt
load	renewal	npc/merchants/hair_dyer.txt
load	renewal	npc/merchants/hair_style.txt
load	renewal	npc/merchants/inn.txt
load	renewal	npc/merchants/kunai_maker.txt
load	renewal	npc/merchants/milk_trader.txt
load	renewal	npc/merchants/novice_exchange.txt
load	renewal	npc/merchants/old_pharmacist.txt
load	renewal	npc/merchants/quivers.txt
load	renewal	npc/merchants/refine.txt
load	renewal	npc/merchants/renters.txt
load	renewal	npc/merchants/shops.txt
load	renewal	npc/merchants/socket_enchant.txt
load	renewal	npc/merchants/socket_enchant2.txt
load	renewal	npc/merchants/wander_pet_food.txt
load	renewal	npc/merchants/cashheadgear_dye.txt
load	renewal	npc/other/arena/arena_aco.txt
load	renewal	npc/other/arena/arena_lvl50.txt
load	renewal	npc/other/arena/arena_lvl60.txt
load	renewal	npc/other/arena/arena_lvl70.txt
load	renewal	npc/other/arena/arena_lvl80.txt
load	renewal	npc/other/arena/arena_party.txt
load	renewal	npc/other/arena/arena_point.txt
load	renewal	npc/other/arena/arena_room.txt
load	renewal	npc/other/auction.txt
load	renewal	npc/other/books.txt
load	renewal	npc/other/bulletin_boards.txt
load	renewal	npc/other/comodo_gambling.txt
load	renewal	npc/other/divorce.txt
load	renewal	npc/other/fortune.txt
load	renewal	npc/other/gm_npcs.txt
load	renewal	npc/other/guildpvp.txt
load	renewal	npc/other/gympass.txt
load	renewal	npc/other/hugel_bingo.txt
load	renewal	npc/other/mail.txt
load	renewal	npc/other/marriage.txt
load	renewal	npc/other/mercenary_rent.txt
load	renewal	npc/other/monster_museum.txt
load	renewal	npc/other/monster_race.txt
load	renewal	npc/other/poring_war.txt
load	renewal	npc/other/powernpc.txt
load	renewal	npc/other/pvp.txt
load	renewal	npc/other/turbo_track.txt
load	renewal	npc/quests/first_class/tu_acolyte.txt
load	renewal	npc/quests/first_class/tu_archer.txt
load	renewal	npc/quests/first_class/tu_magician01.txt
load	renewal	npc/quests/first_class/tu_ma_th01.txt
load	renewal	npc/quests/first_class/tu_merchant.txt
load	renewal	npc/quests/first_class/tu_sword.txt
load	renewal	npc/quests/first_class/tu_thief01.txt
load	renewal	npc/quests/newgears/2004_headgears.txt
load	renewal	npc/quests/newgears/2005_headgears.txt
load	renewal	npc/quests/newgears/2006_headgears.txt
load	renewal	npc/quests/newgears/2008_headgears.txt
load	renewal	npc/quests/okolnir.txt
load	renewal	npc/quests/seals/god_global.txt
load	renewal	npc/quests/seals/brisingamen_seal.txt
load	renewal	npc/quests/seals/god_weapon_creation.txt
load	renewal	npc/quests/seals/megingard_seal.txt
load	renewal	npc/quests/seals/mjolnir_seal.txt
load	renewal	npc/quests/seals/sleipnir_seal.txt
load	renewal	npc/quests/seals/seal_status.txt
load	renewal	npc/quests/bard_quest.txt
load	renewal	npc/quests/bunnyband.txt
load	renewal	npc/quests/cooking_quest.txt
load	renewal	npc/quests/counteragent_mixture.txt
load	renewal	npc/quests/doomed_swords.txt
load	renewal	npc/quests/doomed_swords_quest.txt
load	renewal	npc/quests/eye_of_hellion.txt
load	renewal	npc/quests/guildrelay.txt
load	renewal	npc/quests/gunslinger_quests.txt
load	renewal	npc/quests/juice_maker.txt
load	renewal	npc/quests/kiel_hyre_quest.txt
load	renewal	npc/quests/lvl4_weapon_quest.txt
load	renewal	npc/quests/mage_solution.txt
load	renewal	npc/quests/monstertamers.txt
load	renewal	npc/quests/mrsmile.txt
load	renewal	npc/quests/ninja_quests.txt
load	renewal	npc/quests/obb_quest.txt
load	renewal	npc/quests/partyrelay.txt
load	renewal	npc/quests/quests_13_1.txt
load	renewal	npc/quests/quests_13_2.txt
load	renewal	npc/quests/quests_airship.txt
load	renewal	npc/quests/quests_alberta.txt
load	renewal	npc/quests/quests_aldebaran.txt
load	renewal	npc/quests/quests_amatsu.txt
load	renewal	npc/quests/quests_ayothaya.txt
load	renewal	npc/quests/quests_brasilis.txt
load	renewal	npc/quests/quests_comodo.txt
load	renewal	npc/quests/quests_ein.txt
load	renewal	npc/quests/quests_geffen.txt
load	renewal	npc/quests/quests_gonryun.txt
load	renewal	npc/quests/quests_hugel.txt
load	renewal	npc/quests/quests_izlude.txt
load	renewal	npc/quests/quests_juperos.txt
load	renewal	npc/quests/quests_lighthalzen.txt
load	renewal	npc/quests/quests_louyang.txt
load	renewal	npc/quests/quests_lutie.txt
load	renewal	npc/quests/quests_morocc.txt
load	renewal	npc/quests/quests_moscovia.txt
load	renewal	npc/quests/quests_nameless.txt
load	renewal	npc/quests/quests_niflheim.txt
load	renewal	npc/quests/quests_payon.txt
load	renewal	npc/quests/quests_prontera.txt
load	renewal	npc/quests/quests_rachel.txt
load	renewal	npc/quests/quests_umbala.txt
load	renewal	npc/quests/quests_veins.txt
load	renewal	npc/quests/quests_yuno.txt
load	renewal	npc/quests/thana_quest.txt
load	renewal	npc/quests/the_sign_quest.txt
load	renewal	npc/guild/agit_controller.txt
load	renewal	npc/guild/agit_main.txt
load	renewal	npc/guild/aldeg_cas01.txt
load	renewal	npc/guild/aldeg_cas02.txt
load	renewal	npc/guild/aldeg_cas03.txt
load	renewal	npc/guild/aldeg_cas04.txt
load	renewal	npc/guild/aldeg_cas05.txt
load	renewal	npc/guild/gefg_cas01.txt
load	renewal	npc/guild/gefg_cas02.txt
load	renewal	npc/guild/gefg_cas03.txt
load	renewal	npc/guild/gefg_cas04.txt
load	renewal	npc/guild/gefg_cas05.txt
load	renewal	npc/guild/payg_cas01.txt
load	renewal	npc/guild/payg_cas02.txt
load	renewal	npc/guild/payg_cas03.txt
load	renewal	npc/guild/payg_cas04.txt
load	renewal	npc/guild/payg_cas05.txt
load	renewal	npc/guild/prtg_cas01.txt
load	renewal	npc/guild/prtg_cas02.txt
load	renewal	npc/guild/prtg_cas03.txt
load	renewal	npc/guild/prtg_cas04.txt
load	renewal	npc/guild/prtg_cas05.txt
load	renewal	npc/guild2/agit_start_se.txt
load	renewal	npc/guild2/agit_main_se.txt
load	renewal	npc/guild2/guild_flags.txt
load	renewal	npc/guild2/arug_cas01.txt
load	renewal	npc/guild2/arug_cas02.txt
load	renewal	npc/guild2/arug_cas03.txt
load	renewal	npc/guild2/arug_cas04.txt
load	renewal	npc/guild2/arug_cas05.txt
load	renewal	npc/guild2/schg_cas01.txt
load	renewal	npc/guild2/schg_cas02.txt
load	renewal	npc/guild2/schg_cas03.txt
load	renewal	npc/guild2/schg_cas04.txt
load	renewal	npc/guild2/schg_cas05.txt
load	renewal	npc/jobs/1-1e/gunslinger.txt
load	renewal	npc/jobs/1-1e/ninja.txt
load	renewal	npc/jobs/1-1e/taekwon.txt
load	renewal	npc/jobs/2-1/assassin.txt
load	renewal	npc/jobs/2-1/blacksmith.txt
load	renewal	npc/jobs/2-1/hunter.txt
load	renewal	npc/jobs/2-1/knight.txt
load	renewal	npc/jobs/2-1/priest.txt
load	renewal	npc/jobs/2-1/wizard.txt
load	renewal	npc/jobs/2-1a/AssassinCross.txt
load	renewal	npc/jobs/2-1a/HighPriest.txt
load	renewal	npc/jobs/2-1a/HighWizard.txt
load	renewal	npc/jobs/2-1a/LordKnight.txt
load	renewal	npc/jobs/2-1a/Sniper.txt
load	renewal	npc/jobs/2-1a/WhiteSmith.txt
load	renewal	npc/jobs/2-1e/StarGladiator.txt
load	renewal	npc/jobs/2-2/alchemist.txt
load	renewal	npc/jobs/2-2/bard.txt
load	renewal	npc/jobs/2-2/crusader.txt
load	renewal	npc/jobs/2-2/dancer.txt
load	renewal	npc/jobs/2-2/monk.txt
load	renewal	npc/jobs/2-2/rogue.txt
load	renewal	npc/jobs/2-2/sage.txt
load	renewal	npc/jobs/2-2a/Champion.txt
load	renewal	npc/jobs/2-2a/Clown.txt
load	renewal	npc/jobs/2-2a/Creator.txt
load	renewal	npc/jobs/2-2a/Gypsy.txt
load	renewal	npc/jobs/2-2a/Paladin.txt
load	renewal	npc/jobs/2-2a/Professor.txt
load	renewal	npc/jobs/2-2a/Stalker.txt
load	renewal	npc/jobs/2-2e/SoulLinker.txt
load	renewal	npc/jobs/novice/supernovice.txt
load	renewal	npc/jobs/valkyrie.txt
load	renewal	npc/quests/skills/acolyte_skills.txt
load	renewal	npc/quests/skills/alchemist_skills.txt
load	renewal	npc/quests/skills/archer_skills.txt
load	renewal	npc/quests/skills/assassin_skills.txt
load	renewal	npc/quests/skills/bard_skills.txt
load	renewal	npc/quests/skills/blacksmith_skills.txt
load	renewal	npc/quests/skills/crusader_skills.txt
load	renewal	npc/quests/skills/dancer_skills.txt
load	renewal	npc/quests/skills/hunter_skills.txt
load	renewal	npc/quests/skills/knight_skills.txt
load	renewal	npc/quests/skills/mage_skills.txt
load	renewal	npc/quests/skills/merchant_skills.txt
load	renewal	npc/quests/skills/monk_skills.txt
load	renewal	npc/quests/skills/priest_skills.txt
load	renewal	npc/quests/skills/rogue_skills.txt
load	renewal	npc/quests/skills/sage_skills.txt
load	renewal	npc/quests/skills/swordman_skills.txt
load	renewal	npc/quests/skills/thief_skills.txt
load	renewal	npc/quests/skills/wizard_skills.txt
load	renewal	npc/mapflag/nopvp.txt
load	renewal	npc/mapflag/gvg.txt
load	renewal	npc/mapflag/gvg_noparty.txt
load	renewal	npc/mapflag/hidemobhpbar.txt
load	renewal	npc/mapflag/jail.txt
load	renewal	npc/mapflag/nightmare.txt
load	renewal	npc/mapflag/nobranch.txt
load	renewal	npc/mapflag/noicewall.txt
load	renewal	npc/mapflag/nomemo.txt
load	renewal	npc/mapflag/nopenalty.txt
load	renewal	npc/mapflag/nosave.txt
load	renewal	npc/mapflag/noteleport.txt
load	renewal	npc/mapflag/noreturn.txt
load	renewal	npc/mapflag/noskill.txt
load	renewal	npc/mapflag/nowarp.txt
load	renewal	npc/mapflag/nowarpto.txt
load	renewal	npc/mapflag/pvp.txt
load	renewal	npc/mapflag/pvp_noparty.txt
load	renewal	npc/mapflag/pvp_noguild.txt
load	renewal	npc/mapflag/night.txt
load	renewal	npc/mapflag/reset.txt
load	renewal	npc/mapflag/restricted.txt
load	renewal	npc/mapflag/battleground.txt
load	renewal	npc/mapflag/skill_damage.txt
load	renewal	npc/mapflag/town.txt
load	renewal	npc/mapflag/nocostume.txt
load	renewal	npc/mapflag/skill_duration.txt
load	renewal	npc/mapflag/nodynamicnpc.txt
load	renewal	npc/mobs/jail.txt
load	renewal	npc/mobs/pvp.txt
load	renewal	npc/mobs/towns.txt
load	renewal	npc/warps/cities/alberta.txt
load	renewal	npc/warps/cities/aldebaran.txt
load	renewal	npc/warps/cities/amatsu.txt
load	renewal	npc/warps/cities/ayothaya.txt
load	renewal	npc/warps/cities/brasilis.txt
load	renewal	npc/warps/cities/comodo.txt
load	renewal	npc/warps/cities/einbech.txt
load	renewal	npc/warps/cities/einbroch.txt
load	renewal	npc/warps/cities/geffen.txt
load	renewal	npc/warps/cities/gonryun.txt
load	renewal	npc/warps/cities/hugel.txt
load	renewal	npc/warps/cities/lighthalzen.txt
load	renewal	npc/warps/cities/louyang.txt
load	renewal	npc/warps/cities/lutie.txt
load	renewal	npc/warps/cities/manuk.txt
load	renewal	npc/warps/cities/mid_camp.txt
load	renewal	npc/warps/cities/morroc.txt
load	renewal	npc/warps/cities/moscovia.txt
load	renewal	npc/warps/cities/nameless.txt
load	renewal	npc/warps/cities/niflheim.txt
load	renewal	npc/warps/cities/payon.txt
load	renewal	npc/warps/cities/prontera.txt
load	renewal	npc/warps/cities/splendide.txt
load	renewal	npc/warps/cities/umbala.txt
load	renewal	npc/warps/cities/veins.txt
load	renewal	npc/warps/cities/yuno.txt
load	renewal	npc/warps/dungeons/abbey.txt
load	renewal	npc/warps/dungeons/abyss.txt
load	renewal	npc/warps/dungeons/alde_dun.txt
load	renewal	npc/warps/dungeons/ama_dun.txt
load	renewal	npc/warps/dungeons/anthell.txt
load	renewal	npc/warps/dungeons/ayo_dun.txt
load	renewal	npc/warps/dungeons/beach_dun.txt
load	renewal	npc/warps/dungeons/bra_dun.txt
load	renewal	npc/warps/dungeons/c_tower.txt
load	renewal	npc/warps/dungeons/ein_dun.txt
load	renewal	npc/warps/dungeons/gef_dun.txt
load	renewal	npc/warps/dungeons/gon_dun.txt
load	renewal	npc/warps/dungeons/ice_dun.txt
load	renewal	npc/warps/dungeons/in_sphinx.txt
load	renewal	npc/warps/dungeons/iz_dun.txt
load	renewal	npc/warps/dungeons/juperos.txt
load	renewal	npc/warps/dungeons/kh_dun.txt
load	renewal	npc/warps/dungeons/lhz_dun.txt
load	renewal	npc/warps/dungeons/lou_dun.txt
load	renewal	npc/warps/dungeons/mag_dun.txt
load	renewal	npc/warps/dungeons/mjo_dun.txt
load	renewal	npc/warps/dungeons/moc_pryd.txt
load	renewal	npc/warps/dungeons/mosk_dun.txt
load	renewal	npc/warps/dungeons/odin.txt
load	renewal	npc/warps/dungeons/orcsdun.txt
load	renewal	npc/warps/dungeons/pay_dun.txt
load	renewal	npc/warps/dungeons/prt_maze.txt
load	renewal	npc/warps/dungeons/ra_san.txt
load	renewal	npc/warps/dungeons/tha_t.txt
load	renewal	npc/warps/dungeons/thor_v.txt
load	renewal	npc/warps/dungeons/treasure.txt
load	renewal	npc/warps/dungeons/tur_dun.txt
load	renewal	npc/warps/dungeons/um_dun.txt
load	renewal	npc/warps/dungeons/xmas_dun.txt
load	renewal	npc/warps/fields/abyss_warper.txt
load	renewal	npc/warps/fields/amatsu_fild.txt
load	renewal	npc/warps/fields/bra_fild.txt
load	renewal	npc/warps/fields/ein_fild.txt
load	renewal	npc/warps/fields/gefenia.txt
load	renewal	npc/warps/fields/glastheim.txt
load	renewal	npc/warps/fields/jawaii.txt
load	renewal	npc/warps/fields/lhalzen_fild.txt
load	renewal	npc/warps/fields/lutie_fild.txt
load	renewal	npc/warps/fields/man_fild.txt
load	renewal	npc/warps/fields/mtmjolnir.txt
load	renewal	npc/warps/fields/spl_fild.txt
load	renewal	npc/warps/fields/umbala_fild.txt
load	renewal	npc/warps/other/airplane.txt
load	renewal	npc/warps/other/arena.txt
load	renewal	npc/warps/other/god.txt
load	renewal	npc/warps/other/jobquests.txt
load	renewal	npc/warps/other/kiel.txt
load	renewal	npc/warps/other/other.txt
load	renewal	npc/warps/guildcastles.txt
load	renewal	npc/warps/pvp.txt
load	renewal	npc/re/other/Global_Functions.txt
load	renewal	npc/re/other/global_npcs.txt
load	renewal	npc/re/airports/izlude.txt
load	renewal	npc/re/battleground/bg_common.txt
load	renewal	npc/re/cities/alberta.txt
load	renewal	npc/re/cities/comodo.txt
load	renewal	npc/re/cities/dewata.txt
load	renewal	npc/re/cities/dicastes.txt
load	renewal	npc/re/cities/eclage.txt
load	renewal	npc/re/cities/izlude.txt
load	renewal	npc/re/cities/jawaii.txt
load	renewal	npc/re/cities/lutie.txt
load	renewal	npc/re/cities/malangdo.txt
load	renewal	npc/re/cities/malaya.txt
load	renewal	npc/re/cities/mora.txt
load	renewal	npc/re/cities/prontera.txt
load	renewal	npc/re/cities/yuno.txt
load	renewal	npc/re/guides/navigation.txt
load	renewal	npc/re/guides/guides_alberta.txt
load	renewal	npc/re/guides/guides_aldebaran.txt
load	renewal	npc/re/guides/guides_amatsu.txt
load	renewal	npc/re/guides/guides_ayothaya.txt
load	renewal	npc/re/guides/guides_brasilis.txt
load	renewal	npc/re/guides/guides_comodo.txt
load	renewal	npc/re/guides/guides_dewata.txt
load	renewal	npc/re/guides/guides_dicastes.txt
load	renewal	npc/re/guides/guides_eclage.txt
load	renewal	npc/re/guides/guides_einbroch.txt
load	renewal	npc/re/guides/guides_geffen.txt
load	renewal	npc/re/guides/guides_gonryun.txt
load	renewal	npc/re/guides/guides_hugel.txt
load	renewal	npc/re/guides/guides_izlude.txt
load	renewal	npc/re/guides/guides_juno.txt
load	renewal	npc/re/guides/guides_lighthalzen.txt
load	renewal	npc/re/guides/guides_louyang.txt
load	renewal	npc/re/guides/guides_lutie.txt
load	renewal	npc/re/guides/guides_malangdo.txt
load	renewal	npc/re/guides/guides_malaya.txt
load	renewal	npc/re/guides/guides_mora.txt
load	renewal	npc/re/guides/guides_morroc.txt
load	renewal	npc/re/guides/guides_moscovia.txt
load	renewal	npc/re/guides/guides_niflheim.txt
load	renewal	npc/re/guides/guides_payon.txt
load	renewal	npc/re/guides/guides_prontera.txt
load	renewal	npc/re/guides/guides_rachel.txt
load	renewal	npc/re/guides/guides_rockridge.txt
load	renewal	npc/re/guides/guides_umbala.txt
load	renewal	npc/re/guides/guides_veins.txt
load	renewal	npc/re/guides/guides_woe_te.txt
load	renewal	npc/re/instances/AirshipAssault.txt
load	renewal	npc/re/instances/BakonawaLake.txt
load	renewal	npc/re/instances/BangungotHospital.txt
load	renewal	npc/re/instances/BuwayaCave.txt
load	renewal	npc/re/instances/CentralLaboratory.txt
load	renewal	npc/re/instances/CharlestonCrisis.txt
load	renewal	npc/re/instances/CorOperation.txt
load	renewal	npc/re/instances/DeepForest.txt
load	renewal	npc/re/instances/DevilTower.txt
load	renewal	npc/re/instances/EclageInterior.txt
load	renewal	npc/re/instances/EddaHalfMoonInTheDaylight.txt
load	renewal	npc/re/instances/FacewormsNest.txt
load	renewal	npc/re/instances/FridayDungeon.txt
load	renewal	npc/re/instances/GhostPalace.txt
load	renewal	npc/re/instances/HazyForest.txt
load	renewal	npc/re/instances/HorrorToyFactory.txt
load	renewal	npc/re/instances/HeartHunterWarBase.txt
load	renewal	npc/re/instances/HiddenGarden.txt
load	renewal	npc/re/instances/InfiniteSpace.txt
load	renewal	npc/re/instances/IsleOfBios.txt
load	renewal	npc/re/instances/LastRoom.txt
load	renewal	npc/re/instances/LostFarm.txt
load	renewal	npc/re/instances/MalangdoCulvert.txt
load	renewal	npc/re/instances/MazeofOz.txt
load	renewal	npc/re/instances/MorseCave.txt
load	renewal	npc/re/instances/NightmarishJitterbug.txt
load	renewal	npc/re/instances/OctopusCave.txt
load	renewal	npc/re/instances/OldGlastHeim.txt
load	renewal	npc/re/instances/OsOccupation.txt
load	renewal	npc/re/instances/PoringVillage.txt
load	renewal	npc/re/instances/Regenschirm.txt
load	renewal	npc/re/instances/RitualOfBlessing.txt
load	renewal	npc/re/instances/RoomOfConsciousness.txt
load	renewal	npc/re/instances/SarahAndFenrir.txt
load	renewal	npc/re/instances/SaraMemory.txt
load	renewal	npc/re/instances/SealedOs.txt
load	renewal	npc/re/instances/SkyFortress.txt
load	renewal	npc/re/instances/TempleOfDemonGod.txt
load	renewal	npc/re/instances/ThorGunsuBase.txt
load	renewal	npc/re/instances/TwilightGarden.txt
load	renewal	npc/re/instances/VillaofDeception.txt
load	renewal	npc/re/instances/VillaofHighPriest.txt
load	renewal	npc/re/instances/WaterGarden.txt
load	renewal	npc/re/instances/WeekendDungeon.txt
load	renewal	npc/re/instances/WernerLaboratoryCentralRoom.txt
load	renewal	npc/re/instances/WolfchevLaboratory.txt
load	renewal	npc/re/instances/Wolves.txt
load	renewal	npc/re/kafras/cool_event_corp.txt
load	renewal	npc/re/kafras/kafras.txt
load	renewal	npc/re/kafras/Kafra_Teleportation_Services.txt
load	renewal	npc/re/kafras/Zonda_Teleportation_Services.txt
load	renewal	npc/re/merchants/3rd_trader.txt
load	renewal	npc/re/merchants/advanced_refiner.txt
load	renewal	npc/re/merchants/alchemist.txt
load	renewal	npc/re/merchants/ammo_boxes.txt
load	renewal	npc/re/merchants/bio4_reward.txt
load	renewal	npc/re/merchants/card_separation.txt
load	renewal	npc/re/merchants/cashmall.txt
load	renewal	npc/re/merchants/catalog.txt
load	renewal	npc/re/merchants/clothing_buff_removal.txt
load	renewal	npc/re/merchants/coin_exchange.txt
load	renewal	npc/re/merchants/Dealer_Update.txt
load	renewal	npc/re/merchants/diamond.txt
load	renewal	npc/re/merchants/Emperium_Seller.txt
load	renewal	npc/re/merchants/enchan_edda_half_moon.txt
load	renewal	npc/re/merchants/enchan_illusion_dungeons.txt
load	renewal	npc/re/merchants/enchan_illusion_17_1.txt
load	renewal	npc/re/merchants/enchan_ko.txt
load	renewal	npc/re/merchants/enchan_mal.txt
load	renewal	npc/re/merchants/enchan_mora.txt
load	renewal	npc/re/merchants/enchan_rockridge.txt
load	renewal	npc/re/merchants/enchan_sage_legacy_17_2.txt
load	renewal	npc/re/merchants/enchan_verus.txt
load	renewal	npc/re/merchants/enchantgrade.txt
load	renewal	npc/re/merchants/Extended_Ammunition.txt
load	renewal	npc/re/merchants/Extended_Stylist.txt
load	renewal	npc/re/merchants/flute.txt
load	renewal	npc/re/merchants/Gemstone_Bagger.txt
load	renewal	npc/re/merchants/gld_mission_exchange.txt
load	renewal	npc/re/merchants/ghost_palace_exchange.txt
load	renewal	npc/re/merchants/guild_warehouse.txt
load	renewal	npc/re/merchants/hd_refiner.txt
load	renewal	npc/re/merchants/HorrorToyFactory_merchants.txt
load	renewal	npc/re/merchants/InfiniteSpace_merchants.txt
load	renewal	npc/re/merchants/malangdo_costume.txt
load	renewal	npc/re/merchants/moro_cav_exchange.txt
load	renewal	npc/re/merchants/mysterious_cookie_shop.txt
load	renewal	npc/re/merchants/new_insurance.txt
load	renewal	npc/re/merchants/nightmare_biolab.txt
load	renewal	npc/re/merchants/novice_vending_machine.txt
load	renewal	npc/re/merchants/OldGlastHeim_merchants.txt
load	renewal	npc/re/merchants/pet_trader.txt
load	renewal	npc/re/merchants/pet_groomer.txt
load	renewal	npc/re/merchants/quests_exp_175.txt
load	renewal	npc/re/merchants/quivers.txt
load	renewal	npc/re/merchants/refine.txt
load	renewal	npc/re/merchants/renters.txt
load	renewal	npc/re/merchants/rgsr_in.txt
load	renewal	npc/re/merchants/shops.txt
load	renewal	npc/re/merchants/Slot_Move_Card_Sales.txt
load	renewal	npc/re/merchants/socket_enchant2.txt
load	renewal	npc/re/merchants/enchan_upg.txt
load	renewal	npc/re/merchants/te_merchant.txt
load	renewal	npc/re/merchants/shadow_refiner.txt
load	renewal	npc/re/merchants/eden_market.txt
load	renewal	npc/re/other/achievements.txt
load	renewal	npc/re/other/adven_boards.txt
load	renewal	npc/re/other/bulletin_boards.txt
load	renewal	npc/re/other/clans.txt
load	renewal	npc/re/other/dimensional_gap.txt
load	renewal	npc/re/other/item_merge.txt
load	renewal	npc/re/other/mail.txt
load	renewal	npc/re/other/mercenary_rent.txt
load	renewal	npc/re/other/pvp.txt
load	renewal	npc/re/other/resetskill.txt
load	renewal	npc/re/other/stone_change.txt
load	renewal	npc/re/other/turbo_track.txt
load	renewal	npc/re/other/CashShop_Functions.txt
load	renewal	npc/re/other/kachua_key.txt
load	renewal	npc/re/other/TrainingZone123.txt
load	renewal	npc/re/quests/eden/11-25.txt
load	renewal	npc/re/quests/eden/26-40.txt
load	renewal	npc/re/quests/eden/41-55.txt
load	renewal	npc/re/quests/eden/56-70.txt
load	renewal	npc/re/quests/eden/71-85.txt
load	renewal	npc/re/quests/eden/86-90.txt
load	renewal	npc/re/quests/eden/91-99.txt
load	renewal	npc/re/quests/eden/eden_100_111.txt
load	renewal	npc/re/quests/eden/eden_111_120.txt
load	renewal	npc/re/quests/eden/eden_121_130.txt
load	renewal	npc/re/quests/eden/eden_131_140.txt
load	renewal	npc/re/quests/eden/eden_common.txt
load	renewal	npc/re/quests/eden/eden_quests.txt
load	renewal	npc/re/quests/eden/eden_service.txt
load	renewal	npc/re/quests/eden/eden_tutorial.txt
load	renewal	npc/re/quests/first_class/tu_archer.txt
load	renewal	npc/re/quests/newgears/2010_headgears.txt
load	renewal	npc/re/quests/newgears/2012_headgears.txt
load	renewal	npc/re/quests/seals/brisingamen_seal.txt
load	renewal	npc/re/quests/seals/megingard_seal.txt
load	renewal	npc/re/quests/cooking_quest.txt
load	renewal	npc/re/quests/garden_of_time.txt
load	renewal	npc/re/quests/HelpMeShorty.txt
load	renewal	npc/re/quests/homun_s.txt
load	renewal	npc/re/quests/illusion_investigation.txt
load	renewal	npc/re/quests/juno_monster_society.txt
load	renewal	npc/re/quests/magic_books.txt
load	renewal	npc/re/quests/monstertamers.txt
load	renewal	npc/re/quests/mrsmile.txt
load	renewal	npc/re/quests/ninja_quests.txt
load	renewal	npc/re/quests/pile_bunker.txt
load	renewal	npc/re/quests/quest_payon.txt
load	renewal	npc/re/quests/quests_13_1.txt
load	renewal	npc/re/quests/quests_14_3.txt
load	renewal	npc/re/quests/quests_14_3_bis.txt
load	renewal	npc/re/quests/quests_15_1.txt
load	renewal	npc/re/quests/quests_15_2.txt
load	renewal	npc/re/quests/quests_16_1.txt
load	renewal	npc/re/quests/quests_16_2.txt
load	renewal	npc/re/quests/quests_illusion_dungeons.txt
load	renewal	npc/re/quests/quests_17_1.txt
load	renewal	npc/re/quests/quests_17_2.txt
load	renewal	npc/re/quests/quests_18.txt
load	renewal	npc/re/quests/quests_aldebaran.txt
load	renewal	npc/re/quests/quests_dewata.txt
load	renewal	npc/re/quests/quests_dicastes.txt
load	renewal	npc/re/quests/quests_dungeons_200.txt
load	renewal	npc/re/quests/quests_eclage.txt
load	renewal	npc/re/quests/quests_exp_175.txt
load	renewal	npc/re/quests/quests_glastheim.txt
load	renewal	npc/re/quests/quests_izlude.txt
load	renewal	npc/re/quests/quests_lighthalzen.txt
load	renewal	npc/re/quests/quests_malangdo.txt
load	renewal	npc/re/quests/quests_malaya.txt
load	renewal	npc/re/quests/quests_mora.txt
load	renewal	npc/re/quests/quests_morocc.txt
load	renewal	npc/re/quests/quests_nameless.txt
load	renewal	npc/re/quests/quests_niflheim.txt
load	renewal	npc/re/quests/quests_rockridge.txt
load	renewal	npc/re/quests/quests_veins.txt
load	renewal	npc/re/quests/the_sign_quest.txt
load	renewal	npc/re/quests/woe_te/te_mission_main.txt
load	renewal	npc/re/quests/woe_te/te_mission_alde.txt
load	renewal	npc/re/quests/woe_te/te_mission_prt.txt
load	renewal	npc/re/quests/woe_te/te_goditem_prt01.txt
load	renewal	npc/re/quests/woe_te/te_goditem_alde1.txt
load	renewal	npc/re/custom/lasagna/lasa_dun.txt
load	renewal	npc/re/custom/lasagna/lasa_fild.txt
load	renewal	npc/re/custom/lasagna/lasagna_npcs.txt
load	renewal	npc/re/guild/invest_main.txt
load	renewal	npc/re/guild/invest_npc.txt
load	renewal	npc/re/guild3/agit_main_te.txt
load	renewal	npc/re/guild3/agit_start_te.txt
load	renewal	npc/re/guild3/te_aldecas1.txt
load	renewal	npc/re/guild3/te_aldecas2.txt
load	renewal	npc/re/guild3/te_aldecas3.txt
load	renewal	npc/re/guild3/te_aldecas4.txt
load	renewal	npc/re/guild3/te_aldecas5.txt
load	renewal	npc/re/guild3/te_prtcas01.txt
load	renewal	npc/re/guild3/te_prtcas02.txt
load	renewal	npc/re/guild3/te_prtcas03.txt
load	renewal	npc/re/guild3/te_prtcas04.txt
load	renewal	npc/re/guild3/te_prtcas05.txt
load	renewal	npc/re/guild/mission_main.txt
load	renewal	npc/re/guild/mission_npc.txt
load	renewal	npc/re/jobs/1-1/acolyte.txt
load	renewal	npc/re/jobs/1-1/archer.txt
load	renewal	npc/re/jobs/1-1/mage.txt
load	renewal	npc/re/jobs/1-1/merchant.txt
load	renewal	npc/re/jobs/1-1/swordman.txt
load	renewal	npc/re/jobs/1-1/thief.txt
load	renewal	npc/re/jobs/1-1e/taekwon.txt
load	renewal	npc/re/jobs/2-2/crusader.txt
load	renewal	npc/re/jobs/2e/kagerou_oboro.txt
load	renewal	npc/re/jobs/2e/rebellion.txt
load	renewal	npc/re/jobs/3-1/archbishop.txt
load	renewal	npc/re/jobs/3-1/mechanic.txt
load	renewal	npc/re/jobs/3-1/ranger.txt
load	renewal	npc/re/jobs/3-1/rune_knight.txt
load	renewal	npc/re/jobs/3-1/warlock.txt
load	renewal	npc/re/jobs/3-1/guillotine_cross.txt
load	renewal	npc/re/jobs/3-2/genetic.txt
load	renewal	npc/re/jobs/3-2/minstrel.txt
load	renewal	npc/re/jobs/3-2/royal_guard.txt
load	renewal	npc/re/jobs/3-2/shadow_chaser.txt
load	renewal	npc/re/jobs/3-2/sorcerer.txt
load	renewal	npc/re/jobs/3-2/sura.txt
load	renewal	npc/re/jobs/3-2/wanderer.txt
load	renewal	npc/re/jobs/novice/academy.txt
load	renewal	npc/re/jobs/novice/supernovice_ex.txt
load	renewal	npc/re/jobs/repair.txt
load	renewal	npc/re/jobs/doram/spirit_handler.txt
load	renewal	npc/re/quests/skills/merchant_skills.txt
load	renewal	npc/re/quests/skills/swordman_skills.txt
load	renewal	npc/re/mapflag/nopvp.txt
load	renewal	npc/re/mapflag/gvg.txt
load	renewal	npc/re/mapflag/hidemobhpbar.txt
load	renewal	npc/re/mapflag/nobranch.txt
load	renewal	npc/re/mapflag/nocostume.txt
load	renewal	npc/re/mapflag/noicewall.txt
load	renewal	npc/re/mapflag/nolockon.txt
load	renewal	npc/re/mapflag/nomemo.txt
load	renewal	npc/re/mapflag/nopenalty.txt
load	renewal	npc/re/mapflag/norenewalpenalty.txt
load	renewal	npc/re/mapflag/nosave.txt
load	renewal	npc/re/mapflag/noteleport.txt
load	renewal	npc/re/mapflag/nowarpto.txt
load	renewal	npc/re/mapflag/privateairship.txt
load	renewal	npc/re/mapflag/night.txt
load	renewal	npc/re/mapflag/restricted.txt
load	renewal	npc/re/mapflag/town.txt
load	renewal	npc/re/mapflag/reset.txt
load	renewal	npc/re/mapflag/skill_duration.txt
load	renewal	npc/re/mapflag/nodynamicnpc.txt
load	renewal	npc/re/mapflag/specialpopup.txt
load	renewal	npc/re/mobs/championmobs.txt
load	renewal	npc/re/mobs/int_land.txt
load	renewal	npc/re/mobs/prt_cas.txt
load	renewal	npc/re/mobs/special_border_area.txt
load	renewal	npc/re/mobs/towns.txt
load	renewal	npc/re/mobs/tra_fild_123.txt
load	renewal	npc/re/mobs/verus.txt
load	renewal	npc/re/mobs/dungeons/abbey.txt
load	renewal	npc/re/mobs/dungeons/abyss.txt
load	renewal	npc/re/mobs/dungeons/alde_dun.txt
load	renewal	npc/re/mobs/dungeons/ama_dun.txt
load	renewal	npc/re/mobs/dungeons/amicitia.txt
load	renewal	npc/re/mobs/dungeons/anthell.txt
load	renewal	npc/re/mobs/dungeons/ayo_dun.txt
load	renewal	npc/re/mobs/dungeons/ba_2whs.txt
load	renewal	npc/re/mobs/dungeons/ba_bath.txt
load	renewal	npc/re/mobs/dungeons/ba_lib.txt
load	renewal	npc/re/mobs/dungeons/ba_pw.txt
load	renewal	npc/re/mobs/dungeons/beach_dun.txt
load	renewal	npc/re/mobs/dungeons/bra_dun.txt
load	renewal	npc/re/mobs/dungeons/c_tower.txt
load	renewal	npc/re/mobs/dungeons/dew_dun.txt
load	renewal	npc/re/mobs/dungeons/dic_dun.txt
load	renewal	npc/re/mobs/dungeons/ecl_tdun.txt
load	renewal	npc/re/mobs/dungeons/ein_dun.txt
load	renewal	npc/re/mobs/dungeons/for_dun.txt
load	renewal	npc/re/mobs/dungeons/gef_dun.txt
load	renewal	npc/re/mobs/dungeons/gefenia.txt
load	renewal	npc/re/mobs/dungeons/glastheim.txt
load	renewal	npc/re/mobs/dungeons/gld_dunSE.txt
load	renewal	npc/re/mobs/dungeons/gld_re.txt
load	renewal	npc/re/mobs/dungeons/gon_dun.txt
load	renewal	npc/re/mobs/dungeons/ice_dun.txt
load	renewal	npc/re/mobs/dungeons/in_sphinx.txt
load	renewal	npc/re/mobs/dungeons/iz_dun.txt
load	renewal	npc/re/mobs/dungeons/juperos.txt
load	renewal	npc/re/mobs/dungeons/kh_dun.txt
load	renewal	npc/re/mobs/dungeons/lhz_dun.txt
load	renewal	npc/re/mobs/dungeons/lhz_dun_n.txt
load	renewal	npc/re/mobs/dungeons/lou_dun.txt
load	renewal	npc/re/mobs/dungeons/ma_dun.txt
load	renewal	npc/re/mobs/dungeons/mag_dun.txt
load	renewal	npc/re/mobs/dungeons/mal_dun.txt
load	renewal	npc/re/mobs/dungeons/mjo_dun.txt
load	renewal	npc/re/mobs/dungeons/moc_pryd.txt
load	renewal	npc/re/mobs/dungeons/moro_vol.txt
load	renewal	npc/re/mobs/dungeons/mosk_dun.txt
load	renewal	npc/re/mobs/dungeons/nif_dun.txt
load	renewal	npc/re/mobs/dungeons/nyd_dun.txt
load	renewal	npc/re/mobs/dungeons/odin.txt
load	renewal	npc/re/mobs/dungeons/orcsdun.txt
load	renewal	npc/re/mobs/dungeons/oz_dun.txt
load	renewal	npc/re/mobs/dungeons/pay_dun.txt
load	renewal	npc/re/mobs/dungeons/prt_maze.txt
load	renewal	npc/re/mobs/dungeons/prt_prison.txt
load	renewal	npc/re/mobs/dungeons/prt_q.txt
load	renewal	npc/re/mobs/dungeons/prt_sew.txt
load	renewal	npc/re/mobs/dungeons/ra_san.txt
load	renewal	npc/re/mobs/dungeons/rockridge.txt
load	renewal	npc/re/mobs/dungeons/slabw01.txt
load	renewal	npc/re/mobs/dungeons/sp_rudus.txt
load	renewal	npc/re/mobs/dungeons/teg_dun.txt
load	renewal	npc/re/mobs/dungeons/tha_t.txt
load	renewal	npc/re/mobs/dungeons/thor_v.txt
load	renewal	npc/re/mobs/dungeons/treasure.txt
load	renewal	npc/re/mobs/dungeons/tur_dun.txt
load	renewal	npc/re/mobs/dungeons/xmas_dun.txt
load	renewal	npc/re/mobs/dungeons/yggdrasil.txt
load	renewal	npc/re/mobs/fields/amatsu.txt
load	renewal	npc/re/mobs/fields/ayothaya.txt
load	renewal	npc/re/mobs/fields/ba_lost.txt
load	renewal	npc/re/mobs/fields/ba_maison.txt
load	renewal	npc/re/mobs/fields/bifrost.txt
load	renewal	npc/re/mobs/fields/brasilis.txt
load	renewal	npc/re/mobs/fields/comodo.txt
load	renewal	npc/re/mobs/fields/dewata.txt
load	renewal	npc/re/mobs/fields/dicastes.txt
load	renewal	npc/re/mobs/fields/eclage.txt
load	renewal	npc/re/mobs/fields/einbroch.txt
load	renewal	npc/re/mobs/fields/geffen.txt
load	renewal	npc/re/mobs/fields/gonryun.txt
load	renewal	npc/re/mobs/fields/gw_fild.txt
load	renewal	npc/re/mobs/fields/hugel.txt
load	renewal	npc/re/mobs/fields/lighthalzen.txt
load	renewal	npc/re/mobs/fields/louyang.txt
load	renewal	npc/re/mobs/fields/lutie.txt
load	renewal	npc/re/mobs/fields/malaya.txt
load	renewal	npc/re/mobs/fields/manuk.txt
load	renewal	npc/re/mobs/fields/mjolnir.txt
load	renewal	npc/re/mobs/fields/morocc.txt
load	renewal	npc/re/mobs/fields/moscovia.txt
load	renewal	npc/re/mobs/fields/niflheim.txt
load	renewal	npc/re/mobs/fields/payon.txt
load	renewal	npc/re/mobs/fields/prontera.txt
load	renewal	npc/re/mobs/fields/rachel.txt
load	renewal	npc/re/mobs/fields/rockridge.txt
load	renewal	npc/re/mobs/fields/splendide.txt
load	renewal	npc/re/mobs/fields/umbala.txt
load	renewal	npc/re/mobs/fields/veins.txt
load	renewal	npc/re/mobs/fields/yuno.txt
load	renewal	npc/re/warps/cities/alberta.txt
load	renewal	npc/re/warps/cities/dewata.txt
load	renewal	npc/re/warps/cities/dicastes.txt
load	renewal	npc/re/warps/cities/eclage.txt
load	renewal	npc/re/warps/cities/einbech.txt
load	renewal	npc/re/warps/cities/einbroch.txt
load	renewal	npc/re/warps/cities/lasagna.txt
load	renewal	npc/re/warps/cities/lighthalzen.txt
load	renewal	npc/re/warps/cities/izlude.txt
load	renewal	npc/re/warps/cities/malangdo.txt
load	renewal	npc/re/warps/cities/malaya.txt
load	renewal	npc/re/warps/cities/prontera.txt
load	renewal	npc/re/warps/cities/rachel.txt
load	renewal	npc/re/warps/cities/rockridge.txt
load	renewal	npc/re/warps/cities/yggdrasil.txt
load	renewal	npc/re/warps/dungeons/abyss.txt
load	renewal	npc/re/warps/dungeons/amicitia.txt
load	renewal	npc/re/warps/dungeons/dic_dun.txt
load	renewal	npc/re/warps/dungeons/ecl_dun.txt
load	renewal	npc/re/warps/dungeons/ein_dun.txt
load	renewal	npc/re/warps/dungeons/harboro2.txt
load	renewal	npc/re/warps/dungeons/iz_dun.txt
load	renewal	npc/re/warps/dungeons/mag_dun.txt
load	renewal	npc/re/warps/dungeons/moc_pryd.txt
load	renewal	npc/re/warps/dungeons/nif_dun.txt
load	renewal	npc/re/warps/dungeons/oz_dun.txt
load	renewal	npc/re/warps/dungeons/prt_mz03_i.txt
load	renewal	npc/re/warps/dungeons/rockmi1.txt
load	renewal	npc/re/warps/dungeons/sp_rudus.txt
load	renewal	npc/re/warps/dungeons/slabw01.txt
load	renewal	npc/re/warps/dungeons/thor_v.txt
load	renewal	npc/re/warps/fields/bif_fild.txt
load	renewal	npc/re/warps/fields/com_fild.txt
load	renewal	npc/re/warps/fields/dic_fild.txt
load	renewal	npc/re/warps/fields/geffen_fild.txt
load	renewal	npc/re/warps/fields/gw_fild.txt
load	renewal	npc/re/warps/fields/hugel_fild.txt
load	renewal	npc/re/warps/fields/morroc_fild.txt
load	renewal	npc/re/warps/fields/payon_fild.txt
load	renewal	npc/re/warps/fields/prontera_fild.txt
load	renewal	npc/re/warps/fields/rachel_fild.txt
load	renewal	npc/re/warps/fields/rockridge_fild.txt
load	renewal	npc/re/warps/fields/veins_fild.txt
load	renewal	npc/re/warps/fields/yuno_fild.txt
load	renewal	npc/re/warps/other/arena.txt
load	renewal	npc/re/warps/other/ba_2whs.txt
load	renewal	npc/re/warps/other/ba_maison.txt
load	renewal	npc/re/warps/other/ba_pw.txt
load	renewal	npc/re/warps/other/dimensional_gap.txt
load	renewal	npc/re/warps/other/jobquests.txt
load	renewal	npc/re/warps/other/paradise.txt
load	renewal	npc/re/warps/other/s_workshop.txt
load	renewal	npc/re/warps/other/sign.txt
load	renewal	npc/re/warps/other/special_border_area.txt
load	renewal	npc/re/warps/other/TrainingZone123.txt
load	renewal	npc/re/warps/other/un_myst.txt
load	renewal	npc/re/warps/other/verus.txt
load	renewal	npc/re/warps/guildcastles.txt
load	renewal	npc/custom/population/arena.txt
load	renewal	npc/custom/population/recruiter.txt
load	prerenewal	npc/other/Global_Functions.txt
load	prerenewal	npc/other/CashShop_Functions.txt
load	prerenewal	npc/airports/airships.txt
load	prerenewal	npc/airports/einbroch.txt
load	prerenewal	npc/airports/hugel.txt
load	prerenewal	npc/airports/izlude.txt
load	prerenewal	npc/airports/lighthalzen.txt
load	prerenewal	npc/airports/rachel.txt
load	prerenewal	npc/airports/yuno.txt
load	prerenewal	npc/battleground/flavius/flavius_enter.txt
load	prerenewal	npc/battleground/flavius/flavius01.txt
load	prerenewal	npc/battleground/flavius/flavius02.txt
load	prerenewal	npc/battleground/kvm/kvm_enter.txt
load	prerenewal	npc/battleground/kvm/kvm_item_pay.txt
load	prerenewal	npc/battleground/kvm/kvm01.txt
load	prerenewal	npc/battleground/kvm/kvm02.txt
load	prerenewal	npc/battleground/kvm/kvm03.txt
load	prerenewal	npc/battleground/tierra/tierra_enter.txt
load	prerenewal	npc/battleground/tierra/tierra01.txt
load	prerenewal	npc/battleground/tierra/tierra02.txt
load	prerenewal	npc/battleground/bg_common.txt
load	prerenewal	npc/cities/alberta.txt
load	prerenewal	npc/cities/aldebaran.txt
load	prerenewal	npc/cities/amatsu.txt
load	prerenewal	npc/cities/ayothaya.txt
load	prerenewal	npc/cities/comodo.txt
load	prerenewal	npc/cities/einbech.txt
load	prerenewal	npc/cities/einbroch.txt
load	prerenewal	npc/cities/geffen.txt
load	prerenewal	npc/cities/gonryun.txt
load	prerenewal	npc/cities/hugel.txt
load	prerenewal	npc/cities/izlude.txt
load	prerenewal	npc/cities/jawaii.txt
load	prerenewal	npc/cities/lighthalzen.txt
load	prerenewal	npc/cities/louyang.txt
load	prerenewal	npc/cities/lutie.txt
load	prerenewal	npc/cities/manuk.txt
load	prerenewal	npc/cities/morocc.txt
load	prerenewal	npc/cities/moscovia.txt
load	prerenewal	npc/cities/niflheim.txt
load	prerenewal	npc/cities/payon.txt
load	prerenewal	npc/cities/prontera.txt
load	prerenewal	npc/cities/rachel.txt
load	prerenewal	npc/cities/splendide.txt
load	prerenewal	npc/cities/umbala.txt
load	prerenewal	npc/cities/veins.txt
load	prerenewal	npc/cities/yuno.txt
load	prerenewal	npc/events/gdevent_aru.txt
load	prerenewal	npc/events/gdevent_sch.txt
load	prerenewal	npc/events/god_se_festival.txt
load	prerenewal	npc/instances/SealedShrine.txt
load	prerenewal	npc/instances/EndlessTower.txt
load	prerenewal	npc/instances/OrcsMemory.txt
load	prerenewal	npc/instances/NydhoggsNest.txt
load	prerenewal	npc/kafras/cool_event_corp.txt
load	prerenewal	npc/kafras/dts_warper.txt
load	prerenewal	npc/kafras/functions_kafras.txt
load	prerenewal	npc/kafras/kafras.txt
load	prerenewal	npc/merchants/advanced_refiner.txt
load	prerenewal	npc/merchants/alchemist.txt
load	prerenewal	npc/merchants/buying_shops.txt
load	prerenewal	npc/merchants/coin_exchange.txt
load	prerenewal	npc/merchants/dye_maker.txt
load	prerenewal	npc/merchants/elemental_trader.txt
load	prerenewal	npc/merchants/enchan_arm.txt
load	prerenewal	npc/merchants/gemstone.txt
load	prerenewal	npc/merchants/hair_dyer.txt
load	prerenewal	npc/merchants/hair_style.txt
load	prerenewal	npc/merchants/inn.txt
load	prerenewal	npc/merchants/kunai_maker.txt
load	prerenewal	npc/merchants/milk_trader.txt
load	prerenewal	npc/merchants/novice_exchange.txt
load	prerenewal	npc/merchants/old_pharmacist.txt
load	prerenewal	npc/merchants/quivers.txt
load	prerenewal	npc/merchants/refine.txt
load	prerenewal	npc/merchants/renters.txt
load	prerenewal	npc/merchants/shops.txt
load	prerenewal	npc/merchants/socket_enchant.txt
load	prerenewal	npc/merchants/socket_enchant2.txt
load	prerenewal	npc/merchants/wander_pet_food.txt
load	prerenewal	npc/merchants/cashheadgear_dye.txt
load	prerenewal	npc/other/arena/arena_aco.txt
load	prerenewal	npc/other/arena/arena_lvl50.txt
load	prerenewal	npc/other/arena/arena_lvl60.txt
load	prerenewal	npc/other/arena/arena_lvl70.txt
load	prerenewal	npc/other/arena/arena_lvl80.txt
load	prerenewal	npc/other/arena/arena_party.txt
load	prerenewal	npc/other/arena/arena_point.txt
load	prerenewal	npc/other/arena/arena_room.txt
load	prerenewal	npc/other/auction.txt
load	prerenewal	npc/other/books.txt
load	prerenewal	npc/other/bulletin_boards.txt
load	prerenewal	npc/other/comodo_gambling.txt
load	prerenewal	npc/other/divorce.txt
load	prerenewal	npc/other/fortune.txt
load	prerenewal	npc/other/gm_npcs.txt
load	prerenewal	npc/other/guildpvp.txt
load	prerenewal	npc/other/gympass.txt
load	prerenewal	npc/other/hugel_bingo.txt
load	prerenewal	npc/other/mail.txt
load	prerenewal	npc/other/marriage.txt
load	prerenewal	npc/other/mercenary_rent.txt
load	prerenewal	npc/other/monster_museum.txt
load	prerenewal	npc/other/monster_race.txt
load	prerenewal	npc/other/poring_war.txt
load	prerenewal	npc/other/powernpc.txt
load	prerenewal	npc/other/pvp.txt
load	prerenewal	npc/other/turbo_track.txt
load	prerenewal	npc/quests/first_class/tu_acolyte.txt
load	prerenewal	npc/quests/first_class/tu_archer.txt
load	prerenewal	npc/quests/first_class/tu_magician01.txt
load	prerenewal	npc/quests/first_class/tu_ma_th01.txt
load	prerenewal	npc/quests/first_class/tu_merchant.txt
load	prerenewal	npc/quests/first_class/tu_sword.txt
load	prerenewal	npc/quests/first_class/tu_thief01.txt
load	prerenewal	npc/quests/newgears/2004_headgears.txt
load	prerenewal	npc/quests/newgears/2005_headgears.txt
load	prerenewal	npc/quests/newgears/2006_headgears.txt
load	prerenewal	npc/quests/newgears/2008_headgears.txt
load	prerenewal	npc/quests/okolnir.txt
load	prerenewal	npc/quests/seals/god_global.txt
load	prerenewal	npc/quests/seals/brisingamen_seal.txt
load	prerenewal	npc/quests/seals/god_weapon_creation.txt
load	prerenewal	npc/quests/seals/megingard_seal.txt
load	prerenewal	npc/quests/seals/mjolnir_seal.txt
load	prerenewal	npc/quests/seals/sleipnir_seal.txt
load	prerenewal	npc/quests/seals/seal_status.txt
load	prerenewal	npc/quests/bard_quest.txt
load	prerenewal	npc/quests/bunnyband.txt
load	prerenewal	npc/quests/cooking_quest.txt
load	prerenewal	npc/quests/counteragent_mixture.txt
load	prerenewal	npc/quests/doomed_swords.txt
load	prerenewal	npc/quests/doomed_swords_quest.txt
load	prerenewal	npc/quests/eye_of_hellion.txt
load	prerenewal	npc/quests/guildrelay.txt
load	prerenewal	npc/quests/gunslinger_quests.txt
load	prerenewal	npc/quests/juice_maker.txt
load	prerenewal	npc/quests/kiel_hyre_quest.txt
load	prerenewal	npc/quests/lvl4_weapon_quest.txt
load	prerenewal	npc/quests/mage_solution.txt
load	prerenewal	npc/quests/monstertamers.txt
load	prerenewal	npc/quests/mrsmile.txt
load	prerenewal	npc/quests/ninja_quests.txt
load	prerenewal	npc/quests/obb_quest.txt
load	prerenewal	npc/quests/partyrelay.txt
load	prerenewal	npc/quests/quests_13_1.txt
load	prerenewal	npc/quests/quests_13_2.txt
load	prerenewal	npc/quests/quests_airship.txt
load	prerenewal	npc/quests/quests_alberta.txt
load	prerenewal	npc/quests/quests_aldebaran.txt
load	prerenewal	npc/quests/quests_amatsu.txt
load	prerenewal	npc/quests/quests_ayothaya.txt
load	prerenewal	npc/quests/quests_comodo.txt
load	prerenewal	npc/quests/quests_ein.txt
load	prerenewal	npc/quests/quests_geffen.txt
load	prerenewal	npc/quests/quests_gonryun.txt
load	prerenewal	npc/quests/quests_hugel.txt
load	prerenewal	npc/quests/quests_izlude.txt
load	prerenewal	npc/quests/quests_juperos.txt
load	prerenewal	npc/quests/quests_lighthalzen.txt
load	prerenewal	npc/quests/quests_louyang.txt
load	prerenewal	npc/quests/quests_lutie.txt
load	prerenewal	npc/quests/quests_morocc.txt
load	prerenewal	npc/quests/quests_moscovia.txt
load	prerenewal	npc/quests/quests_nameless.txt
load	prerenewal	npc/quests/quests_niflheim.txt
load	prerenewal	npc/quests/quests_payon.txt
load	prerenewal	npc/quests/quests_prontera.txt
load	prerenewal	npc/quests/quests_rachel.txt
load	prerenewal	npc/quests/quests_umbala.txt
load	prerenewal	npc/quests/quests_veins.txt
load	prerenewal	npc/quests/quests_yuno.txt
load	prerenewal	npc/quests/thana_quest.txt
load	prerenewal	npc/quests/the_sign_quest.txt
load	prerenewal	npc/guild/agit_controller.txt
load	prerenewal	npc/guild/agit_main.txt
load	prerenewal	npc/guild/aldeg_cas01.txt
load	prerenewal	npc/guild/aldeg_cas02.txt
load	prerenewal	npc/guild/aldeg_cas03.txt
load	prerenewal	npc/guild/aldeg_cas04.txt
load	prerenewal	npc/guild/aldeg_cas05.txt
load	prerenewal	npc/guild/gefg_cas01.txt
load	prerenewal	npc/guild/gefg_cas02.txt
load	prerenewal	npc/guild/gefg_cas03.txt
load	prerenewal	npc/guild/gefg_cas04.txt
load	prerenewal	npc/guild/gefg_cas05.txt
load	prerenewal	npc/guild/payg_cas01.txt
load	prerenewal	npc/guild/payg_cas02.txt
load	prerenewal	npc/guild/payg_cas03.txt
load	prerenewal	npc/guild/payg_cas04.txt
load	prerenewal	npc/guild/payg_cas05.txt
load	prerenewal	npc/guild/prtg_cas01.txt
load	prerenewal	npc/guild/prtg_cas02.txt
load	prerenewal	npc/guild/prtg_cas03.txt
load	prerenewal	npc/guild/prtg_cas04.txt
load	prerenewal	npc/guild/prtg_cas05.txt
load	prerenewal	npc/guild2/agit_start_se.txt
load	prerenewal	npc/guild2/agit_main_se.txt
load	prerenewal	npc/guild2/guild_flags.txt
load	prerenewal	npc/guild2/arug_cas01.txt
load	prerenewal	npc/guild2/arug_cas02.txt
load	prerenewal	npc/guild2/arug_cas03.txt
load	prerenewal	npc/guild2/arug_cas04.txt
load	prerenewal	npc/guild2/arug_cas05.txt
load	prerenewal	npc/guild2/schg_cas01.txt
load	prerenewal	npc/guild2/schg_cas02.txt
load	prerenewal	npc/guild2/schg_cas03.txt
load	prerenewal	npc/guild2/schg_cas04.txt
load	prerenewal	npc/guild2/schg_cas05.txt
load	prerenewal	npc/jobs/1-1e/gunslinger.txt
load	prerenewal	npc/jobs/1-1e/ninja.txt
load	prerenewal	npc/jobs/1-1e/taekwon.txt
load	prerenewal	npc/jobs/2-1/assassin.txt
load	prerenewal	npc/jobs/2-1/blacksmith.txt
load	prerenewal	npc/jobs/2-1/hunter.txt
load	prerenewal	npc/jobs/2-1/knight.txt
load	prerenewal	npc/jobs/2-1/priest.txt
load	prerenewal	npc/jobs/2-1/wizard.txt
load	prerenewal	npc/jobs/2-1a/AssassinCross.txt
load	prerenewal	npc/jobs/2-1a/HighPriest.txt
load	prerenewal	npc/jobs/2-1a/HighWizard.txt
load	prerenewal	npc/jobs/2-1a/LordKnight.txt
load	prerenewal	npc/jobs/2-1a/Sniper.txt
load	prerenewal	npc/jobs/2-1a/WhiteSmith.txt
load	prerenewal	npc/jobs/2-1e/StarGladiator.txt
load	prerenewal	npc/jobs/2-2/alchemist.txt
load	prerenewal	npc/jobs/2-2/bard.txt
load	prerenewal	npc/jobs/2-2/crusader.txt
load	prerenewal	npc/jobs/2-2/dancer.txt
load	prerenewal	npc/jobs/2-2/monk.txt
load	prerenewal	npc/jobs/2-2/rogue.txt
load	prerenewal	npc/jobs/2-2/sage.txt
load	prerenewal	npc/jobs/2-2a/Champion.txt
load	prerenewal	npc/jobs/2-2a/Clown.txt
load	prerenewal	npc/jobs/2-2a/Creator.txt
load	prerenewal	npc/jobs/2-2a/Gypsy.txt
load	prerenewal	npc/jobs/2-2a/Paladin.txt
load	prerenewal	npc/jobs/2-2a/Professor.txt
load	prerenewal	npc/jobs/2-2a/Stalker.txt
load	prerenewal	npc/jobs/2-2e/SoulLinker.txt
load	prerenewal	npc/jobs/novice/supernovice.txt
load	prerenewal	npc/jobs/valkyrie.txt
load	prerenewal	npc/quests/skills/acolyte_skills.txt
load	prerenewal	npc/quests/skills/alchemist_skills.txt
load	prerenewal	npc/quests/skills/archer_skills.txt
load	prerenewal	npc/quests/skills/assassin_skills.txt
load	prerenewal	npc/quests/skills/bard_skills.txt
load	prerenewal	npc/quests/skills/blacksmith_skills.txt
load	prerenewal	npc/quests/skills/crusader_skills.txt
load	prerenewal	npc/quests/skills/dancer_skills.txt
load	prerenewal	npc/quests/skills/hunter_skills.txt
load	prerenewal	npc/quests/skills/knight_skills.txt
load	prerenewal	npc/quests/skills/mage_skills.txt
load	prerenewal	npc/quests/skills/merchant_skills.txt
load	prerenewal	npc/quests/skills/monk_skills.txt
load	prerenewal	npc/quests/skills/priest_skills.txt
load	prerenewal	npc/quests/skills/rogue_skills.txt
load	prerenewal	npc/quests/skills/sage_skills.txt
load	prerenewal	npc/quests/skills/swordman_skills.txt
load	prerenewal	npc/quests/skills/thief_skills.txt
load	prerenewal	npc/quests/skills/wizard_skills.txt
load	prerenewal	npc/mapflag/nopvp.txt
load	prerenewal	npc/mapflag/gvg.txt
load	prerenewal	npc/mapflag/gvg_noparty.txt
load	prerenewal	npc/mapflag/hidemobhpbar.txt
load	prerenewal	npc/mapflag/jail.txt
load	prerenewal	npc/mapflag/nightmare.txt
load	prerenewal	npc/mapflag/nobranch.txt
load	prerenewal	npc/mapflag/noicewall.txt
load	prerenewal	npc/mapflag/nomemo.txt
load	prerenewal	npc/mapflag/nopenalty.txt
load	prerenewal	npc/mapflag/nosave.txt
load	prerenewal	npc/mapflag/noteleport.txt
load	prerenewal	npc/mapflag/noreturn.txt
load	prerenewal	npc/mapflag/noskill.txt
load	prerenewal	npc/mapflag/nowarp.txt
load	prerenewal	npc/mapflag/nowarpto.txt
load	prerenewal	npc/mapflag/pvp.txt
load	prerenewal	npc/mapflag/pvp_noparty.txt
load	prerenewal	npc/mapflag/pvp_noguild.txt
load	prerenewal	npc/mapflag/night.txt
load	prerenewal	npc/mapflag/reset.txt
load	prerenewal	npc/mapflag/restricted.txt
load	prerenewal	npc/mapflag/battleground.txt
load	prerenewal	npc/mapflag/skill_damage.txt
load	prerenewal	npc/mapflag/town.txt
load	prerenewal	npc/mapflag/nocostume.txt
load	prerenewal	npc/mapflag/skill_duration.txt
load	prerenewal	npc/mapflag/nodynamicnpc.txt
load	prerenewal	npc/mobs/jail.txt
load	prerenewal	npc/mobs/pvp.txt
load	prerenewal	npc/mobs/towns.txt
load	prerenewal	npc/warps/cities/alberta.txt
load	prerenewal	npc/warps/cities/aldebaran.txt
load	prerenewal	npc/warps/cities/amatsu.txt
load	prerenewal	npc/warps/cities/ayothaya.txt
load	prerenewal	npc/warps/cities/comodo.txt
load	prerenewal	npc/warps/cities/einbech.txt
load	prerenewal	npc/warps/cities/einbroch.txt
load	prerenewal	npc/warps/cities/geffen.txt
load	prerenewal	npc/warps/cities/gonryun.txt
load	prerenewal	npc/warps/cities/hugel.txt
load	prerenewal	npc/warps/cities/lighthalzen.txt
load	prerenewal	npc/warps/cities/louyang.txt
load	prerenewal	npc/warps/cities/lutie.txt
load	prerenewal	npc/warps/cities/manuk.txt
load	prerenewal	npc/warps/cities/mid_camp.txt
load	prerenewal	npc/warps/cities/morroc.txt
load	prerenewal	npc/warps/cities/moscovia.txt
load	prerenewal	npc/warps/cities/nameless.txt
load	prerenewal	npc/warps/cities/niflheim.txt
load	prerenewal	npc/warps/cities/payon.txt
load	prerenewal	npc/warps/cities/prontera.txt
load	prerenewal	npc/warps/cities/splendide.txt
load	prerenewal	npc/warps/cities/umbala.txt
load	prerenewal	npc/warps/cities/veins.txt
load	prerenewal	npc/warps/cities/yuno.txt
load	prerenewal	npc/warps/dungeons/abbey.txt
load	prerenewal	npc/warps/dungeons/abyss.txt
load	prerenewal	npc/warps/dungeons/alde_dun.txt
load	prerenewal	npc/warps/dungeons/ama_dun.txt
load	prerenewal	npc/warps/dungeons/anthell.txt
load	prerenewal	npc/warps/dungeons/ayo_dun.txt
load	prerenewal	npc/warps/dungeons/beach_dun.txt
load	prerenewal	npc/warps/dungeons/c_tower.txt
load	prerenewal	npc/warps/dungeons/ein_dun.txt
load	prerenewal	npc/warps/dungeons/gef_dun.txt
load	prerenewal	npc/warps/dungeons/gon_dun.txt
load	prerenewal	npc/warps/dungeons/ice_dun.txt
load	prerenewal	npc/warps/dungeons/in_sphinx.txt
load	prerenewal	npc/warps/dungeons/iz_dun.txt
load	prerenewal	npc/warps/dungeons/juperos.txt
load	prerenewal	npc/warps/dungeons/kh_dun.txt
load	prerenewal	npc/warps/dungeons/lhz_dun.txt
load	prerenewal	npc/warps/dungeons/lou_dun.txt
load	prerenewal	npc/warps/dungeons/mag_dun.txt
load	prerenewal	npc/warps/dungeons/mjo_dun.txt
load	prerenewal	npc/warps/dungeons/moc_pryd.txt
load	prerenewal	npc/warps/dungeons/mosk_dun.txt
load	prerenewal	npc/warps/dungeons/odin.txt
load	prerenewal	npc/warps/dungeons/orcsdun.txt
load	prerenewal	npc/warps/dungeons/pay_dun.txt
load	prerenewal	npc/warps/dungeons/prt_maze.txt
load	prerenewal	npc/warps/dungeons/ra_san.txt
load	prerenewal	npc/warps/dungeons/tha_t.txt
load	prerenewal	npc/warps/dungeons/thor_v.txt
load	prerenewal	npc/warps/dungeons/treasure.txt
load	prerenewal	npc/warps/dungeons/tur_dun.txt
load	prerenewal	npc/warps/dungeons/um_dun.txt
load	prerenewal	npc/warps/dungeons/xmas_dun.txt
load	prerenewal	npc/warps/fields/abyss_warper.txt
load	prerenewal	npc/warps/fields/amatsu_fild.txt
load	prerenewal	npc/warps/fields/ein_fild.txt
load	prerenewal	npc/warps/fields/gefenia.txt
load	prerenewal	npc/warps/fields/glastheim.txt
load	prerenewal	npc/warps/fields/jawaii.txt
load	prerenewal	npc/warps/fields/lhalzen_fild.txt
load	prerenewal	npc/warps/fields/lutie_fild.txt
load	prerenewal	npc/warps/fields/man_fild.txt
load	prerenewal	npc/warps/fields/mtmjolnir.txt
load	prerenewal	npc/warps/fields/spl_fild.txt
load	prerenewal	npc/warps/fields/umbala_fild.txt
load	prerenewal	npc/warps/other/airplane.txt
load	prerenewal	npc/warps/other/arena.txt
load	prerenewal	npc/warps/other/god.txt
load	prerenewal	npc/warps/other/jobquests.txt
load	prerenewal	npc/warps/other/kiel.txt
load	prerenewal	npc/warps/other/other.txt
load	prerenewal	npc/warps/guildcastles.txt
load	prerenewal	npc/warps/pvp.txt
load	prerenewal	npc/pre-re/airports/izlude.txt
load	prerenewal	npc/pre-re/cities/alberta.txt
load	prerenewal	npc/pre-re/cities/izlude.txt
load	prerenewal	npc/pre-re/cities/jawaii.txt
load	prerenewal	npc/pre-re/cities/lutie.txt
load	prerenewal	npc/pre-re/cities/prontera.txt
load	prerenewal	npc/pre-re/cities/yuno.txt
load	prerenewal	npc/pre-re/guides/guides_alberta.txt
load	prerenewal	npc/pre-re/guides/guides_aldebaran.txt
load	prerenewal	npc/pre-re/guides/guides_amatsu.txt
load	prerenewal	npc/pre-re/guides/guides_ayothaya.txt
load	prerenewal	npc/pre-re/guides/guides_comodo.txt
load	prerenewal	npc/pre-re/guides/guides_einbroch.txt
load	prerenewal	npc/pre-re/guides/guides_geffen.txt
load	prerenewal	npc/pre-re/guides/guides_gonryun.txt
load	prerenewal	npc/pre-re/guides/guides_hugel.txt
load	prerenewal	npc/pre-re/guides/guides_izlude.txt
load	prerenewal	npc/pre-re/guides/guides_juno.txt
load	prerenewal	npc/pre-re/guides/guides_lighthalzen.txt
load	prerenewal	npc/pre-re/guides/guides_louyang.txt
load	prerenewal	npc/pre-re/guides/guides_morroc.txt
load	prerenewal	npc/pre-re/guides/guides_moscovia.txt
load	prerenewal	npc/pre-re/guides/guides_niflheim.txt
load	prerenewal	npc/pre-re/guides/guides_payon.txt
load	prerenewal	npc/pre-re/guides/guides_prontera.txt
load	prerenewal	npc/pre-re/guides/guides_rachel.txt
load	prerenewal	npc/pre-re/guides/guides_umbala.txt
load	prerenewal	npc/pre-re/guides/guides_veins.txt
load	prerenewal	npc/pre-re/kafras/kafras.txt
load	prerenewal	npc/pre-re/merchants/ammo_boxes.txt
load	prerenewal	npc/pre-re/merchants/ammo_dealer.txt
load	prerenewal	npc/pre-re/merchants/hair_dyer.txt
load	prerenewal	npc/pre-re/merchants/hair_style.txt
load	prerenewal	npc/pre-re/merchants/shops.txt
load	prerenewal	npc/pre-re/merchants/socket_enchant2.txt
load	prerenewal	npc/pre-re/other/bulletin_boards.txt
load	prerenewal	npc/pre-re/other/mercenary_rent.txt
load	prerenewal	npc/pre-re/other/pvp.txt
load	prerenewal	npc/pre-re/other/msg_boards.txt
load	prerenewal	npc/pre-re/other/resetskill.txt
load	prerenewal	npc/pre-re/other/turbo_track.txt
load	prerenewal	npc/pre-re/quests/first_class/tu_archer.txt
load	prerenewal	npc/pre-re/quests/seals/brisingamen_seal.txt
load	prerenewal	npc/pre-re/quests/seals/megingard_seal.txt
load	prerenewal	npc/pre-re/quests/cooking_quest.txt
load	prerenewal	npc/pre-re/quests/monstertamers.txt
load	prerenewal	npc/pre-re/quests/mrsmile.txt
load	prerenewal	npc/pre-re/quests/quest_payon.txt
load	prerenewal	npc/pre-re/quests/quests_13_1.txt
load	prerenewal	npc/pre-re/quests/quests_izlude.txt
load	prerenewal	npc/pre-re/quests/quests_lighthalzen.txt
load	prerenewal	npc/pre-re/quests/quests_morocc.txt
load	prerenewal	npc/pre-re/quests/quests_nameless.txt
load	prerenewal	npc/pre-re/quests/quests_niflheim.txt
load	prerenewal	npc/pre-re/quests/the_sign_quest.txt
load	prerenewal	npc/pre-re/quests/quests_veins.txt
load	prerenewal	npc/pre-re/jobs/1-1/acolyte.txt
load	prerenewal	npc/pre-re/jobs/1-1/archer.txt
load	prerenewal	npc/pre-re/jobs/1-1/mage.txt
load	prerenewal	npc/pre-re/jobs/1-1/merchant.txt
load	prerenewal	npc/pre-re/jobs/1-1/swordman.txt
load	prerenewal	npc/pre-re/jobs/1-1/thief.txt
load	prerenewal	npc/pre-re/jobs/1-1e/taekwon.txt
load	prerenewal	npc/pre-re/jobs/2-2/crusader.txt
load	prerenewal	npc/pre-re/jobs/novice/novice.txt
load	prerenewal	npc/pre-re/quests/skills/swordman_skills.txt
load	prerenewal	npc/quests/skills/novice_skills.txt
load	prerenewal	npc/pre-re/mapflag/hidemobhpbar.txt
load	prerenewal	npc/pre-re/mapflag/gvg.txt
load	prerenewal	npc/pre-re/mapflag/nosave.txt
load	prerenewal	npc/pre-re/mapflag/invincible_time.txt
load	prerenewal	npc/pre-re/mobs/citycleaners.txt
load	prerenewal	npc/pre-re/mobs/dungeons/abbey.txt
load	prerenewal	npc/pre-re/mobs/dungeons/abyss.txt
load	prerenewal	npc/pre-re/mobs/dungeons/alde_dun.txt
load	prerenewal	npc/pre-re/mobs/dungeons/ama_dun.txt
load	prerenewal	npc/pre-re/mobs/dungeons/anthell.txt
load	prerenewal	npc/pre-re/mobs/dungeons/ayo_dun.txt
load	prerenewal	npc/pre-re/mobs/dungeons/beach_dun.txt
load	prerenewal	npc/pre-re/mobs/dungeons/c_tower.txt
load	prerenewal	npc/pre-re/mobs/dungeons/ein_dun.txt
load	prerenewal	npc/pre-re/mobs/dungeons/gef_dun.txt
load	prerenewal	npc/pre-re/mobs/dungeons/gefenia.txt
load	prerenewal	npc/pre-re/mobs/dungeons/glastheim.txt
load	prerenewal	npc/pre-re/mobs/dungeons/gld_dun.txt
load	prerenewal	npc/pre-re/mobs/dungeons/gld_dunSE.txt
load	prerenewal	npc/pre-re/mobs/dungeons/gon_dun.txt
load	prerenewal	npc/pre-re/mobs/dungeons/ice_dun.txt
load	prerenewal	npc/pre-re/mobs/dungeons/in_sphinx.txt
load	prerenewal	npc/pre-re/mobs/dungeons/iz_dun.txt
load	prerenewal	npc/pre-re/mobs/dungeons/juperos.txt
load	prerenewal	npc/pre-re/mobs/dungeons/kh_dun.txt
load	prerenewal	npc/pre-re/mobs/dungeons/lhz_dun.txt
load	prerenewal	npc/pre-re/mobs/dungeons/lou_dun.txt
load	prerenewal	npc/pre-re/mobs/dungeons/mag_dun.txt
load	prerenewal	npc/pre-re/mobs/dungeons/mjo_dun.txt
load	prerenewal	npc/pre-re/mobs/dungeons/moc_pryd.txt
load	prerenewal	npc/pre-re/mobs/dungeons/mosk_dun.txt
load	prerenewal	npc/pre-re/mobs/dungeons/nyd_dun.txt
load	prerenewal	npc/pre-re/mobs/dungeons/odin.txt
load	prerenewal	npc/pre-re/mobs/dungeons/orcsdun.txt
load	prerenewal	npc/pre-re/mobs/dungeons/pay_dun.txt
load	prerenewal	npc/pre-re/mobs/dungeons/prt_maze.txt
load	prerenewal	npc/pre-re/mobs/dungeons/prt_sew.txt
load	prerenewal	npc/pre-re/mobs/dungeons/ra_san.txt
load	prerenewal	npc/pre-re/mobs/dungeons/tha_t.txt
load	prerenewal	npc/pre-re/mobs/dungeons/thor_v.txt
load	prerenewal	npc/pre-re/mobs/dungeons/treasure.txt
load	prerenewal	npc/pre-re/mobs/dungeons/tur_dun.txt
load	prerenewal	npc/pre-re/mobs/dungeons/um_dun.txt
load	prerenewal	npc/pre-re/mobs/dungeons/xmas_dun.txt
load	prerenewal	npc/pre-re/mobs/dungeons/yggdrasil.txt
load	prerenewal	npc/pre-re/mobs/fields/amatsu.txt
load	prerenewal	npc/pre-re/mobs/fields/ayothaya.txt
load	prerenewal	npc/pre-re/mobs/fields/comodo.txt
load	prerenewal	npc/pre-re/mobs/fields/einbroch.txt
load	prerenewal	npc/pre-re/mobs/fields/geffen.txt
load	prerenewal	npc/pre-re/mobs/fields/gonryun.txt
load	prerenewal	npc/pre-re/mobs/fields/hugel.txt
load	prerenewal	npc/pre-re/mobs/fields/lighthalzen.txt
load	prerenewal	npc/pre-re/mobs/fields/louyang.txt
load	prerenewal	npc/pre-re/mobs/fields/lutie.txt
load	prerenewal	npc/pre-re/mobs/fields/manuk.txt
load	prerenewal	npc/pre-re/mobs/fields/mjolnir.txt
load	prerenewal	npc/pre-re/mobs/fields/morocc.txt
load	prerenewal	npc/pre-re/mobs/fields/moscovia.txt
load	prerenewal	npc/pre-re/mobs/fields/niflheim.txt
load	prerenewal	npc/pre-re/mobs/fields/payon.txt
load	prerenewal	npc/pre-re/mobs/fields/prontera.txt
load	prerenewal	npc/pre-re/mobs/fields/rachel.txt
load	prerenewal	npc/pre-re/mobs/fields/splendide.txt
load	prerenewal	npc/pre-re/mobs/fields/umbala.txt
load	prerenewal	npc/pre-re/mobs/fields/veins.txt
load	prerenewal	npc/pre-re/mobs/fields/yuno.txt
load	prerenewal	npc/pre-re/warps/cities/alberta.txt
load	prerenewal	npc/pre-re/warps/cities/einbroch.txt
load	prerenewal	npc/pre-re/warps/cities/izlude.txt
load	prerenewal	npc/pre-re/warps/cities/prontera.txt
load	prerenewal	npc/pre-re/warps/cities/rachel.txt
load	prerenewal	npc/pre-re/warps/cities/yggdrasil.txt
load	prerenewal	npc/pre-re/warps/fields/com_fild.txt
load	prerenewal	npc/pre-re/warps/fields/geffen_fild.txt
load	prerenewal	npc/pre-re/warps/fields/hugel_fild.txt
load	prerenewal	npc/pre-re/warps/fields/morroc_fild.txt
load	prerenewal	npc/pre-re/warps/fields/payon_fild.txt
load	prerenewal	npc/pre-re/warps/fields/prontera_fild.txt
load	prerenewal	npc/pre-re/warps/fields/rachel_fild.txt
load	prerenewal	npc/pre-re/warps/fields/veins_fild.txt
load	prerenewal	npc/pre-re/warps/fields/yuno_fild.txt
load	prerenewal	npc/pre-re/warps/other/arena.txt
load	prerenewal	npc/pre-re/warps/other/sign.txt
load	prerenewal	npc/pre-re/warps/guildcastles.txt
load	prerenewal	npc/custom/population/arena.txt
load	prerenewal	npc/custom/population/recruiter.txt
file	npc/battleground/bg_common.txt
warp	bat_room	57	81	bat1	bat_room	154	149
warp	bat_room	57	90	bat2	bat_room	154	149
warp	bat_room	85	81	bat5	bat_room	154	149
warp	bat_room	85	90	bat6	bat_room	154	149
warp	bat_room	113	81	bat9	bat_room	154	149
warp	bat_room	113	90	bat10	bat_room	154	149
warp	bat_room	141	81	bat13	bat_room	154	149
warp	bat_room	141	90	bat14	bat_room	154	149
warp	bat_room	169	81	bat17	bat_room	154	149
warp	bat_room	169	90	bat18	bat_room	154	149
warp	bat_room	197	81	bat21	bat_room	154	149
warp	bat_room	197	90	bat22	bat_room	154	149
warp	bat_room	225	81	bat25	bat_room	154	149
warp	bat_room	225	90	bat26	bat_room	154	149
warp	bat_room	253	81	bat29	bat_room	154	149
warp	bat_room	253	90	bat30	bat_room	154	149
warp	bat_room	253	220	bat31	bat_room	154	149
warp	bat_room	253	211	bat32	bat_room	154	149
on	Flavius Officer#01a
on	Flavius Officer#01b
on	Flavius Officer#02a
on	Flavius Officer#02b
on	Tierra Gorge Officer#01a
on	Tierra Gorge Officer#01b
on	Tierra Gorge Officer#02a
on	Tierra Gorge Officer#02b
file	npc/battleground/flavius/flavius01.txt
warp	bat_room	85	220	back_bgroomb01a	bat_room	154	150
warp	bat_room	85	211	back_bgroomb01b	bat_room	154	150
off	Croix Vintenar#b01_b
off	Guillaume Vintenar#b01_a
off	Vintenar#bat_b01_aover
off	Vintenar#bat_b01_bover
on	Battle Therapist#b01_a
on	Battle Therapist#b01_b
on	Croix Vintenar#b01_b
on	Guillaume Vintenar#b01_a
on	Vintenar#bat_b01_aover
on	Vintenar#bat_b01_bover
file	npc/battleground/flavius/flavius02.txt
warp	bat_room	141	220	back_bgroomb02a	bat_room	154	150
warp	bat_room	141	211	back_bgroomb02b	bat_room	154	150
off	Croix Vintenar#b02_b
off	Guillaume Vintenar#b02_a
off	Vintenar#bat_b02_aover
off	Vintenar#bat_b02_bover
on	Battle Therapist#b02_a
on	Battle Therapist#b02_b
on	Croix Vintenar#b02_b
on	Guillaume Vintenar#b02_a
on	Vintenar#bat_b02_aover
on	Vintenar#bat_b02_bover
file	npc/battleground/kvm/kvm01.txt
warp	bat_room	169	220	#kvm801	bat_room	154	150
warp	bat_room	169	211	#kvm802	bat_room	154	150
off	#A_camp_start01
off	#B_camp_start01
off	KVM Officer#KVM01A
off	KVM Officer#KVM01B
on	#A_camp_start01
on	#B_camp_start01
on	KVM Officer#KVM01A
on	KVM Officer#KVM01B
file	npc/battleground/kvm/kvm02.txt
warp	bat_room	197	220	#kvm601	bat_room	154	150
warp	bat_room	197	21	#kvm602	bat_room	154	150
off	#A_camp_start02
off	#B_camp_start02
off	KVM Officer#KVM02A
off	KVM Officer#KVM02B
on	#A_camp_start02
on	#B_camp_start02
on	KVM Officer#KVM02A
on	KVM Officer#KVM02B
file	npc/battleground/kvm/kvm03.txt
warp	bat_room	225	220	#kvm701	bat_room	154	150
warp	bat_room	225	211	#kvm702	bat_room	154	150
off	#A_camp_start03
off	#B_camp_start03
off	KVM Officer#KVM03A
off	KVM Officer#KVM03B
on	#A_camp_start03
on	#B_camp_start03
on	KVM Officer#KVM03A
on	KVM Officer#KVM03B
file	npc/battleground/tierra/tierra01.txt
warp	bat_room	57	220	back_bgrooma01a	bat_room	154	150
warp	bat_room	57	211	back_bgrooma01b	bat_room	154	150
warp	bat_a01	169	227	underladd#bat_a01_1	bat_a01	178	228
warp	bat_a01	208	164	underladd#bat_a01_2	bat_a01	200	171
off	Croix Blacksmith#bat_a01
off	Croix Vintenar#a01_b
off	Guillaume Blacksmith#a01
off	Guillaume Vintenar#a01_a
on	Battle Therapist#a01_a
on	Battle Therapist#a01_b
on	Croix Blacksmith#bat_a01
on	Croix Vintenar#a01_b
on	Guillaume Blacksmith#a01
on	Guillaume Vintenar#a01_a
file	npc/battleground/tierra/tierra02.txt
warp	bat_room	113	220	back_bgrooma02a	bat_room	154	150
warp	bat_room	113	211	back_bgrooma02b	bat_room	154	150
warp	bat_a02	169	227	underladd#bat_a02_1	bat_a02	178	228
warp	bat_a02	208	164	underladd#bat_a02_2	bat_a02	200	171
off	Croix Blacksmith#bat_a02
off	Croix Vintenar#a02_b
off	Guillaume Blacksmith#a02
off	Guillaume Vintenar#a02_a
on	Battle Therapist#a02_a
on	Battle Therapist#a02_b
on	Croix Blacksmith#bat_a02
on	Croix Vintenar#a02_b
on	Guillaume Blacksmith#a02
on	Guillaume Vintenar#a02_a
file	npc/custom/events/devil_square.txt
on	Devil Square Guardian#2
on	ord11-12
file	npc/custom/events/holiday/uneasy_cemetery.txt
off	Mother Mathana
on	Mother Mathana
file	npc/custom/quests/event_6_new_hats.txt
on	Blac
on	Jac
on	Pac
on	Zac
file	npc/custom/quests/thq/THQS_TTShop.txt
warp	prt_in	159	172	thqwrp	yuno_in01	123	155
file	npc/events/bossnia.txt
warp	bossnia_01	204	204	bossnia01	prontera	155	180
warp	bossnia_02	204	204	bossnia02	prontera	155	180
warp	bossnia_03	204	204	bossnia03	prontera	155	180
warp	bossnia_04	204	204	bossnia04	prontera	155	180
file	npc/events/christmas_2005.txt
off	Christ#christ02
off	Event#event02
off	Happymerry#happymerry02
off	Mas#mas02
on	Christ#christ02
on	Enjoy#enjoy
on	Event#event02
on	Happymerry#happymerry02
on	Mas#mas02
file	npc/events/gdevent_aru.txt
warp	arug_que01	104	140	back#aru_gd	arug_dun01	199	192
off	Dwarf#aru_gd
off	Gergath#aru_gd
off	removepp_aru_gd
on	Dwarf#aru_gd
on	Gergath#aru_gd
on	removepp_aru_gd
file	npc/events/gdevent_sch.txt
warp	schg_que01	104	140	back#sch_gd	schg_dun01	199	192
off	Dwarf#sch_gd
off	Gergath#sch_gd
off	removepp_sch_gd
on	Dwarf#sch_gd
on	Gergath#sch_gd
on	removepp_sch_gd
file	npc/events/god_se_festival.txt
on	Rhehe Ravies#gq_fes03
on	Rmimi Ravies#gq_fes01
file	npc/events/halloween_2006.txt
off	Chicken#06_hw_p01
off	Chicken#06_hw_p02
off	Chicken#06_hw_p03
off	Chicken#06_hw_p04
off	Chicken#06_hw_p05
off	Chicken#06_hw_p06
off	Chicken#06_hw_p07
off	Chicken#06_hw_p08
off	Chicken#06_hw_p09
off	Chicken#06_hw_p10
off	Chicken#06_hw_p11
off	Chicken#06_hw_p12
off	Chicken#06_hw_p13
off	Chicken#06_hw_p14
off	Chicken#06_hw_p15
off	Chicken#06_hw_p16
off	Chicken#06_hw_p17
off	Chicken#06_hw_p18
off	Chicken#06_hw_p19
off	Chicken#06_hw_p20
off	Chicken#06_hw_p21
off	Chicken#06_hw_p22
off	Chicken#06_hw_p23
off	Chicken#06_hw_p24
off	Chicken#06_hw_p25
off	Chicken#06_hw_p26
off	Chicken#06_hw_p27
off	Chicken#06_hw_p28
off	Chicken#06_hw_p29
off	Chicken#06_hw_p30
off	Chicken#06_hw_p31
off	Chicken#06_hw_p32
off	Chicken#06_hw_p33
off	Chicken#06_hw_p34
off	Chicken#06_hw_p35
off	Chicken#06_hw_p36
off	Chicken#06_hw_p37
off	Chicken#06_hw_p38
off	Chicken#06_hw_p39
off	Chicken#06_hw_p40
off	Chicken#06_hw_p41
off	Chicken#06_hw_pf01
off	Chicken#06_hw_pf02
off	Chicken#06_hw_pf03
off	Chicken#06_hw_pf04
off	Chicken#06_hw_pf05
off	Chicken#06_hw_pf06
off	Chicken#06_hw_pf07
off	Chicken#06_hw_pf08
off	Chicken#06_hw_pf09
off	Chicken#06_hw_pf10
off	Chicken#06_hw_pf11
off	Chicken#06_hw_pf12
off	Chicken#06_hw_pf13
off	Chicken#06_hw_pf14
off	Chicken#06_hw_pf15
off	Chicken#06_hw_pf16
off	Chicken#06_hw_pf17
off	Chicken#06_hw_pf18
off	Chicken#06_hw_pf19
off	Chicken#06_hw_pf20
off	Chicken#06_hw_pf21
off	Chicken#06_hw_pf22
off	Chicken#06_hw_pf23
off	Chicken#06_hw_pf24
off	Chicken#06_hw_pf25
off	Chicken#06_hw_pf26
off	Chicken#06_hw_pf27
on	Chicken#06_hw_p01
on	Chicken#06_hw_p02
on	Chicken#06_hw_p03
on	Chicken#06_hw_p04
on	Chicken#06_hw_p05
on	Chicken#06_hw_p06
on	Chicken#06_hw_p07
on	Chicken#06_hw_p08
on	Chicken#06_hw_p09
on	Chicken#06_hw_p10
on	Chicken#06_hw_p11
on	Chicken#06_hw_p12
on	Chicken#06_hw_p13
on	Chicken#06_hw_p14
on	Chicken#06_hw_p15
on	Chicken#06_hw_p16
on	Chicken#06_hw_p17
on	Chicken#06_hw_p18
on	Chicken#06_hw_p19
on	Chicken#06_hw_p20
on	Chicken#06_hw_p21
on	Chicken#06_hw_p22
on	Chicken#06_hw_p23
on	Chicken#06_hw_p24
on	Chicken#06_hw_p25
on	Chicken#06_hw_p26
on	Chicken#06_hw_p27
on	Chicken#06_hw_p28
on	Chicken#06_hw_p29
on	Chicken#06_hw_p30
on	Chicken#06_hw_p31
on	Chicken#06_hw_p32
on	Chicken#06_hw_p33
on	Chicken#06_hw_p34
on	Chicken#06_hw_p35
on	Chicken#06_hw_p36
on	Chicken#06_hw_p37
on	Chicken#06_hw_p38
on	Chicken#06_hw_p39
on	Chicken#06_hw_p40
on	Chicken#06_hw_p41
on	Chicken#06_hw_pf01
on	Chicken#06_hw_pf02
on	Chicken#06_hw_pf03
on	Chicken#06_hw_pf04
on	Chicken#06_hw_pf05
on	Chicken#06_hw_pf06
on	Chicken#06_hw_pf07
on	Chicken#06_hw_pf08
on	Chicken#06_hw_pf09
on	Chicken#06_hw_pf10
on	Chicken#06_hw_pf11
on	Chicken#06_hw_pf12
on	Chicken#06_hw_pf13
on	Chicken#06_hw_pf14
on	Chicken#06_hw_pf15
on	Chicken#06_hw_pf16
on	Chicken#06_hw_pf17
on	Chicken#06_hw_pf18
on	Chicken#06_hw_pf19
on	Chicken#06_hw_pf20
on	Chicken#06_hw_pf21
on	Chicken#06_hw_pf22
on	Chicken#06_hw_pf23
on	Chicken#06_hw_pf24
on	Chicken#06_hw_pf25
on	Chicken#06_hw_pf26
on	Chicken#06_hw_pf27
on	Masta's chicken#
file	npc/events/nguild/nguild_managers.txt
on	Kafra Staff#
file	npc/events/xmas.txt
off	Santa Claus
file	npc/guild/agit_main.txt
on	Kafra Staff#
file	npc/guild2/agit_main_se.txt
on	Kafra Employee#
file	npc/instances/EndlessTower.txt
off	Purification Stone#et1
on	Purification Stone#et1
file	npc/instances/NydhoggsNest.txt
off	Purification Stone#nyd2
on	Purification Stone#nyd2
on	Yggdrasil Gatekeeper
file	npc/jobs/2-1/assassin.txt
off	Keeper of the Door#ASN
on	Keeper of the Door#ASN
on	[Barcardi]
on	[Beholder]
on	[Gayle Maroubitz]
on	[Huey]
on	[Khai]
on	[The Anonymous One]
on	[Thomas]
file	npc/jobs/2-1/hunter.txt
off	Manager#hnt
off	exit#hnttest
on	Manager#hnt
on	Switch#hnt
on	exit#hnttest
file	npc/jobs/2-1/knight.txt
off	Knight1
off	Knight2
off	Knight3
off	Warp#knt
on	Knight1
on	Knight2
on	Knight3
on	Timer#knt
on	Warp#knt
file	npc/jobs/2-1/priest.txt
off	Mummy1_1
off	Mummy2_1
off	Mummy3_1
off	Mummy_Generator
off	Peter S. Alberto#2
off	Zombie1_1
off	Zombie2_1
off	Zombie3_1
off	Zombie4_1
off	Zombie5_1
off	Zombie_Generator#prst
on	Mummy1_1
on	Mummy2_1
on	Mummy3_1
on	Peter S. Alberto
on	Peter S. Alberto#2
on	Zombie1_1
on	Zombie2_1
on	Zombie3_1
on	Zombie4_1
on	Zombie5_1
file	npc/jobs/2-1/wizard.txt
off	Room of Earth
off	Room of Earth#Door
off	Room of Earth#Failed
off	Room of Fire
off	Room of Fire#Door
off	Room of Fire#Failed
off	Room of Water
off	Room of Water#Door
off	Room of Water#Failed
off	Test Helper#wiz
on	Room of Earth
on	Room of Earth#Door
on	Room of Earth#Failed
on	Room of Fire
on	Room of Fire#Door
on	Room of Fire#Failed
on	Room of Water
on	Room of Water#Door
on	Room of Water#Failed
file	npc/jobs/2-2/crusader.txt
off	Monster Summon#cr0
off	Monster Summon#cr1
off	Monster Summon#cr2
off	Monster Summon#cr3
off	Monster Summon#cr4
off	Monster Summon#cr6
on	Monster Summon#cr0
on	Monster Summon#cr1
on	Monster Summon#cr2
on	Monster Summon#cr3
on	Monster Summon#cr4
on	Monster Summon#cr6
on	Summoner#cr1
on	Summoner#cr2
on	Summoner#cr3
on	Summoner#cr4
file	npc/jobs/2-2/dancer.txt
on	dance#cen
on	dance#down
on	dance#left
on	dance#return
on	dance#return#2
on	dance#return#3
on	dance#right
on	dance#up
file	npc/jobs/2-2/sage.txt
off	Arena#1
off	Arena#2
off	Arena#3
off	Arena#Doorkeeper
off	Test Helper#sg
on	Arena#1
on	Arena#2
on	Arena#Doorkeeper
file	npc/jobs/valkyrie.txt
warp	valkyrie	48	73	valk01#1	valkyrie	48	64
warp	valkyrie	48	66	valk01#2	valkyrie	48	75
file	npc/other/arena/arena_aco.txt
off	arn_warp_aco
on	arena#aco
on	arn_warp_aco
on	force_01_02#aco
on	force_01start#aco
on	force_01start#pri
on	force_02_03#aco
on	force_02start#aco
on	force_02start#pri
on	force_03_04#aco
on	force_03start#aco
on	force_03start#pri
on	force_04_05#aco
on	force_04start#aco
on	force_04start#pri
on	force_05_06#aco
on	force_05start#aco
on	force_05start#pri
on	force_06_07#aco
on	force_06start#aco
on	force_06start#pri
on	force_07_08#aco
on	force_07start#aco
on	force_07start#pri
on	force_08_09#aco
on	force_08start#aco
on	force_08start#pri
on	force_09start#aco
on	force_09start#pri
on	force_exit#aco
on	onlyaco#arena
file	npc/other/arena/arena_lvl50.txt
on	Heel and Toe#arena
on	arena#50
on	force_01_02#50
on	force_02_03#50
on	force_03_04#50
on	force_04_05#50
on	force_05_06#50
on	force_06_07#50
on	force_07_08#50
on	force_08_01#50
on	force_08_09#50
on	force_exit#50
file	npc/other/arena/arena_lvl60.txt
on	Minilover#arena
on	arena#60
on	force_01_02#60
on	force_02_03#60
on	force_03_04#60
on	force_04_05#60
on	force_05_06#60
on	force_06_07#60
on	force_07_08#60
on	force_08_01#60
on	force_08_09#60
on	force_exit#60
file	npc/other/arena/arena_lvl70.txt
on	Cadillac#arena
on	arena#70
on	force_01_02#70
on	force_02_03#70
on	force_03_04#70
on	force_04_05#70
on	force_05_06#70
on	force_06_07#70
on	force_07_08#70
on	force_08_01#70
on	force_08_09#70
on	force_exit#70
file	npc/other/arena/arena_lvl80.txt
on	Octus#arena
on	arena#80
on	force_01_02#80
on	force_02_03#80
on	force_03_04#80
on	force_04_05#80
on	force_05_06#80
on	force_06_07#80
on	force_07_08#80
on	force_08_01#80
on	force_08_09#80
on	force_exit#80
file	npc/other/arena/arena_party.txt
off	toarena#party
off	toout#party
on	Helper#party
on	Slipslowrun#party
on	arena_p
on	force_01_00
on	force_01start#party
on	force_02_00
on	force_02start#party
on	force_03_00
on	force_03_04
on	force_03_05
on	force_03start#party
on	force_04_03
on	force_04start#party
on	force_05_06
on	force_05start#party
on	force_06_07
on	force_06start#party
on	force_07_08
on	force_07start#party
on	force_08_09
on	force_08start#party
on	force_09_10
on	force_09_exit
on	force_09start#party
on	force_10_09
on	force_10start#party
on	force_exit#party
on	toarena#party
on	toout#party
file	npc/other/arena/arena_room.txt
off	#arena_1039
off	#arena_1046
off	#arena_1115
off	#arena_1159
off	#arena_1251
off	#arena_1272
off	#arena_1389
off	#arena_1492
off	#arena_6969
off	#arena_7777
off	#arena_ss_2
off	#arena_ss_3
off	#arena_ss_4
on	#arena_
on	#arena_ss_2
on	#arena_ss_3
on	#arena_ss_4
on	Teleporter#arena
file	npc/other/auction.txt
warp	auction_01	180	49	auction_entrance_moc	moc_ruins	78	171
warp	auction_01	22	37	auction_entrance_prt	prontera	214	120
warp	auction_02	151	17	auction_enterance_juno	yuno	132	119
warp	auction_02	43	17	auction_enterance_lhz	lighthalzen	209	169
file	npc/other/hugel_bingo.txt
off	10a#bingo
off	10b#bingo
off	10c#bingo
off	10d#bingo
off	10e#bingo
off	11a#bingo
off	11b#bingo
off	11c#bingo
off	11d#bingo
off	11e#bingo
off	12a#bingo
off	12b#bingo
off	12c#bingo
off	12d#bingo
off	12e#bingo
off	13a#bingo
off	13b#bingo
off	13c#bingo
off	13d#bingo
off	13e#bingo
off	14a#bingo
off	14b#bingo
off	14c#bingo
off	14d#bingo
off	14e#bingo
off	15a#bingo
off	15b#bingo
off	15c#bingo
off	15d#bingo
off	15e#bingo
off	16a#bingo
off	16b#bingo
off	16c#bingo
off	16d#bingo
off	16e#bingo
off	17a#bingo
off	17b#bingo
off	17c#bingo
off	17d#bingo
off	17e#bingo
off	18a#bingo
off	18b#bingo
off	18c#bingo
off	18d#bingo
off	18e#bingo
off	19a#bingo
off	19b#bingo
off	19c#bingo
off	19d#bingo
off	19e#bingo
off	1a#bingo
off	1b#bingo
off	1c#bingo
off	1d#bingo
off	1e#bingo
off	20a#bingo
off	20b#bingo
off	20c#bingo
off	20d#bingo
off	20e#bingo
off	21a#bingo
off	21b#bingo
off	21c#bingo
off	21d#bingo
off	21e#bingo
off	22a#bingo
off	22b#bingo
off	22c#bingo
off	22d#bingo
off	22e#bingo
off	23a#bingo
off	23b#bingo
off	23c#bingo
off	23d#bingo
off	23e#bingo
off	24a#bingo
off	24b#bingo
off	24c#bingo
off	24d#bingo
off	24e#bingo
off	25a#bingo
off	25b#bingo
off	25c#bingo
off	25d#bingo
off	25e#bingo
off	2a#bingo
off	2b#bingo
off	2c#bingo
off	2d#bingo
off	2e#bingo
off	3a#bingo
off	3b#bingo
off	3c#bingo
off	3d#bingo
off	3e#bingo
off	4a#bingo
off	4b#bingo
off	4c#bingo
off	4d#bingo
off	4e#bingo
off	5a#bingo
off	5b#bingo
off	5c#bingo
off	5d#bingo
off	5e#bingo
off	6a#bingo
off	6b#bingo
off	6c#bingo
off	6d#bingo
off	6e#bingo
off	7a#bingo
off	7b#bingo
off	7c#bingo
off	7d#bingo
off	7e#bingo
off	8a#bingo
off	8b#bingo
off	8c#bingo
off	8d#bingo
off	8e#bingo
off	9a#bingo
off	9b#bingo
off	9c#bingo
off	9d#bingo
off	9e#bingo
off	end1a#bingo
off	end1b#bingo
off	end1c#bingo
off	end1d#bingo
off	end1e#bingo
off	out3#bingo
off	plate1#bingo
off	plate2#bingo
off	plate3#bingo
off	plate4#bingo
off	plate5#bingo
off	win2a#bingo
off	win2b#bingo
off	win2c#bingo
off	win2d#bingo
off	win2e#bingo
on	end1a#bingo
on	end1b#bingo
on	end1c#bingo
on	end1d#bingo
on	end1e#bingo
on	out3#bingo
on	plate1#bingo
on	plate2#bingo
on	plate3#bingo
on	plate4#bingo
on	plate5#bingo
on	win2a#bingo
on	win2b#bingo
on	win2c#bingo
on	win2d#bingo
on	win2e#bingo
file	npc/other/mercenary_rent.txt
on	Mercenary Manager#
on	Mercenary Merchant#
file	npc/other/monster_race.txt
off	#race_timer2-2
off	#race_timer2-3
off	Medal Distributor#medal
off	Medal Distributor#single
off	Race Progress Timer
off	Ticket Helper#2
off	Ticket Helper#single
on	#race_timer1-1
on	#race_timer2-1
on	#race_timer2-2
on	#race_timer2-3
on	Eckar Ellebird#single
on	Eckar Erenes#double
on	Luk
on	Luk#race02_
on	Luk1#
on	Medal Distributor#medal
on	Medal Distributor#single
on	Race Progress Timer
on	Ticket Helper#2
on	Ticket Helper#single
on	Tire
on	Tire#race02_
on	Tire1#
on	TrapGlobal#race02
on	starting#
on	starting#race02_
file	npc/other/poring_war.txt
off	#aroom_ingate_wop
off	#aroom_outgate_wop
off	#droom_ingate_wop
off	#droom_outgate_wop
off	#wop_warp_a
off	#wop_warp_d
off	#wop_warp_rtry
off	Deviruchi#wop_endmaster
off	Mr. Doppel#wop_team_a
off	Mr. Doppel#wop_team_d
on	#aroom_ingate_wop
on	#aroom_outgate_wop
on	#droom_ingate_wop
on	#droom_outgate_wop
on	#wop_warp_a
on	#wop_warp_d
on	#wop_warp_rtry
on	Deviruchi#wop_endmaster
on	Mr. Doppel#wop_team_a
on	Mr. Doppel#wop_team_d
file	npc/other/turbo_track.txt
off	#cos_
off	Broadcast#
off	Guide#TBT_
off	Master#
off	Point Give-Away Guy#
off	Winner Helper#TBT_
off	bing2#
on	#cos_
on	Broadcast#
on	Disposable_Switch#
on	Flasher_Exit_1#
on	Flasher_Exit_2#
on	Guide#TBT_
on	Master#
on	No_Unfair_Start#
on	Notice_Maker1#TBT_
on	Notice_Maker3#TBT_
on	Notice_Maker4#TBT_
on	Point Give-Away Guy#
on	Winner Helper#TBT_
on	bing#
on	bing2#
file	npc/pre-re/jobs/1-1/swordman.txt
warp	job_sword1	223	243	checkp1-2#swd_1	job_sword1	11	206
warp	job_sword1	223	205	checkp2-3#swd_1	job_sword1	11	168
warp	job_sword1	65	117	pitfall01-01	job_sword1	10	245
warp	job_sword1	98	27	pitfall02-01	job_sword1	11	207
warp	job_sword1	161	27	pitfall02-02	job_sword1	11	207
warp	job_sword1	239	117	pitfall03-01	job_sword1	11	169
file	npc/pre-re/jobs/2-2/crusader.txt
off	Monster Summon#cr5
on	Monster Summon#cr5
file	npc/pre-re/quests/quests_morocc.txt
warp	prt_castle	317	364	#eisen2	prt_castle	318	273
warp	prt_castle	317	304	eisen22	prt_castle	318	273
warp	prt_castle	367	304	#ern2	prt_castle	336	273
warp	prt_castle	273	364	#erich2	prt_castle	300	273
warp	prt_castle	289	213	#helmut2	prt_castle	330	274
warp	prt_castle	389	213	#poe2	prt_castle	348	274
warp	prt_castle	365	364	#peter2	prt_castle	354	273
warp	prt_castle	340	213	#urgen2	prt_castle	310	274
warp	prt_castle	163	312	#class2	prt_castle	221	343
warp	prt_castle	221	347	#class	prt_castle	163	316
warp	prt_castle	225	338	#room11	prt_castle	275	283
warp	prt_castle	273	284	#room21	prt_castle	221	338
warp	prt_castle	225	318	#room12	prt_castle	276	263
warp	prt_castle	273	264	#room22	prt_castle	221	318
warp	prt_castle	221	308	#princeout	prt_castle	176	167
off	Aged Noble#rihart
off	Prince#another_ern
off	Prince#another_ern1
off	Prince#eisen1
off	Prince#eisen2
off	Prince#eisen3
off	Prince#eisen4
off	Prince#eisen5
off	Prince#eisen6
off	Young Noble#valter
on	Aged Noble#rihart
on	Prince#another_ern
on	Prince#another_ern1
on	Prince#eisen1
on	Prince#eisen2
on	Prince#eisen3
on	Prince#eisen4
on	Prince#eisen5
on	Prince#eisen6
on	Young Noble#valter
file	npc/pre-re/warps/cities/alberta.txt
warp	alberta	134	38	alb02	alberta_in	70	141
warp	alberta_in	73	141	alb02-1	alberta	137	37
file	npc/pre-re/warps/cities/einbroch.txt
warp	ein_in01	274	246	ein_h04	ein_in01	273	276
warp	ein_in01	273	273	ein_h04a	ein_in01	274	243
file	npc/pre-re/warps/cities/izlude.txt
warp	izlude	109	151	iz01	izlude_in	65	87
warp	izlude	148	148	iz02	izlude_in	116	49
warp	izlude	216	129	iz03	izlude_in	151	127
warp	izlude	30	78	iz001	prt_fild08	367	212
warp	izlude	52	140	iz04	izlude_in	74	161
warp	izlude_in	108	169	iz05	izlude_in	84	169
warp	izlude_in	116	46	iz02-1	izlude	145	145
warp	izlude_in	148	127	iz03-1	izlude	212	129
warp	izlude_in	171	97	iz06	izlude_in	172	119
warp	izlude_in	172	116	iz06-1	izlude_in	172	94
warp	izlude_in	172	139	iz07	izlude_in	172	161
warp	izlude_in	172	158	iz07-1	izlude_in	172	136
warp	izlude_in	43	169	w219	izlude_in	64	169
warp	izlude_in	65	84	iz01-1	izlude	113	147
warp	izlude_in	74	158	iz04-1	izlude	52	136
warp	izlude_in	87	169	iz05-1	izlude_in	111	169
warp	izlude	149	39	izair1	izlude	182	56
warp	izlude	176	56	lizair2	izlude	145	40
file	npc/pre-re/warps/cities/prontera.txt
warp	prontera	156	360	prt005	prt_castle	102	20
warp	prt_castle	102	129	prtca01	prt_castle	102	143
warp	prt_castle	102	140	prtca01-1	prt_castle	102	126
warp	prt_castle	102	16	prtca001	prontera	156	356
warp	prt_castle	102	181	prtca002	prt_gld	159	28
warp	prt_castle	102	73	prtca02	prt_castle	102	91
warp	prt_castle	102	88	prtca02-1	prt_castle	102	70
warp	prt_castle	113	107	prtca03	prt_castle	134	107
warp	prt_castle	121	29	prtca04	prt_castle	148	29
warp	prt_castle	130	107	prtca03-1	prt_castle	110	107
warp	prt_castle	135	153	prtca05	prt_castle	167	145
warp	prt_castle	144	29	prtca04-1	prt_castle	117	29
warp	prt_castle	149	113	prtca06	prt_castle	175	113
warp	prt_castle	164	145	prtca05-1	prt_castle	132	153
warp	prt_castle	170	138	prtca07	prt_castle	176	118
warp	prt_castle	172	113	prtca06-1	prt_castle	146	113
warp	prt_castle	176	121	prtca07-1	prt_castle	170	141
warp	prt_castle	28	121	prtca08	prt_castle	40	141
warp	prt_castle	31	113	prtca09	prt_castle	58	113
warp	prt_castle	40	138	prtca08-1	prt_castle	28	118
warp	prt_castle	45	145	prtca10	prt_castle	72	153
warp	prt_castle	54	113	prtca09-1	prt_castle	27	113
warp	prt_castle	59	29	prtca11	prt_castle	85	29
warp	prt_castle	68	153	prtca10-1	prt_castle	42	145
warp	prt_castle	75	107	prtca12	prt_castle	95	107
warp	prt_castle	82	29	prtca11-1	prt_castle	56	29
warp	prt_castle	92	107	prtca12-1	prt_castle	72	107
file	npc/pre-re/warps/cities/rachel.txt
warp	rachel	150	249	rachel01	ra_temple	120	30
warp	rachel	81	33	rachel02	ra_in01	237	198
warp	rachel	61	33	rachel03	ra_in01	181	198
warp	rachel	217	55	rachel04	ra_in01	250	34
warp	rachel	179	220	rachel05	ra_in01	295	352
warp	rachel	103	240	rachel06	ra_in01	343	193
warp	rachel	216	160	rachel07	ra_in01	135	282
warp	rachel	42	87	rachel08	ra_in01	171	359
warp	rachel	42	109	rachel09	ra_in01	171	388
warp	rachel	83	78	rachel10	ra_in01	249	266
warp	rachel	115	149	rachel11	ra_in01	386	43
warp	rachel	90	189	rachel12	ra_in01	192	148
warp	rachel	108	200	rachel13	ra_in01	213	83
warp	ra_in01	188	189	rachel14	ra_in01	263	144
warp	ra_in01	296	144	rachel15	ra_in01	235	189
warp	ra_in01	175	189	rachel16	ra_in01	132	189
warp	ra_in01	244	189	rachel17	ra_in01	291	189
warp	ra_in01	235	21	rachel18	ra_in01	187	31
warp	ra_in01	312	374	rachel19	ra_in01	359	374
warp	ra_in01	291	371	rachel20	ra_in01	225	380
warp	ra_in01	381	200	rachel21	ra_in01	377	268
warp	ra_in01	367	255	rachel22	ra_in01	326	296
warp	ra_in01	319	303	rachel23	ra_in01	381	320
warp	ra_in01	178	370	rachel24	ra_in01	113	385
warp	ra_in01	165	369	rachel25	ra_in01	122	334
warp	ra_in01	241	299	rachel26	ra_in01	193	312
warp	ra_in01	185	303	rachel27	ra_in01	194	249
warp	ra_in01	357	61	rachel28	ra_in01	310	62
warp	ra_in01	297	59	rachel29	ra_in01	339	116
warp	ra_temin	130	93	rachel30	ra_temin	239	258
warp	ra_temin	206	93	rachel31	ra_temin	312	258
warp	ra_temin	275	332	rachel32	ra_temin	27	305
warp	ra_temsky	99	118	rachel34	ra_temsky	99	140
warp	ra_temsky	112	143	rachel35	ra_temsky	141	139
warp	ra_temsky	87	143	rachel36	ra_temsky	58	139
warp	ra_temple	120	22	rachel37	rachel	150	243
warp	ra_in01	237	202	rachel38	rachel	81	38
warp	ra_in01	181	202	rachel39	rachel	61	38
warp	ra_in01	250	38	rachel40	rachel	217	60
warp	ra_in01	295	348	rachel41	rachel	179	215
warp	ra_in01	339	193	rachel42	rachel	98	238
warp	ra_in01	135	286	rachel43	rachel	216	164
warp	ra_in01	171	355	rachel44	rachel	42	82
warp	ra_in01	172	392	rachel45	rachel	42	114
warp	ra_in01	249	262	rachel46	rachel	83	73
warp	ra_in01	386	39	rachel47	rachel	115	144
warp	ra_in01	192	152	rachel48	rachel	90	193
warp	ra_in01	213	79	rachel49	rachel	108	195
warp	ra_in01	259	144	rachel50	ra_in01	184	189
warp	ra_in01	231	189	rachel51	ra_in01	292	144
warp	ra_in01	136	189	rachel52	ra_in01	179	189
warp	ra_in01	287	189	rachel53	ra_in01	240	189
warp	ra_in01	183	31	rachel54	ra_in01	239	21
warp	ra_in01	355	374	rachel55	ra_in01	308	374
warp	ra_in01	221	380	rachel56	ra_in01	287	371
warp	ra_in01	381	268	rachel57	ra_in01	387	200
warp	ra_in01	330	296	rachel58	ra_in01	371	255
warp	ra_in01	381	324	rachel59	ra_in01	319	299
warp	ra_in01	109	385	rachel60	ra_in01	174	370
warp	ra_in01	126	334	rachel61	ra_in01	169	369
warp	ra_in01	197	312	rachel62	ra_in01	245	299
warp	ra_in01	194	245	rachel63	ra_in01	190	302
warp	ra_in01	314	62	rachel64	ra_in01	361	61
warp	ra_in01	339	120	rachel65	ra_in01	297	63
warp	ra_temin	169	18	rachel66	ra_temple	119	175
warp	ra_temin	239	253	rachel67	ra_temin	130	88
warp	ra_temin	312	253	rachel68	ra_temin	206	88
warp	ra_temin	27	299	rachel69	ra_temin	275	328
warp	ra_temsky	99	8	rachel70	ra_temin	275	231
warp	ra_temsky	99	135	rachel71	ra_temsky	99	113
warp	ra_temsky	137	139	rachel72	ra_temsky	109	143
warp	ra_temsky	62	139	rachel73	ra_temsky	91	143
warp	rachel	25	125	rachel74	ra_fild11	353	226
warp	rachel	275	125	rachel75	ra_fild12	40	226
warp	rachel	130	21	rachel76	ve_fild02	195	377
warp	que_rachel	130	93	rachel77	que_rachel	239	258
warp	que_rachel	206	93	rachel78	que_rachel	312	258
warp	que_rachel	275	332	rachel79	que_rachel	27	305
warp	que_rachel	239	253	rachel80	que_rachel	130	88
warp	que_rachel	312	253	rachel81	que_rachel	206	88
warp	que_rachel	27	299	rachel82	que_rachel	275	328
warp	ra_in01	309	70	rachel83	rachel	108	175
warp	rachel	105	171	rachel84	ra_in01	309	65
warp	ra_in01	375	109	rachel85	rachel	116	154
warp	rachel	116	158	rachel86	ra_in01	375	114
warp	ra_temin	275	243	rachel87	ra_temin	131	131
file	npc/pre-re/warps/cities/yggdrasil.txt
warp	umbala	106	285	um_dun1-1	um_dun01	42	30
warp	um_dun02	125	163	nwarp1	yggdrasil01	40	63
warp	yggdrasil01	249	262	nwarp5	nif_fild01	315	66
warp	yggdrasil01	271	51	nwarp3	yggdrasil01	26	196
warp	yggdrasil01	26	193	nwarp4	yggdrasil01	269	53
file	npc/pre-re/warps/fields/com_fild.txt
warp	cmd_fild01	222	24	cmd_fild01-1	cmd_fild02	222	372
warp	cmd_fild01	362	73	cmd_fild01-2	cmd_fild03	27	68
warp	cmd_fild01	362	263	cmd_fild01-3	cmd_fild03	27	269
warp	cmd_fild02	222	376	cmd_fild02-1	cmd_fild01	222	30
warp	cmd_fild02	382	269	cmd_fild02-2	cmd_fild04	25	275
warp	cmd_fild02	358	95	cmd_fild02-3	cmd_fild04	35	94
warp	cmd_fild03	23	269	cmd_fild03-1	cmd_fild01	359	260
warp	cmd_fild03	23	68	cmd_fild03-2	cmd_fild01	359	76
warp	cmd_fild03	181	17	cmd_fild03-3	cmd_fild04	181	367
warp	cmd_fild03	384	165	cmd_fild03-4	cmd_fild05	26	161
warp	cmd_fild04	21	275	cmd_fild04-1	cmd_fild02	378	264
warp	cmd_fild04	31	92	cmd_fild04-2	cmd_fild02	351	92
warp	cmd_fild04	376	287	cmd_fild04-3	cmd_fild06	26	288
warp	cmd_fild04	180	372	cmd_fild04-4	cmd_fild03	183	23
warp	cmd_fild05	21	163	cmd_fild05-1	cmd_fild03	377	167
warp	cmd_fild05	148	19	cmd_fild05-2	cmd_fild06	150	374
warp	cmd_fild06	150	380	cmd_fild06-3	cmd_fild05	146	27
warp	cmd_fild06	21	285	cmd_fild06-4	cmd_fild04	371	288
warp	cmd_fild06	151	27	cmd_fild06-5	cmd_fild07	147	370
warp	cmd_fild06	368	96	cmd_fild06-6	cmd_fild08	25	102
warp	cmd_fild06	379	174	cmd_fild06-7	cmd_fild08	28	166
warp	cmd_fild06	372	359	cmd_fild06-8	cmd_fild08	31	359
warp	cmd_fild07	149	379	cmd_fild07-1	cmd_fild06	147	36
warp	cmd_fild07	389	186	cmd_fild07-2	cmd_fild09	18	170
warp	cmd_fild08	25	355	cmd_fild08-1	cmd_fild06	366	359
warp	cmd_fild08	25	170	cmd_fild08-2	cmd_fild06	374	167
warp	cmd_fild08	15	102	cmd_fild08-3	cmd_fild06	361	96
warp	cmd_fild08	76	31	cmd_fild08-4	cmd_fild09	76	375
warp	cmd_fild08	309	48	cmd_fild08-5	cmd_fild09	307	374
warp	cmd_fild08	354	324	cmd_fild08-6	moc_fild12	26	305
warp	cmd_fild09	12	170	cmd_fild09-1	cmd_fild07	382	184
warp	cmd_fild09	369	164	cmd_fild09-2	moc_fild18	55	170
warp	cmd_fild09	309	381	cmd_fild09-3	cmd_fild08	309	60
warp	cmd_fild09	75	382	cmd_fild09-4	cmd_fild08	75	42
warp	moc_fild18	51	170	moc_fild18-1	cmd_fild09	363	164
file	npc/pre-re/warps/fields/geffen_fild.txt
warp	gef_fild00	267	382	gef007	mjolnir_06	265	32
warp	gef_fild00	381	137	gef008	prt_fild00	24	125
warp	gef_fild00	40	199	gef009	geffen	213	119
warp	gef_fild01	382	111	gef010	prt_fild04	20	114
warp	gef_fild01	16	102	geff01	gef_fild09	368	92
warp	gef_fild01	69	17	geff02	gef_fild03	66	379
warp	gef_fild02	380	156	gef011	prt_fild07	21	143
warp	gef_fild02	380	289	gef012	prt_fild07	18	289
warp	gef_fild02	380	68	gef013	prt_fild07	17	64
warp	gef_fild02	266	18	gef026	prt_fild10	227	296
warp	gef_fild02	14	78	geff03	gef_fild03	379	77
warp	gef_fild02	16	275	geff04	gef_fild03	379	277
warp	gef_fild03	312	16	gef014	prt_fild11	302	298
warp	gef_fild03	66	382	geff02-1	gef_fild01	69	20
warp	gef_fild03	382	77	geff03-1	gef_fild02	17	78
warp	gef_fild03	382	277	geff04-1	gef_fild02	19	275
warp	gef_fild03	18	52	geff05	gef_fild10	367	56
warp	gef_fild04	187	39	gef015	geffen	119	210
warp	gef_fild04	261	362	gef016	mjolnir_01	284	21
warp	gef_fild04	362	322	gef017	mjolnir_06	21	331
warp	gef_fild04	16	309	geff06	gef_fild05	361	309
warp	gef_fild05	364	309	geff06-1	gef_fild04	19	309
warp	gef_fild05	15	201	geff07	gef_fild06	379	211
warp	gef_fild05	64	15	geff08	gef_fild07	64	360
warp	gef_fild06	382	211	geff07-1	gef_fild05	18	201
warp	gef_fild06	218	17	geff09	gef_fild08	200	352
warp	gef_fild07	339	187	gef025	geffen	29	119
warp	gef_fild07	64	363	geff08-1	gef_fild05	64	18
warp	gef_fild07	18	191	geff10	gef_fild08	357	187
warp	gef_fild07	40	19	geff13	gef_fild13	41	369
warp	gef_fild08	200	355	geff09-1	gef_fild06	218	20
warp	gef_fild08	360	187	geff10-1	gef_fild07	21	191
warp	gef_fild08	215	18	geff14	gef_fild12	221	369
warp	gef_fild09	23	56	geff18-1	gef_fild13	376	56
warp	gef_fild09	225	25	geff11	gef_fild10	251	368
warp	gef_fild09	368	95	geff01-1	gef_fild01	19	102
warp	gef_fild10	251	371	geff11-1	gef_fild09	225	28
warp	gef_fild10	104	21	geff12	gef_fild11	114	360
warp	gef_fild10	370	56	geff05-1	gef_fild03	21	52
warp	gef_fild10	136	331	gef018	in_orcs01	122	171
warp	gef_fild10	138	284	gef019	in_orcs01	29	114
warp	gef_fild10	215	51	gef020	in_orcs01	162	53
warp	gef_fild10	223	205	gef021	in_orcs01	108	89
warp	gef_fild10	63	337	gef022	in_orcs01	30	157
warp	gef_fild10	27	219	geff19-1	gef_fild14	367	219
warp	gef_fild11	377	293	gef023	prt_fild11	20	281
warp	gef_fild11	111	364	geff12-1	gef_fild10	104	24
warp	gef_fild12	221	374	geff14-1	gef_fild08	215	25
warp	gef_fild12	368	180	geff15	gef_fild13	29	202
warp	gef_fild12	372	50	geff16	gef_fild13	29	59
warp	gef_fild13	200	25	geff17	gef_fild14	180	357
warp	gef_fild13	25	202	geff15-1	gef_fild12	364	180
warp	gef_fild13	26	59	geff16-1	gef_fild12	370	50
warp	gef_fild13	380	56	geff18	gef_fild09	27	56
warp	gef_fild13	41	373	geff13-1	gef_fild07	40	23
warp	gef_fild14	180	360	geff17-1	gef_fild13	200	29
warp	gef_fild14	371	219	geff19	gef_fild10	31	219
file	npc/pre-re/warps/fields/hugel_fild.txt
warp	ein_fild04	343	293	hugel001	ein_fild05	80	294
warp	ein_fild05	76	294	hugel001a	ein_fild04	336	292
warp	ein_fild05	376	183	hugel002	ein_fild06	47	166
warp	ein_fild06	42	171	hugel002a	ein_fild05	371	183
warp	ein_fild02	357	251	hugel003-1	yuno_fild04	38	280
warp	yuno_fild04	33	279	hugel003a-1	ein_fild02	350	250
warp	ein_fild01	349	369	hugel003	yuno_fild05	43	346
warp	yuno_fild05	41	350	hugel003a	ein_fild01	345	367
warp	ein_fild01	106	34	hugel004	ein_fild02	109	358
warp	ein_fild02	108	364	hugel004a	ein_fild01	106	40
warp	ein_fild01	234	34	hugel005	ein_fild02	258	343
warp	ein_fild02	257	350	hugel005a	ein_fild01	231	40
warp	ein_fild02	170	29	hugel006	ein_fild05	172	366
warp	ein_fild05	172	371	hugel006a	ein_fild02	170	37
warp	hu_fild01	366	185	hugel007	hu_fild02	22	168
warp	hu_fild02	17	168	hugel007a	hu_fild01	361	189
warp	hu_fild04	47	372	hugel008	hu_fild02	40	27
warp	hu_fild02	40	22	hugel008a	hu_fild04	48	368
warp	hu_fild04	294	379	hugel009	hu_fild02	280	31
warp	hu_fild02	283	28	hugel009a	hu_fild04	289	376
warp	hu_fild05	284	356	hugel010	hu_fild03	288	26
warp	hu_fild03	288	19	hugel010a	hu_fild05	276	346
warp	hu_fild05	353	126	hugel011	hu_fild06	34	119
warp	hu_fild06	28	119	hugel011a	hu_fild05	347	130
warp	hu_fild02	374	339	hugel012	hu_fild03	24	337
warp	hu_fild03	20	338	hugel012a	hu_fild02	370	339
warp	hu_fild02	378	162	hugel013	hu_fild03	30	163
warp	hu_fild03	25	163	hugel013a	hu_fild02	373	160
warp	yuno_fild09	377	184	hugel014	yuno_fild10	44	183
warp	yuno_fild10	39	183	hugel014a	yuno_fild09	371	184
file	npc/pre-re/warps/fields/morroc_fild.txt
warp	moc_fild01	101	16	mocf01-1	moc_fild20	210	342
warp	moc_fild01	22	242	mocf005	prt_fild09	380	237
warp	moc_fild01	239	382	mocf006	prt_fild08	233	20
warp	moc_fild01	301	16	mocf02	moc_fild02	77	338
warp	moc_fild01	321	16	mocf02-1	moc_fild02	77	338
warp	moc_fild01	341	16	mocf02-2	moc_fild02	77	338
warp	moc_fild01	379	162	mocf011	pay_fild04	20	165
warp	moc_fild01	56	384	moc007a	prt_fild08	54	24
warp	moc_fild02	228	29	mocf03	moc_fild13	298	367
warp	moc_fild02	332	19	mocf04	moc_fild03	70	336
warp	moc_fild02	350	339	mocf012	pay_fild04	194	20
warp	moc_fild02	67	342	mocf02-3	moc_fild01	315	25
warp	moc_fild02	71	18	mocf05	moc_fild13	146	365
warp	moc_fild02	92	342	mocf02-4	moc_fild01	315	25
warp	moc_fild03	17	37	mocf06	moc_fild13	305	49
warp	moc_fild03	179	16	mocf013	pay_fild11	38	327
warp	moc_fild03	303	170	mocf014	pay_fild01	17	152
warp	moc_fild03	70	341	mocf04-1	moc_fild02	332	23
warp	moc_fild07	198	21	mocf001	morocc	160	294
warp	moc_fild07	380	201	mocf13-1	moc_fild20	36	177
warp	moc_fild11	189	360	mocf20-1	moc_fild20	197	24
warp	moc_fild11	212	29	mocf21	moc_fild17	218	366
warp	moc_fild11	26	161	mocf22	moc_fild12	286	168
warp	moc_fild11	377	197	mocf23	moc_fild20	36	177
warp	moc_fild12	118	30	mocf24	moc_fild18	158	379
warp	moc_fild12	159	381	mocf003	morocc	160	20
warp	moc_fild12	289	168	mocf22-1	moc_fild11	29	161
warp	moc_fild13	146	368	mocf05-1	moc_fild02	71	21
warp	moc_fild13	32	171	mocf17-1	moc_fild20	349	179
warp	moc_fild13	298	370	mocf03-1	moc_fild02	228	32
warp	moc_fild13	308	49	mocf06-1	moc_fild03	20	37
warp	moc_fild16	124	381	mocf26-1	moc_fild20	197	24
warp	moc_fild16	16	179	mocf28	moc_fild17	366	272
warp	moc_fild16	333	380	mocf27-1	moc_fild20	197	24
warp	moc_fild17	218	369	mocf21-1	moc_fild11	212	32
warp	moc_fild17	30	300	moc29	moc_fild18	379	305
warp	moc_fild17	369	272	mocf28-1	moc_fild16	19	179
warp	moc_fild18	158	382	mocf24-1	moc_fild12	118	33
warp	moc_fild18	382	305	moc29-1	moc_fild17	33	300
warp	moc_fild19	169	107	mocf004	morocc	27	164
warp	moc_fild19	71	170	mocf018	moc_ruins	71	19
warp	moc_fild19	98	99	mocf019	in_sphinx1	288	9
warp	moc_fild21	26	196	mocf020	moc_fild20	349	179
warp	moc_fild22	32	196	mocf021	moc_fild20	349	179
file	npc/pre-re/warps/fields/payon_fild.txt
warp	pay_fild01	13	152	payf001	moc_fild03	299	170
warp	pay_fild01	278	14	payf01	pay_fild02	83	382
warp	pay_fild01	353	14	payf02	pay_fild02	160	381
warp	pay_fild01	379	201	payf03	pay_fild07	23	207
warp	pay_fild02	134	16	payf04	pay_fild05	127	375
warp	pay_fild02	16	175	payf06	pay_fild11	294	135
warp	pay_fild02	167	390	payf02-1	pay_fild01	354	18
warp	pay_fild02	284	108	payf07	pay_fild03	20	110
warp	pay_fild02	83	386	payf01-1	pay_fild01	278	18
warp	pay_fild03	15	110	payf07-1	pay_fild02	280	108
warp	pay_fild03	172	281	payf08	pay_fild07	167	20
warp	pay_fild03	313	16	payf09	pay_fild06	305	372
warp	pay_fild03	392	63	payf005	alberta	19	233
warp	pay_fild04	17	165	payf002	moc_fild01	376	162
warp	pay_fild04	194	17	payf003	moc_fild02	350	336
warp	pay_fild05	127	378	payf04-1	pay_fild02	134	19
warp	pay_fild05	271	284	payf10	pay_fild06	31	288
warp	pay_fild06	28	288	payf10-1	pay_fild05	268	284
warp	pay_fild06	305	375	payf09-1	pay_fild03	313	19
warp	pay_fild07	16	200	payf03-1	pay_fild01	371	205
warp	pay_fild07	163	17	payf08-1	pay_fild03	177	275
warp	pay_fild07	280	382	payf11	pay_fild08	160	19
warp	pay_fild07	382	290	payf12	pay_fild10	19	290
warp	pay_fild08	160	16	payf11-1	pay_fild07	280	379
warp	pay_fild08	17	75	payf006	payon	265	92
warp	pay_fild08	262	91	payf13	pay_fild09	19	91
warp	pay_fild09	112	16	pay14	pay_fild10	112	379
warp	pay_fild09	16	91	payf13-1	pay_fild08	259	91
warp	pay_fild10	112	382	pay14-1	pay_fild09	112	19
warp	pay_fild10	16	290	payf12-1	pay_fild07	379	290
warp	pay_fild10	99	13	w1034	pay_fild10	148	252
warp	pay_fild11	297	135	payf06-1	pay_fild02	19	175
warp	pay_fild11	38	330	payf004	moc_fild03	179	19
file	npc/pre-re/warps/fields/prontera_fild.txt
warp	prt_fild00	159	383	prtf007	mjolnir_07	156	19
warp	prt_fild00	165	18	prtf01	prt_fild04	158	384
warp	prt_fild00	18	129	prtf015	gef_fild00	376	140
warp	prt_fild00	317	18	prtf02	prt_fild04	323	384
warp	prt_fild00	383	249	prtf008	mjolnir_09	33	248
warp	prt_fild01	136	373	prtf030	prt_maze01	99	31
warp	prt_fild01	199	24	prtf001	prt_gld	159	295
warp	prt_fild01	20	292	prtf009	mjolnir_09	370	288
warp	prt_fild01	261	373	prtf010	mjolnir_10	265	16
warp	prt_fild01	380	243	prtf03	prt_fild02	20	242
warp	prt_fild01	382	304	prtf04	prt_fild02	20	305
warp	prt_fild01	382	351	prtf05	prt_fild02	20	350
warp	prt_fild01	66	373	prtf011	mjolnir_10	66	18
warp	prt_fild02	17	242	prtf03-1	prt_fild01	377	243
warp	prt_fild02	17	305	prtf04-1	prt_fild01	379	302
warp	prt_fild02	17	350	prtf05-1	prt_fild01	379	351
warp	prt_fild02	173	382	prtf012	mjolnir_11	174	23
warp	prt_fild02	305	17	prtf06	prt_fild06	277	315
warp	prt_fild02	380	347	prtf07	prt_fild03	23	249
warp	prt_fild03	16	249	prtf07-1	prt_fild02	373	353
warp	prt_fild03	371	256	prtf006	prt_monk	25	248
warp	prt_fild04	160	387	prtf01-1	prt_fild00	164	24
warp	prt_fild04	17	114	prtf016	gef_fild01	375	111
warp	prt_fild04	323	387	prtf02-1	prt_fild00	315	21
warp	prt_fild04	378	72	prtf08	prt_fild05	17	59
warp	prt_fild04	384	155	prtf09	prt_fild05	20	134
warp	prt_fild04	384	334	prtf10	prt_fild05	20	333
warp	prt_fild05	105	381	prtf013	mjolnir_09	106	34
warp	prt_fild05	13	63	prtf08-1	prt_fild04	374	73
warp	prt_fild05	134	14	prtf11	prt_fild07	129	374
warp	prt_fild05	14	141	prtf09-1	prt_fild04	380	158
warp	prt_fild05	15	333	prtf10-1	prt_fild04	380	332
warp	prt_fild05	255	14	prtf12	prt_fild07	248	369
warp	prt_fild05	292	385	prtf014	mjolnir_09	305	33
warp	prt_fild05	373	205	prtf002	prontera	26	203
warp	prt_fild06	23	193	prtf003	prontera	285	203
warp	prt_fild06	277	320	prtf06-1	prt_fild02	305	22
warp	prt_fild07	13	64	prtf017	gef_fild02	376	69
warp	prt_fild07	132	381	prtf11-1	prt_fild05	142	18
warp	prt_fild07	14	289	prtf018	gef_fild02	375	292
warp	prt_fild07	17	145	prtf019	gef_fild02	376	156
warp	prt_fild07	206	12	prtf13	prt_fild09	224	377
warp	prt_fild07	248	376	prtf12-1	prt_fild05	257	18
warp	prt_fild07	383	239	prtf14	prt_fild08	20	239
warp	prt_fild07	385	186	prtf15	prt_fild08	20	186
warp	prt_fild07	84	13	prtf16	prt_fild09	87	377
warp	prt_fild08	16	187	prtf15-1	prt_fild07	380	186
warp	prt_fild08	16	239	prtf14-1	prt_fild07	379	239
warp	prt_fild08	170	378	prtf004	prontera	156	26
warp	prt_fild08	233	16	prtf023	moc_fild01	238	378
warp	prt_fild08	371	212	prtf005	izlude	35	78
warp	prt_fild08	55	21	prtf024	moc_fild01	56	380
warp	prt_fild09	14	124	prtf17	prt_fild10	336	126
warp	prt_fild09	14	139	prtf17-1	prt_fild10	336	126
warp	prt_fild09	224	380	prtf13-1	prt_fild07	206	15
warp	prt_fild09	246	17	prtf025	moc_fild20	209	333
warp	prt_fild09	383	223	prtf026	moc_fild01	25	242
warp	prt_fild09	383	251	prtf027	moc_fild01	25	242
warp	prt_fild09	87	380	prtf16-1	prt_fild07	84	16
warp	prt_fild09	95	19	prtf028	moc_fild20	209	333
warp	prt_fild10	20	122	prtf19	prt_fild11	359	111
warp	prt_fild10	20	196	prtf20	prt_fild11	358	184
warp	prt_fild10	227	299	prtf020	gef_fild02	266	21
warp	prt_fild10	263	22	prtf029	moc_fild20	209	333
warp	prt_fild10	339	126	prtf17-2	prt_fild09	17	133
warp	prt_fild11	17	281	prtf021	gef_fild11	374	293
warp	prt_fild11	302	301	prtf022	gef_fild03	312	19
warp	prt_fild11	361	184	prtf20-1	prt_fild10	23	196
warp	prt_fild11	362	111	prtf19-1	prt_fild10	23	122
warp	monk_in	128	46	monk03	monk_in	161	38
warp	monk_in	128	84	monk04	monk_in	161	90
warp	monk_in	159	38	monk03-1	monk_in	126	46
warp	monk_in	159	90	monk04-1	monk_in	126	84
warp	monk_in	40	38	monk05	monk_in	71	46
warp	monk_in	40	92	monk06	monk_in	71	84
warp	monk_in	69	46	monk05-1	monk_in	38	38
warp	monk_in	69	84	monk06-1	monk_in	38	92
warp	monk_in	98	186	monk02-1	prt_monk	245	139
warp	monk_in	98	27	monk01-1	prt_monk	245	104
warp	monk_in	99	102	monk07	monk_in	99	143
warp	monk_in	99	141	monk07-1	monk_in	99	100
warp	prt_monk	22	248	monk001	prt_fild03	368	256
warp	prt_monk	245	106	monk01	monk_in	98	30
warp	prt_monk	245	137	monk02	monk_in	98	183
file	npc/pre-re/warps/fields/rachel_fild.txt
warp	ra_fild01	233	333	ra000	ice_dun01	157	15
warp	ra_fild01	306	38	ra001	ra_fild04	322	371
warp	ra_fild04	322	378	ra002	ra_fild01	306	43
warp	ra_fild04	362	351	ra003	ra_fild05	39	353
warp	ra_fild05	33	353	ra004	ra_fild04	356	351
warp	ra_fild05	27	13	ra005	ra_fild09	30	337
warp	ra_fild09	29	343	ra006	ra_fild05	31	17
warp	ra_fild04	263	54	ra007	ra_fild08	287	365
warp	ra_fild08	287	370	ra008	ra_fild04	263	60
warp	ra_fild09	27	238	ra009	ra_fild08	360	234
warp	ra_fild08	368	234	ra010	ra_fild09	35	238
warp	ra_fild04	23	176	ra011	ra_fild03	370	172
warp	ra_fild03	374	168	ra012	ra_fild04	29	176
warp	ra_fild05	348	274	ra013	ra_fild06	24	277
warp	ra_fild06	19	277	ra014	ra_fild05	341	273
warp	ra_fild06	294	21	ra015	lhz_fild01	296	376
warp	lhz_fild01	296	382	ra016	ra_fild06	298	25
warp	ra_fild12	36	225	ra017	rachel	270	125
warp	ra_fild08	165	29	ra018	ra_fild12	149	369
warp	ra_fild12	149	374	ra019	ra_fild08	165	36
warp	ra_fild12	303	27	ra020	ra_fild13	295	341
warp	ra_fild13	295	346	ra021	ra_fild12	303	33
warp	ra_fild11	360	226	ra022	rachel	30	125
warp	ra_fild11	21	290	ra023	ra_fild10	379	283
warp	ra_fild10	384	287	ra024	ra_fild11	28	290
warp	ra_fild11	202	335	ra025a	ra_fild07	215	32
warp	ra_fild07	215	27	ra025b	ra_fild11	201	329
warp	ra_fild07	168	353	ra026	ra_fild02	171	45
warp	ra_fild02	168	36	ra027	ra_fild07	168	349
warp	ra_fild02	373	275	ra028	ra_fild03	28	294
warp	ra_fild03	23	294	ra029	ra_fild02	367	270
file	npc/pre-re/warps/fields/veins_fild.txt
warp	ve_fild01	366	267	ve_fild1-1	ve_fild02	36	263
warp	ve_fild01	184	20	ve_fild1-2	ve_fild04	174	334
warp	ra_fild11	233	27	ve_fild1-3	ve_fild01	243	363
warp	ve_fild01	243	368	ve_fild1-4	ra_fild11	232	32
warp	ve_fild01	350	92	ve_fild1-5	ve_fild02	78	133
warp	ra_fild13	29	308	ve_fild2-1	ve_fild02	380	308
warp	ve_fild02	385	308	ve_fild2-2	ra_fild13	34	308
warp	ve_fild02	195	382	ve_fild2-3	rachel	130	25
warp	ve_fild02	31	263	ve_fild2-4	ve_fild01	361	267
warp	ve_fild02	73	133	ve_fild2-5	ve_fild01	345	92
warp	ve_fild03	355	223	ve_fild3-1	ve_fild04	49	249
warp	ve_fild03	222	43	ve_fild3-2	ve_fild05	200	325
warp	ve_fild04	174	339	ve_fild4-1	ve_fild01	184	25
warp	ve_fild04	44	249	ve_fild4-2	ve_fild03	350	220
warp	ve_fild04	115	50	ve_fild4-3	ve_fild06	80	183
warp	ve_fild05	200	330	ve_fild5-1	ve_fild03	222	48
warp	ve_fild05	359	192	ve_fild5-2	ve_fild06	80	183
warp	ve_fild06	153	220	ve_fild6-1	veins	218	355
warp	ve_fild07	147	371	ve_fild7-1	veins	146	28
file	npc/pre-re/warps/fields/yuno_fild.txt
warp	yuno_fild02	18	337	yunfild03	yuno_fild03	381	331
warp	yuno_fild03	383	331	yunfild03-1	yuno_fild02	20	337
warp	yuno_fild03	19	79	yunfild04	yuno_fild04	373	84
warp	yuno_fild04	375	84	yunfild04-1	yuno_fild03	21	79
warp	yuno_fild03	20	155	yunfild05	yuno_fild04	373	150
warp	yuno_fild04	375	150	yunfild05-1	yuno_fild03	22	155
warp	yuno_fild04	231	288	yunfild-yun	yuno	158	17
warp	yuno_fild03	32	139	yunfild-mag01	mag_dun01	126	68
warp	yuno_fild01	26	246	newjun01	yuno_fild12	373	239
warp	yuno_fild12	375	239	newjun01a	yuno_fild01	28	246
warp	yuno_fild12	23	338	newjun02	yuno_fild11	366	361
warp	yuno_fild11	368	361	newjun02a	yuno_fild12	25	338
warp	yuno_fild12	24	225	newjun03	yuno_fild11	363	218
warp	yuno_fild11	365	218	newjun03a	yuno_fild12	24	227
warp	yuno_fild07	92	12	newjun04	yuno_fild11	92	369
warp	yuno_fild11	92	371	newjun04a	yuno_fild07	92	14
warp	yuno_fild12	193	371	newjun05	yuno_fild08	143	21
warp	yuno_fild08	145	21	newjun05a	yuno_fild12	195	371
warp	yuno_fild01	70	378	newjun06	yuno_fild09	70	19
warp	yuno_fild09	70	17	newjun06a	yuno_fild01	70	376
warp	yuno_fild01	286	368	newjun07	yuno_fild09	280	30
warp	yuno_fild09	280	28	newjun07a	yuno_fild01	286	366
warp	yuno_fild09	19	194	newjun08	yuno_fild08	374	193
warp	yuno_fild08	376	193	newjun08a	yuno_fild09	21	194
warp	yuno_fild08	20	278	newjun09	yuno_fild07	352	291
warp	yuno_fild07	354	291	newjun09a	yuno_fild08	22	278
warp	yuno_fild08	31	58	newjun10	yuno_fild07	358	72
warp	yuno_fild07	360	72	newjun10a	yuno_fild08	33	58
warp	yuno_fild07	179	354	newjun11	yuno_fild03	179	17
warp	yuno_fild03	179	15	newjun11a	yuno_fild07	179	352
warp	yuno_fild08	74	376	newjun12	yuno_fild02	70	25
warp	yuno_fild02	70	23	newjun12a	yuno_fild08	74	374
warp	yuno_fild08	286	386	newjun13	yuno_fild02	294	26
warp	yuno_fild02	294	24	newjun13a	yuno_fild08	286	384
warp	yuno_fild04	42	369	newjun14	yuno_fild05	59	30
warp	yuno_fild05	59	28	newjun14a	yuno_fild04	42	367
warp	aldebaran	140	244	alde-yunfild	yuno_fild01	208	19
warp	yuno_fild01	208	17	yunfild-alde	aldebaran	140	242
warp	yuno_fild05	372	325	hu001	yuno_fild06	42	319
warp	yuno_fild06	40	319	hu001a	yuno_fild05	370	325
warp	yuno_fild06	217	27	hu002	yuno_fild03	214	381
warp	yuno_fild03	214	383	hu002a	yuno_fild06	217	29
warp	yuno_fild06	369	136	hu003	hu_fild04	28	126
warp	hu_fild04	26	126	hu003a	yuno_fild06	367	136
warp	hu_fild04	121	26	hu004	yuno_fild02	118	374
warp	yuno_fild02	118	376	hu004a	hu_fild04	121	28
warp	yuno_fild06	149	369	hu005	hu_fild01	139	37
warp	hu_fild01	139	35	hu005a	yuno_fild06	151	369
warp	hu_fild04	381	187	hu006	hu_fild05	34	202
warp	hu_fild05	32	202	hu006a	hu_fild04	379	187
warp	hu_fild05	91	42	hu007	hu_fild07	80	369
warp	hu_fild07	80	371	hu007a	hu_fild05	91	44
warp	hu_fild07	35	351	hu008	yuno_fild02	384	338
warp	yuno_fild02	384	340	hu008a	hu_fild07	37	351
warp	hu_fild07	56	36	hu009	yuno_fild09	47	375
warp	yuno_fild09	47	377	hu009a	hu_fild07	56	38
warp	hu_fild07	226	36	hu010	yuno_fild09	220	372
warp	yuno_fild09	220	374	hu010a	hu_fild07	226	38
file	npc/pre-re/warps/guildcastles.txt
warp	prt_gld	159	25	prtg02_Castle	prt_castle	102	178
file	npc/pre-re/warps/other/arena.txt
warp	izlude	128	226	welcome_arena	arena_room	100	30
warp	arena_room	99	24	bye_arena	izlude	128	220
file	npc/pre-re/warps/other/sign.txt
warp	cmd_in01	17	34	sign01	comodo	187	164
warp	geffen	140	99	sign02	geffen_in	165	50
warp	geffen_in	165	54	sign02a	geffen	138	104
warp	himinn	49	6	sign03	gef_fild07	179	241
warp	himinn	49	67	sign04	himinn	49	75
warp	himinn	49	72	sign04a	himinn	49	63
warp	um_in	33	18	sign05	um_in	89	11
warp	um_in	89	9	sign05a	um_in	33	16
warp	um_dun01	132	91	sign06	um_in	15	20
warp	um_in	11	18	sign06a	um_dun01	129	90
warp	que_sign01	113	132	sign07	nif_in	117	173
warp	que_sign01	45	15	sign08	niflheim	146	245
warp	que_sign02	22	313	sign09	niflheim	30	156
file	npc/quests/cooking_quest.txt
off	Wickebine#cook
on	Wickebine#cook
file	npc/quests/dandelion_request.txt
warp	que_job01	6	94	#maobar2	morocc	45	103
warp	que_job01	17	48	#maobar3	que_job01	68	92
warp	que_job01	68	96	#maobar4	que_job01	17	53
warp	que_job01	65	50	#maobar4-2	que_job01	84	77
off	#Rabsent
off	#mao_empty
off	#mao_table
off	#maobar7
off	#maobar8
off	#maogate1_end
off	#maogate1_end2
off	#maogate1_talk1
off	#maogate2_end
off	#maogate2_end2
off	#maogate2_talk1
off	Dandelion Member#1_bt
off	Dandelion Member#2_bt
off	Dandelion#maogate1_1
off	Dandelion#maogate1_2
off	Dandelion#maogate1_3
off	Dandelion#maogate1_4
off	Dandelion#maogate2_1
off	Dandelion#maogate2_2
off	Dandelion#maogate2_3
off	Dandelion#maogate2_4
off	Kidd#1
off	Kidd#2
off	Kidd#3
off	Kidd#book
off	Kidd#maogate1_1
off	Kidd#maogate1_2
off	Kidd#maogate2_1
off	Kidd#maogate2_2
off	Lin#1
off	Lin#2
off	Lin#3
off	Lin#maogate1_1
off	Lin#maogate1_2
off	Lin#maogate2_1
off	Lin#maogate2_2
off	Lin#stairs
off	R#maogate1
off	R#maogate2
off	Valdes#1
off	Valdes#2
off	Valdes#3
on	#Rabsent
on	#mao_empty
on	#mao_table
on	#maobar7
on	#maobar8
on	#maogate1
on	#maogate1_battle
on	#maogate1_end
on	#maogate1_end2
on	#maogate1_setting
on	#maogate1_talk1
on	#maogate1_talk2
on	#maogate1_talk3
on	#maogate1_talk4
on	#maogate1_talk5
on	#maogate1_talk6
on	#maogate1_talk7
on	#maogate1_talk8
on	#maogate2
on	#maogate2_battle
on	#maogate2_end
on	#maogate2_end2
on	#maogate2_setting
on	#maogate2_talk1
on	#maogate2_talk2
on	#maogate2_talk3
on	#maogate2_talk4
on	#maogate2_talk5
on	#maogate2_talk6
on	#maogate2_talk7
on	#maogate2_talk8
on	Dandelion Member#1_bt
on	Dandelion Member#2_bt
on	Dandelion#maogate1_1
on	Dandelion#maogate1_2
on	Dandelion#maogate1_3
on	Dandelion#maogate1_4
on	Dandelion#maogate2_1
on	Dandelion#maogate2_2
on	Dandelion#maogate2_3
on	Dandelion#maogate2_4
on	Kidd#1
on	Kidd#book
on	Kidd#maogate1_1
on	Kidd#maogate1_2
on	Kidd#maogate2_1
on	Kidd#maogate2_2
on	Lin#1
on	Lin#maogate1_1
on	Lin#maogate1_2
on	Lin#maogate2_1
on	Lin#maogate2_2
on	Lin#stairs
on	Member#mao1
on	Member#mao2
on	Member#mao3
on	Member#mao4
on	R#maogate1
on	R#maogate2
on	Valdes#1
file	npc/quests/kiel_hyre_quest.txt
off	Big_Door_1_Warp
off	Big_Door_2_Warp
off	Big_Door_3_Warp
off	Big_Door_4_Warp
off	Big_Door_5_Warp
off	Kiehl_Room_Exit
off	Kiehl_Room_Warp
on	Big_Door_1_Warp
on	Big_Door_2_Warp
on	Big_Door_3_Warp
on	Big_Door_4_Warp
on	Big_Door_5_Warp
on	Kiehl_Room_Exit
on	Kiehl_Room_Warp
file	npc/quests/newgears/2004_headgears.txt
off	 #Alarm Mask Man1
off	 #Alarm Mask Man2
off	 #Alarm Mask Man3
off	 #Alarm Mask Man4
off	Nine Tails#Kitsune Man
off	Nine Tails#Kitsune Mask
on	 #Alarm Mask Man1
on	 #Alarm Mask Man2
on	 #Alarm Mask Man3
on	 #Alarm Mask Man4
on	Nine Tails#Kitsune Man
on	Nine Tails#Kitsune Mask
file	npc/quests/okolnir.txt
warp	que_qaru01	345	23	Gate02#gq_aru01	arug_cas01	157	369
warp	que_qaru02	345	23	Gate02#gq_aru02	arug_cas02	349	355
warp	que_qaru03	345	23	Gate02#gq_aru03	arug_cas03	321	153
warp	que_qaru04	345	23	Gate02#gq_aru04	arug_cas04	321	153
warp	que_qaru05	345	23	Gate02#gq_aru05	arug_cas05	321	153
warp	que_qsch01	345	23	Gate02#gq_sch01	schg_cas01	369	306
warp	que_qsch02	345	23	Gate02#gq_sch02	schg_cas02	177	355
warp	que_qsch03	345	23	Gate02#gq_sch03	schg_cas03	81	95
warp	que_qsch04	345	23	Gate02#gq_sch04	schg_cas04	369	306
warp	que_qsch05	345	23	Gate02#gq_sch05	schg_cas05	369	306
warp	que_qaru01	113	165	windpath02_aru01	que_qaru01	139	172
warp	que_qaru02	113	165	windpath02_aru02	que_qaru02	139	172
warp	que_qaru03	113	165	windpath02_aru03	que_qaru03	139	172
warp	que_qaru04	113	165	windpath02_aru04	que_qaru04	139	172
warp	que_qaru05	113	165	windpath02_aru05	que_qaru05	139	172
warp	que_qsch01	113	165	windpath02_sch01	que_qsch01	139	172
warp	que_qsch02	113	165	windpath02_sch02	que_qsch02	139	172
warp	que_qsch03	113	165	windpath02_sch03	que_qsch03	139	172
warp	que_qsch04	113	165	windpath02_sch04	que_qsch04	139	172
warp	que_qsch05	113	165	windpath02_sch05	que_qsch05	139	172
off	#
off	#event_start01_
off	#getspell0
off	#nm_switch_
off	#to_agit_
off	Bloody Hunter#
off	Gate01#gq_
off	Guard of Shadow#
off	Temple Keeper#
off	Wish Maiden#
off	windpath03_
off	windpath04_
on	#
on	#event_start01_
on	#getspell0
on	#nm_switch_
on	#to_agit_
on	Bloody Hunter#
on	Gate01#gq_
on	Guard of Shadow#
on	Guide#gq_
on	Piamette#
on	Temple Keeper#
on	Wish Maiden#
on	Wish Maiden#gq_
on	windpath03_
on	windpath04_
file	npc/quests/quests_13_1.txt
warp	que_job01	6	94	morocc#01	morocc	45	103
warp	que_job01	17	48	que_job01#02	que_job01	68	92
warp	que_job01	68	96	que_job01#03	que_job01	17	53
warp	que_job01	65	50	que_job01#05	que_job01	84	77
warp	yuno_fild09	234	133	#moc2_fild09-que_dan02	que_dan02	13	10
warp	que_dan02	13	6	#moc_que_dan02-fild09	yuno_fild09	234	129
warp	que_dan02	88	11	#moc2_b1-b2	que_dan02	21	33
off	Botanist#ep13_1
off	Command Timer#edq
off	Expedition Messenger#2
off	Expedition Messenger#3
off	Hansenne#ep131_rhea07
off	Head of the Alliance#moo
off	Hue#ep131_rhea06
off	Ryosen#ep131_rhea05
on	#moc2_event01
on	#moc2_event_on
on	#room1_warp13
on	#room2_1_warp
on	#room2_2_warp
on	Botanist#ep13_1
on	Command Timer#edq
on	Cornus#alba03
on	Corpse#moc2_dead01
on	Expedition Messenger#2
on	Expedition Messenger#3
on	Hansenne#ep131_rhea07
on	Head of the Alliance#moo
on	Hillsrion#alba01
on	Hue#ep131_rhea06
on	Mr. Kidd#moc_extra01
on	Rayan#moc_room2_2
on	Research Official#ep131
on	Rin#moc_room2_2
on	Ryosen#ep131_rhea05
on	Tatacho#alba02
on	Valdes#moc_master_1
on	ep13_man_fild01_mon_edq
on	ep13_man_fild03_mon_edq
on	ep13_spl_fild02_mon_edq
on	ep13_spl_fild03_mon_edq
file	npc/quests/quests_13_2.txt
warp	man_in01	10	125	to_out1#ep13mdwarp02	man_in01	179	58
warp	man_in01	65	125	to_out2#ep13mdwarp03	man_in01	179	58
warp	spl_in02	236	86	terrashome_out	splendide	285	139
warp	nyd_dun01	255	142	nynm_dun1f_to_2f	nyd_dun02	61	265
warp	nyd_dun02	56	264	nynm_dun2f_to_1f	nyd_dun01	249	143
on	#hu_01
on	#hu_02
on	#hu_03
on	#hu_04
on	#hu_05
on	#mj01_01
on	#mj01_02
on	#mj02_01
on	#mj02_02
on	#mj04_01
on	#mj04_02
on	#mj09_01
on	#mj10_01
on	#ve_01
on	#ve_02
on	#ve_03
on	#ve_04
on	Egg Keeper Draco#13_1
on	Egg Keeper Draco#13_2
on	Exhausted Soldier#1
on	Exhausted Soldier#2
on	Exhausted Soldier#3
on	Exhausted Soldier#4
on	Exhausted Soldier#5
on	Exhausted Soldier#6
on	Exhausted Soldier#7
on	Snorren#ep13md17
on	Stranger#ep13_2_dan01
on	Stranger#ep13_2_dan02
on	ep13_warp_22_2
on	ep13_warp_24_2
on	ep13_warp_43_2
on	ep13_warp_45_2
on	ep13_warp_61_2
on	ep13_warp_65_2
on	ep13_warp_81_2
on	ep13_warp_83_2
on	ep13_warp_85_2
file	npc/quests/quests_airship.txt
off	Ferlock#lab
on	Ferlock#lab
file	npc/quests/quests_amatsu.txt
off	Am Mut#ama
off	Coach#after
off	Coach#ama
off	Dokebi#ez
off	Dokebi#hd
off	Grandma#ama1
off	Grandpa#ama
off	Timer#ama
off	backwarp#ama
on	Am Mut#ama
on	Coach#after
on	Coach#ama
on	Dokebi#ez
on	Dokebi#hd
on	Grandma#ama1
on	Grandpa#ama
on	Timer#ama
on	backwarp#ama
file	npc/quests/quests_ayothaya.txt
off	Haggard Man
on	Haggard Man
file	npc/quests/quests_brasilis.txt
warp	bra_in01	138	174	outbathroom#bra	bra_in01	12	183
warp	bra_in01	206	98	tobath#bra	bra_in01	138	176
off	Ghost#bra
off	Ghost#bra_end
on	Ghost#bra
on	Ghost#bra_end
file	npc/quests/quests_ein.txt
on	Einbroch Smog Alert
file	npc/quests/quests_gonryun.txt
off	#getitem1-1
off	#getitem1-2
off	#getitem1-3
off	#getitem1-4
off	#getitem1-5
off	#getitem2-1
off	#getitem2-2
off	#getitem2-3
off	#getitem2-4
off	#getitem2-5
off	#getitem2-6
off	#getitem3-1
off	#getitem3-2
off	#getitem3-3
off	#getitem3-4
off	#getitem3-5
off	#getitem3-6
off	#getitem3-7
off	timer1-1
off	timer1-2
off	timer1-3
off	timer1-4
off	timer1-5
off	timer2-1
off	timer2-2
off	timer2-3
off	timer2-4
off	timer2-5
off	timer2-6
off	timer3-1
off	timer3-2
off	timer3-3
off	timer3-4
off	timer3-5
off	timer3-6
off	timer3-7
off	trace1-1#gnbs
off	trace1-2#gnbs
off	trace1-3#gnbs
off	trace1-4#gnbs
off	trace1-5#gnbs
off	trace2-1#gnbs
off	trace2-2#gnbs
off	trace2-3#gnbs
off	trace2-4#gnbs
off	trace2-5#gnbs
off	trace2-6#gnbs
off	trace3-1#gnbs
off	trace3-2#gnbs
off	trace3-3#gnbs
off	trace3-4#gnbs
off	trace3-5#gnbs
off	trace3-6#gnbs
off	trace3-7#gnbs
on	#getitem1-1
on	#getitem1-2
on	#getitem1-3
on	#getitem1-4
on	#getitem1-5
on	#getitem2-1
on	#getitem2-2
on	#getitem2-3
on	#getitem2-4
on	#getitem2-5
on	#getitem2-6
on	#getitem3-1
on	#getitem3-2
on	#getitem3-3
on	#getitem3-4
on	#getitem3-5
on	#getitem3-6
on	#getitem3-7
on	timer1-1
on	timer1-2
on	timer1-3
on	timer1-4
on	timer1-5
on	timer2-1
on	timer2-2
on	timer2-3
on	timer2-4
on	timer2-5
on	timer2-6
on	timer3-1
on	timer3-2
on	timer3-3
on	timer3-4
on	timer3-5
on	timer3-6
on	timer3-7
on	trace1-1#gnbs
on	trace1-2#gnbs
on	trace1-3#gnbs
on	trace1-4#gnbs
on	trace1-5#gnbs
on	trace2-1#gnbs
on	trace2-2#gnbs
on	trace2-3#gnbs
on	trace2-4#gnbs
on	trace2-5#gnbs
on	trace2-6#gnbs
on	trace3-1#gnbs
on	trace3-2#gnbs
on	trace3-3#gnbs
on	trace3-4#gnbs
on	trace3-5#gnbs
on	trace3-6#gnbs
on	trace3-7#gnbs
file	npc/quests/quests_hugel.txt
off	#DrawerOpener
off	HiddenExplosion
off	Postell Schuwell#D
off	Strange Man#Hugel
off	Upper Drawer#Second
off	Young Man#Hu_Quest
off	warpinside#1
off	warpinside#2
off	warpinside#3
off	warpinside#4
off	warpinside#5
on	#DrawerOpener
on	Clam#C1
on	Clam#C2
on	Clam#C3
on	Clam#C4
on	HiddenExplosion
on	Moks Bugs#Bug1
on	Moks Bugs#Bug2
on	Moks Bugs#Bug3
on	Moks Bugs#Bug4
on	Moks Mushrooms#Mush1
on	Moks Mushrooms#Mush2
on	Moks Mushrooms#Mush3
on	Postell Schuwell#D
on	Strange Man#Hugel
on	Suspicious Barrel
on	Upper Drawer#First
on	Upper Drawer#Second
on	Young Man#Hu_Quest
on	warpinside#1
on	warpinside#2
on	warpinside#3
on	warpinside#4
on	warpinside#5
file	npc/quests/quests_juperos.txt
off	4F Enter#ufe
off	Annihilation#ufe
off	Elevator Escape#ufe
off	Elevator Guard1#ufe
off	Elevator On#ufe
off	Elevator Safety#ufe
off	GuardEnd#ufe
off	LeverWarp#ufe
off	LeverWarp#ufe2
off	Monster1#1-1
off	Monster1#1-2
off	Monster1#1-3
off	Monster1#1-4
off	Monster1#2-1
off	Monster1#2-2
off	Monster1#2-3
off	Monster1#2-4
off	Monster2#1-1
off	Monster2#1-2
off	Monster2#1-3
off	Monster2#1-4
off	Monster2#2-1
off	Monster2#2-2
off	Monster2#2-3
off	Monster2#2-4
off	Red Alarm On#1-1
off	Red Alarm On#1-2
off	Red Alarm On#1-3
off	Red Alarm On#1-4
off	Red Alarm On#2-1
off	Red Alarm On#2-2
off	Red Alarm On#2-3
off	Red Alarm On#2-4
off	Red Alarm#1-1
off	Red Alarm#1-2
off	Red Alarm#1-3
off	Red Alarm#1-4
off	Red Alarm#2-1
off	Red Alarm#2-2
off	Red Alarm#2-3
off	Red Alarm#2-4
off	Restricted Area#jupe
off	Switch On#ufe
off	Warp#1-1
off	Warp#1-2
off	Warp#1-3
off	Warp#1-4
off	Warp#2-1
off	Warp#2-2
off	Warp#2-3
off	Warp#2-4
off	gate#start#2
off	jupe_goto#2
on	#hole#1-1
on	#hole#1-2
on	#hole#1-3
on	#hole#1-4
on	#hole#2-1
on	#hole#2-2
on	#hole#2-3
on	#hole#2-4
on	3F Gate Switch#jupe
on	4F Enter#ufe
on	Annihilation#ufe
on	Elevator Escape#ufe
on	Elevator Guard1#ufe
on	Elevator On#ufe
on	Elevator Safety#ufe
on	GuardEnd#ufe
on	Lever#ufe
on	Lever#ufe2
on	LeverWarp#ufe
on	LeverWarp#ufe2
on	Monster1#1-1
on	Monster1#1-2
on	Monster1#1-3
on	Monster1#1-4
on	Monster1#2-1
on	Monster1#2-2
on	Monster1#2-3
on	Monster1#2-4
on	Monster2#1-1
on	Monster2#1-2
on	Monster2#1-3
on	Monster2#1-4
on	Monster2#2-1
on	Monster2#2-2
on	Monster2#2-3
on	Monster2#2-4
on	Red Alarm On#1-1
on	Red Alarm On#1-2
on	Red Alarm On#1-3
on	Red Alarm On#1-4
on	Red Alarm On#2-1
on	Red Alarm On#2-2
on	Red Alarm On#2-3
on	Red Alarm On#2-4
on	Red Alarm#1-1
on	Red Alarm#1-2
on	Red Alarm#1-3
on	Red Alarm#1-4
on	Red Alarm#2-1
on	Red Alarm#2-2
on	Red Alarm#2-3
on	Red Alarm#2-4
on	Restricted Area#jupe
on	Switch On#ufe
on	Switch#ufe
on	Warp#1-1
on	Warp#1-2
on	Warp#1-3
on	Warp#1-4
on	Warp#2-1
on	Warp#2-2
on	Warp#2-3
on	Warp#2-4
on	gate#start
on	gate#start#2
on	jupe_goto#1
on	jupe_goto#2
file	npc/quests/quests_lighthalzen.txt
warp	lhz_in03	12	162	#to_lhz	lighthalzen	321	322
warp	lhz_que01	97	33	#li_toin01	lhz_in01	43	120
warp	lhz_in01	278	132	#li_toin02	lhz_in01	43	120
off	#bully1
off	#bully2
off	#packidentity
off	A Fine Gentleman
off	A Neat Gentleman
off	Mysterious Woman
off	Secretary#2
off	Suspicious Guy#lhz_02
off	Suspicious Guy#lhz_03
off	Timer_Sneak
off	Wounded Man
on	#bully1
on	#bully2
on	#packidentity
on	A Fine Gentleman
on	A Neat Gentleman
on	Man#Lyozien
on	Mysterious Woman
on	Secretary#2
on	Suspicious Guy#lhz_01
on	Suspicious Guy#lhz_02
on	Suspicious Guy#lhz_03
on	Timer_Sneak
on	Wounded Man
file	npc/quests/quests_louyang.txt
warp	louyang	129	121	Storage Warp#1	lou_in02	203	161
warp	louyang	125	121	Storage Warp#2	lou_in02	198	161
warp	lou_in02	198	159	Storage Warp#3	louyang	124	118
warp	lou_in02	203	159	Storage Warp#4	louyang	129	118
file	npc/quests/quests_morocc.txt
warp	que_ba	265	34	#bpast_1to2	que_ba	156	37
warp	que_ba	183	25	#bpast_2to3_1	que_ba	72	25
warp	que_ba	183	52	#bpast_2to3_2	que_ba	72	51
warp	ein_fild01	28	261	cave_in1	cave	97	24
warp	cave	97	21	case_out1	ein_fild01	28	255
warp	cave	86	167	zid_in	cave	77	185
warp	cave	79	180	zid_out	cave	90	162
off	#barmut_onna
off	Jaeda#garas1
off	Satan Broadcast#edq
off	Satan Summon#edq
off	Time-Space Gap#edq
on	#barmut_onna
on	Group of Evil#edq
on	Jaeda#garas1
on	Satan Broadcast#edq
on	Satan Summon#edq
on	Time-Space Gap#edq
file	npc/quests/quests_moscovia.txt
warp	mosk_que	47	217	Escape#rus30	mosk_fild02	237	266
off	#findship
off	1#rus27
off	Gray Wolf#rus03
off	Koshei#rus47
off	Lusalka#rus23
on	#findship
on	1#rus27
on	Baba Yaga#rus32
on	Cow#rus3
on	Gray Wolf#rus03
on	House Ghost Jar#rus43
on	Koshei#rus47
on	Lusalka#rus23
on	Old Treasure Box#rus37
on	Wall#rus04
file	npc/quests/quests_nameless.txt
warp	que_temsky	99	7	quetemskyout	ra_temin	276	231
off	#ZGuard
off	#zdan_broad
off	Out_from_Monastery
on	#ZGuard
on	#em_end
on	#zdan_broad
on	Out_from_Monastery
on	Wanted Notice#edq
file	npc/quests/quests_prontera.txt
warp	prt_church	115	122	#sazekan	prt_church	168	106
warp	prt_church	166	106	#prtchhall	prt_church	112	122
off	Marjana#poison
on	Marjana#poison
file	npc/quests/quests_rachel.txt
off	#ice_4f_1
off	#ice_4f_2
off	#ice_4f_3
off	#ice_4f_4
on	#ice_4f_1
on	#ice_4f_2
on	#ice_4f_3
on	#ice_4f_4
file	npc/quests/quests_umbala.txt
off	#!@#$%
off	#unpc
off	Umpokoriohtan
on	#!@#$%
on	#unpc
on	Umpokoriohtan
file	npc/quests/quests_veins.txt
warp	ra_in01	48	352	que_sch_jail	morocc	56	89
off	????#sch1
off	????#sch2
off	????#sch3
off	Aitra#vol
off	Arunafeltz Figure
off	Colonel Vito#1
off	Colonel Vito#2
off	Corporate Figure
off	Jesse#sch
off	Rachel Guard#vol1_1
off	Rachel Guard#vol2_1
on	????#sch1
on	????#sch2
on	????#sch3
on	Aitra#vol
on	Arunafeltz Figure
on	Arunafeltz Figure#sch
on	Colonel Vito#1
on	Colonel Vito#2
on	Corporate Figure
on	Corporate Figure#sch
on	Flower Vase#vol
on	Jesse#sch
on	Rachel Guard#vol1
on	Rachel Guard#vol1_1
on	Rachel Guard#vol2
on	Rachel Guard#vol2_1
file	npc/quests/seals/god_weapon_creation.txt
on	god_failwarp#
file	npc/quests/skills/bard_skills.txt
off	Yhelle#bard_chick2
off	Yhelle#bard_chick3
off	Yhelle#bard_chick4
off	Yhelle#bard_chick5
on	Yhelle#bard_chick1
on	Yhelle#bard_chick2
on	Yhelle#bard_chick3
on	Yhelle#bard_chick4
on	Yhelle#bard_chick5
file	npc/quests/skills/rogue_skills.txt
off	#1st5min
off	#1stmove
off	#killershow01
off	Kienna#1st
off	Kienna#2nd
off	Kienna#3rd
off	Kienna#4th
off	Kienna#5th
off	Kienna#6th
off	Kienna#7th
off	Kienna#8th
off	Killer#Rogueguild
on	#1st5min
on	#1stmove
on	#1strecog
on	#killershow01
on	Kienna#1st
on	Kienna#2nd
on	Kienna#3rd
on	Kienna#4th
on	Kienna#5th
on	Kienna#6th
on	Kienna#7th
on	Kienna#8th
on	Killer#Rogueguild
on	Waiting Room#rogue10
file	npc/quests/thana_quest.txt
warp	tha_scene01	30	30	scene	tha_scene01	131	220
warp	tha_t04	81	36	to 5th Floor	tha_t05	62	8
off	#gateto_thanatos
off	3rdf_warp#tt
off	Memory Seal#tt5
on	#gateto_thanatos
on	#thanatos_seal
on	3rdf_warp#tt
on	Memory Seal#tt5
file	npc/quests/the_sign_quest.txt
off	Dark Lord#serin
off	Examiner#sd
off	Geffenia Warp
off	Serin#dummy
off	Warp#serin
off	Warp#witch
off	s_dance#up
on	Dark Lord#serin
on	Examiner#sd
on	Geffenia Warp
on	Serin#dummy
on	Serin#serin
on	Serin#witch
on	Starter#serin
on	Starter#witch
on	Warp#serin
on	Warp#witch
on	s_dance#cen
on	s_dance#down
on	s_dance#left
on	s_dance#right
on	s_dance#up
file	npc/re/guild/invest_main.txt
off	Revoting Manager#Invest2
on	Revoting Manager#Invest1
on	Revoting Manager#Invest2
file	npc/re/guild3/agit_main_te.txt
on	Kafra Employee#
on	to_gloria
on	to_kafragarten
file	npc/re/instances/DevilTower.txt
on	#tnmtks01
file	npc/re/instances/WolfchevLaboratory.txt
warp	lhz_dun04	244	61	lhz_dun04_lhz_dun03	lhz_dun03	240	75
file	npc/re/jobs/2-2/crusader.txt
off	Monster Summon#cr5
on	Monster Summon#cr5
file	npc/re/jobs/2e/kagerou_oboro.txt
on	Kuuga Gai#ko2
on	Red Leopard Joe#ko2
file	npc/re/jobs/2e/rebellion.txt
warp	job_gun	56	26	rebelroom#1	einbroch	49	97
warp	job_gun	18	10	rebelroom#2	job_gun	81	29
warp	job_gun	165	22	rebelroom#3	job_gun	196	35
warp	job_gun	197	49	rebelroom#4	job_gun	157	21
warp	job_gun	88	144	shootingrange#1	job_gun	93	123
warp	job_gun	105	97	shootingrange#2	job_gun	125	98
warp	job_gun	156	115	shootingrange#3	job_gun	157	137
warp	job_gun	152	154	shootingrange#4	job_gun	135	154
warp	job_gun	130	146	shootingrange#5	job_gun	120	130
off	Furnace Controller#2
on	Furnace Controller#1
on	Furnace Controller#2
file	npc/re/jobs/3-1/archbishop.txt
off	#arch_2_01
off	#arch_2_02
off	#arch_2_03
off	#arch_2_04
off	#arch_2_05
off	#arch_2_06
off	#arch_2_07
off	#arch_2_08
off	#arch_2_09
off	#arch_2_10
off	#arch_2_11
off	#arch_2_boss
off	#arch_3_03
off	#arch_end
on	#arch_1_01
on	#arch_1_02
on	#arch_1_03
on	#arch_1_04
on	#arch_1_05
on	#arch_1_06
on	#arch_1_07
on	#arch_1_08
on	#arch_1_09
on	#arch_1_10
on	#arch_1_11
on	#arch_1_12
on	#arch_1_boss
on	#arch_1_start
on	#arch_2_01
on	#arch_2_02
on	#arch_2_03
on	#arch_2_04
on	#arch_2_05
on	#arch_2_06
on	#arch_2_07
on	#arch_2_08
on	#arch_2_09
on	#arch_2_10
on	#arch_2_11
on	#arch_2_boss
on	#arch_3_01
on	#arch_3_02
on	#arch_3_03
on	#arch_end
file	npc/re/jobs/3-1/guillotine_cross.txt
off	Renzak#3rdgc16
on	#3rdgc_event01
on	#3rdgc_room01_mag01
on	Back Gate Guard#g01
on	Barbed-Wire Entanglement
on	Dandelion#3rdgc12
on	Estillda#3rdgc10
on	Exterior Guard#g01
on	Exterior Guard#g02
on	Exterior Guard#g03
on	Exterior Guard#g04
on	Exterior Guard#g05
on	Exterior Guard#g06
on	Front Gate Guard#g01
on	Guard Dog#dog01
on	Guard Dog#dog02
on	Interior Guard#g01
on	Renzak#3rdgc16
file	npc/re/jobs/3-1/mechanic.txt
on	#Door
file	npc/re/jobs/3-1/ranger.txt
off	First Test Timer#jr_05
off	Second Test Timer#jr_08
off	Staff Rust#jr_09
off	Summon Monster#jr_10
off	Test Supervisor#jr_04
off	Test Supervisor#jr_11
off	Test Supervisor#jr_13
off	Third Test Timer#jr_12
on	CallCorrectAnswer#jr
on	CallWrongAnswer#jr
on	First Test Timer#jr_05
on	Second Test Timer#jr_08
on	Staff Rust#jr_09
on	Summon Monster#jr_10
on	Test Supervisor#jr_04
on	Test Supervisor#jr_11
on	Test Supervisor#jr_13
on	Third Test Timer#jr_12
file	npc/re/jobs/3-1/rune_knight.txt
off	job_rune_edq#1st_tb
off	job_rune_edq#1st_tc
off	job_rune_edq#1st_tcmc
off	job_rune_edq#1st_tcmc2
off	job_rune_edq#1st_tcnc
off	job_rune_edq#3rd_tb
off	job_rune_edq#3rd_tc
off	job_rune_edq#3rd_tc1
off	job_rune_edq#3rd_tc2
off	job_rune_edq#3rd_tc3
on	#RK Test Hidden Portal 1
on	Captain Tigris#jrt1
on	Rune Knight Lunarea#jrt1
on	Rune Knight Renoa#jrt1
on	Rune Knight Velpino#jrt1
on	job_rune_edq#1st_tb
on	job_rune_edq#1st_tc
on	job_rune_edq#1st_tcmc
on	job_rune_edq#1st_tcmc2
on	job_rune_edq#1st_tcnc
on	job_rune_edq#3rd_tb
on	job_rune_edq#3rd_tc
on	job_rune_edq#3rd_tc1
on	job_rune_edq#3rd_tc2
on	job_rune_edq#3rd_tc3
file	npc/re/jobs/3-1/warlock.txt
off	Ebein#E1
off	Ebein#E2
off	Hollow Stone#Warlock
off	The chamber of magic#4
on	Hollow Stone#Warlock
on	The chamber of magic#4
file	npc/re/jobs/3-2/minstrel.txt
off	Karian#cmd1
off	Karian#cmd5
off	Karian#cmd9
on	Karian#cmd1
on	Karian#cmd5
on	Karian#cmd9
file	npc/re/jobs/3-2/sura.txt
off	???#bcmd
off	Buddy#Sura_Salon
on	#Sura_garajjom
on	???#bcmd
on	Buddy#Sura_Salon
on	Buddy#job_shuaneh
file	npc/re/jobs/3-2/wanderer.txt
off	Dancer Kim#xmas
on	Dancer Kim#xmas
on	Guitar Song#xmas
on	Mimi#xmas
on	Soy#xmas
on	Spectator#xmas1
on	Spectator#xmas2
on	Spectator#xmas3
on	Spectator#xmas4
file	npc/re/jobs/novice/academy.txt
off	Etinifni#
on	Cultivated Red Plant#
on	Etinifni#
file	npc/re/merchants/eden_market.txt
warp	paramk	97	5	paramk#ex	moc_para01	106	35
file	npc/re/merchants/enchantgrade.txt
warp	prontera	50	293	Grademk_Int	grademk	13	172
warp	grademk	9	172	Grademk_Out	prontera	50	290
warp	paramk	8	171	grade_in	paramk	141	64
warp	paramk	145	64	grade_out	paramk	11	171
file	npc/re/other/dimensional_gap.txt
off	#dalichat
off	Merchant Prince#HUMERC2
on	#dalichat
on	Merchant Prince#HUMERC
on	Merchant Prince#HUMERC2
file	npc/re/quests/newgears/2010_headgears.txt
on	Roda Frog#Frog_Cap
file	npc/re/quests/quests_14_3_bis.txt
warp	moro_cav	64	13	#ep14_3What caveExit	moro_vol	198	176
off	#f_boss0
off	#soltalk01
off	#soltalk02
on	#soltalk01
on	#soltalk02
file	npc/re/quests/quests_15_1.txt
off	Fallen Man#ep15_1_elyo
off	Guide Elisha#ep15_1bs2
on	Alph#ep15_1elb
on	Du#ep15_1elb
on	Fallen Man#ep15_1_elyo
on	Guide Elisha#ep15_1bs
on	Guide Elisha#ep15_1bs2
on	Guide Scarlet#ep15_1bs
on	Maggi#ep15_1elb
on	Mark#ep15_1elb
on	Tamarin#ep15_1elb
file	npc/re/quests/quests_15_2.txt
on	Patient#EP15.2MR_01
on	Patient#EP15.2MR_02
on	Patient#EP15.2MR_03
on	Patient#EP15.2MR_04
on	Patient#EP15.2MR_05
on	Patient#EP15.2MR_06
on	Patient#EP15.2MR_07
file	npc/re/quests/quests_16_1.txt
off	Bachelor#ep16wig01
off	Strong Guards#ep16wig03
off	Strong Guards#ep16wig04
off	Strong Guards#ep16wig05
off	Strong Guards#ep16wig06
off	Womenfolk#ep16wig01
on	Bachelor#ep16wig01
on	Dark Shape#EP161A0
on	Strong Guards#ep16wig03
on	Strong Guards#ep16wig04
on	Strong Guards#ep16wig05
on	Strong Guards#ep16wig06
on	Womenfolk#ep16wig01
file	npc/re/quests/quests_16_2.txt
on	Hiding researcher#
on	Naga#16.2rmA
file	npc/re/quests/quests_dicastes.txt
on	Hibba Agip#ep133_is07
file	npc/re/quests/quests_eclage.txt
on	Euncheong#No.
on	Rosi#No.
file	npc/re/quests/quests_illusion_dungeons.txt
warp	tur_d03_i	217	73	illtur03_04	tur_d04_i	99	186
warp	tur_d04_i	99	191	illtur04_03	tur_d03_i	217	82
warp	com_d02_i	254	243	IL_Luanda#Luanda	beach_dun2	249	243
warp	ant_d02_i	170	190	antd02i_anthell02	anthell02	172	185
on	Dracula#ilgf02
on	Wizard#ilgf001
on	Wizard#ilgf01
file	npc/re/quests/quests_malangdo.txt
off	Eff#gamer
off	Ketchup#gamer
off	Linguist Devore#mald
off	Stew#gamer
on	Eff#gamer
on	Eryu#gamer
on	Gobonge#ml
on	Ketchup#gamer
on	Linguist Devore#mald
on	Stew#gamer
file	npc/re/quests/quests_malaya.txt
off	#buwaya_soil
off	Beat Catching Boy#pin09
off	Dog#buwaya
off	Dog#buwaya_totoi
off	Drumming Young Man#pin06
off	Drumming Young Man#pin07
off	Drumming Young Man#pin08
off	Guard#buwayacave
off	Tourist#pin01
off	Tourist#pin02
off	Tourist#pin03
off	Tourist#pin05
off	Young Tattooist#pin04
on	#buwaya_soil
on	Beat Catching Boy#pin09
on	Dog#buwaya
on	Dog#buwaya_totoi
on	Drumming Young Man#pin06
on	Drumming Young Man#pin07
on	Drumming Young Man#pin08
on	Guard#buwayacave
on	Lost Child#malaya01
on	Lost Child#malaya02
on	Lost Child#malaya03
on	Tourist#pin01
on	Tourist#pin02
on	Tourist#pin03
on	Tourist#pin05
on	Young Tattooist#pin04
file	npc/re/quests/quests_mora.txt
off	Black Shadow#ep14_muk
off	Cheshire#ep14_1_xq01
off	Cheshire#ep14_extra
on	Black Shadow#ep14_muk
on	Cheshire#ep14_1_xq01
on	Cheshire#ep14_extra
on	Lope#pa
file	npc/re/quests/woe_te/te_goditem_alde1.txt
off	Aira#fake01_alde01
off	Ezella#fake01_alde01
off	Kuluna#fake01_alde01
off	Lune#fake01_alde01
off	Mallina#fake01_alde01
off	Morin#fake01_alde01
off	Nasarin#fake01_alde01
on	Aira#fake01_alde01
on	Blacksmith Cano#tegod01
on	Ezella#fake01_alde01
on	Kuluna#fake01_alde01
on	Lune#fake01_alde01
on	Mallina#fake01_alde01
on	Morin#fake01_alde01
on	Nasarin#fake01_alde01
on	aldeg-1-11_aldeg-1-15#te
file	npc/re/quests/woe_te/te_goditem_prt01.txt
off	Aira#fake01_prt01
off	Ezella#fake01_prt01
off	Kuluna#fake01_prt01
off	Lune#fake01_prt01
off	Mallina#fake01_prt01
off	Morin#fake01_prt01
off	Nasarin#fake01_prt01
on	Aira#fake01_prt01
on	Blacksmith Kai#tegod01
on	Ezella#fake01_prt01
on	Kuluna#fake01_prt01
on	Lune#fake01_prt01
on	Mallina#fake01_prt01
on	Morin#fake01_prt01
on	Nasarin#fake01_prt01
on	prtg-1-22_prtg-1-31#te
file	npc/re/warps/cities/alberta.txt
warp	alberta	45	145	Room_Entrance#alberta-01	alberta_in	69	141
warp	alberta_in	73	142	Room_Exit#alberta-01	alberta	48	145
file	npc/re/warps/cities/dewata.txt
warp	dewata	44	252	dewata0001	dew_fild01	373	212
warp	dew_fild01	375	212	dewata0002	dewata	46	251
warp	dew_fild01	57	273	dewata0003	dew_in01	15	33
warp	dew_in01	16	31	dewata0004	dew_fild01	59	273
warp	dew_fild01	48	65	dewata0005	dew_dun02	302	30
warp	dew_dun02	305	30	dewata0006	dew_fild01	50	65
file	npc/re/warps/cities/dicastes.txt
warp	dicastes01	283	285	eldicastes0001	dic_in01	45	30
warp	dic_in01	45	28	eldicastes0002	dicastes01	281	284
warp	dicastes01	163	297	eldicastes0003	dic_in01	371	101
warp	dic_in01	372	99	eldicastes0004	dicastes01	163	295
warp	dicastes01	94	259	eldicastes0005	dic_in01	390	53
warp	dic_in01	390	55	eldicastes0006	dicastes01	95	257
warp	dicastes01	136	103	eldicastes0007	dic_in01	26	98
warp	dic_in01	26	96	eldicastes0008	dicastes01	137	106
warp	dicastes01	255	175	eldicastes0009	dic_in01	344	272
warp	dic_in01	342	271	eldicastes0010	dicastes01	255	173
warp	dicastes01	198	353	eldicastes0011	dicastes02	120	80
warp	dicastes02	120	77	eldicastes0012	dicastes01	197	351
warp	dicastes02	120	237	eldicastes0013	dic_in01	45	246
warp	dic_in01	45	244	eldicastes0014	dicastes02	119	235
warp	dic_in01	299	248	eldicastes0015	dic_in01	262	191
file	npc/re/warps/cities/eclage.txt
warp	ecl_fild01	207	72	fild01-1_biffild	bif_fild02	294	350
warp	bif_fild02	292	351	biffild_fild01-1	ecl_fild01	205	76
warp	eclage	98	26	eclageS_EclEnter	ecl_fild01	99	317
warp	eclage	299	309	eclageN_in01s	ecl_in01	47	11
warp	ecl_in01	47	8	in01s_eclageN	eclage	297	307
warp	ecl_in01	8	67	in01w_hub1-1	ecl_hub01	38	94
warp	ecl_hub01	40	95	hub1-1_in01w	ecl_in01	11	67
warp	ecl_hub01	22	109	hub1-2_in02-1	ecl_in02	99	7
warp	ecl_in02	98	4	in02-1_hub1-2	ecl_hub01	23	107
warp	ecl_in02	80	18	in02-2_in02-3	ecl_in02	157	66
warp	ecl_in02	157	68	in02-3_in02-2	ecl_in02	83	18
warp	ecl_hub01	107	110	hub2-1_in01e	ecl_in01	82	68
warp	ecl_hub01	127	95	hub2-2_hub3-1	ecl_hub01	18	32
warp	ecl_hub01	40	14	hub3-2_in03	ecl_in03	144	17
warp	ecl_in03	144	14	in03_hub3-2	ecl_hub01	40	11
warp	ecl_hub01	105	36	hub4-1_in01e	ecl_in01	82	68
warp	ecl_hub01	138	17	hub4-2_hub3-1	ecl_hub01	18	32
file	npc/re/warps/cities/einbech.txt
warp	rebel_in	34	43	#negoin02	rebel_in	21	41
warp	rebel_in	18	43	einbech_south	einbech	215	80
warp	rebel_in	88	80	#162gmroom2_1	rebel_in	209	82
warp	rebel_in	209	77	#162gmroom2_2	rebel_in	87	75
warp	rebel_in	155	84	#162gmroom2_3	rebel_in	119	41
file	npc/re/warps/cities/einbroch.txt
warp	ein_in01	273	273	roomB_roomBGate	ein_in01	274	243
warp	einbroch	302	331	ein_to_pub	pub_cat	49	27
warp	pub_cat	44	27	pub_to_ein	einbroch	302	326
warp	pub_cat	146	105	backroom_exit	pub_cat	100	106
file	npc/re/warps/cities/izlude.txt
warp	prt_fild08	371	212	prtf005	izlude	24	98
warp	izlude	20	98	iz001	prt_fild08	367	212
warp	izlude_in	116	46	iz02-1	izlude	128	98
warp	izlude	110	182	iz01	izlude_in	65	87
warp	izlude_in	65	84	iz01-1	izlude	112	179
warp	izlude	52	172	iz04	izlude_in	74	161
warp	izlude_in	74	158	iz04-1	izlude	52	168
warp	izlude_in	43	169	w219	izlude_in	63	169
warp	izlude_in	87	169	iz05-1	izlude_in	111	169
warp	izlude_in	108	169	iz05	izlude_in	84	169
warp	izlude_in	148	127	iz03-1	izlude	210	161
warp	izlude_in	172	139	iz07	izlude_in	172	161
warp	izlude_in	172	158	iz07-1	izlude_in	172	136
warp	izlude_in	172	116	iz06-1	izlude_in	172	94
warp	izlude_in	171	97	iz06	izlude_in	172	119
warp	prt_fild08a	371	212	prtf005_a	izlude_a	24	98
warp	prt_fild08b	371	212	prtf005_b	izlude_b	24	98
warp	prt_fild08c	371	212	prtf005_c	izlude_c	24	98
warp	prt_fild08d	371	212	prtf005_d	izlude_d	24	98
warp	izlude_a	20	98	iz001_a	prt_fild08a	367	212
warp	izlude_b	20	98	iz001_b	prt_fild08b	367	212
warp	izlude_c	20	98	iz001_c	prt_fild08c	367	212
warp	izlude_d	20	98	iz001_d	prt_fild08d	367	212
warp	izlude_a	110	182	iz01_a	izlude_in	65	87
warp	izlude_b	110	182	iz01_b	izlude_in	65	87
warp	izlude_c	110	182	iz01_c	izlude_in	65	87
warp	izlude_d	110	182	iz01_d	izlude_in	65	87
warp	izlude_a	52	172	iz04_a	izlude_in	74	161
warp	izlude_b	52	172	iz04_b	izlude_in	74	161
warp	izlude_c	52	172	iz04_c	izlude_in	74	161
warp	izlude_d	52	172	iz04_d	izlude_in	74	161
warp	iz_int	27	30	#room_out	iz_int	51	30
warp	iz_int01	27	30	#room_out01	iz_int01	51	30
warp	iz_int02	27	30	#room_out02	iz_int02	51	30
warp	iz_int03	27	30	#room_out03	iz_int03	51	30
warp	iz_int04	27	30	#room_out04	iz_int04	51	30
warp	iz_int	47	30	#room_in	iz_int	22	30
warp	iz_int01	47	30	#room_in01	iz_int01	22	30
warp	iz_int02	47	30	#room_in02	iz_int02	22	30
warp	iz_int03	47	30	#room_in03	iz_int03	22	30
warp	iz_int04	47	30	#room_in04	iz_int04	22	30
warp	izlude	125	257	#to_ac01	iz_ac01	99	29
warp	izlude	130	257	#to_ac02	iz_ac01	99	29
warp	iz_ac01	100	24	#to_ac01-1	izlude	127	253
warp	iz_ac01	78	25	#to_ac2f01	iz_ac02	207	27
warp	iz_ac01	122	25	#to_ac2f02	iz_ac02	207	27
warp	iz_ac02	198	27	#to_ac1f01	iz_ac01	78	28
warp	iz_ac02	217	27	#to_ac1f02	iz_ac01	122	28
warp	new_1-3	96	176	#to_ac01-2	iz_ac01	49	73
warp	izlude_a	125	257	#to_ac01_a	iz_ac01_a	99	29
warp	izlude_b	125	257	#to_bc01_b	iz_ac01_b	99	29
warp	izlude_c	125	257	#to_cc01_c	iz_ac01_c	99	29
warp	izlude_d	125	257	#to_dc01_d	iz_ac01_d	99	29
warp	izlude_a	130	257	#to_ac02_a	iz_ac01_a	99	29
warp	izlude_b	130	257	#to_bc02_b	iz_ac01_b	99	29
warp	izlude_c	130	257	#to_cc02_c	iz_ac01_c	99	29
warp	izlude_d	130	257	#to_dc02_d	iz_ac01_d	99	29
warp	iz_ac01_a	100	24	#to_ac01-1_a	izlude_a	127	253
warp	iz_ac01_b	100	24	#to_ac01-1_b	izlude_b	127	253
warp	iz_ac01_c	100	24	#to_ac01-1_c	izlude_c	127	253
warp	iz_ac01_d	100	24	#to_ac01-1_d	izlude_d	127	253
warp	iz_ac01_a	78	25	#to_ac2f01_a	iz_ac02_a	207	27
warp	iz_ac01_b	78	25	#to_bc2f01_b	iz_ac02_b	207	27
warp	iz_ac01_c	78	25	#to_cc2f01_c	iz_ac02_c	207	27
warp	iz_ac01_d	78	25	#to_dc2f01_d	iz_ac02_d	207	27
warp	iz_ac01_a	122	25	#to_ac2f02_a	iz_ac02_a	207	27
warp	iz_ac01_b	122	25	#to_bc2f02_b	iz_ac02_b	207	27
warp	iz_ac01_c	122	25	#to_cc2f02_c	iz_ac02_c	207	27
warp	iz_ac01_d	122	25	#to_dc2f02_d	iz_ac02_d	207	27
warp	iz_ac02_a	198	27	#to_ac1f01_a	iz_ac01_a	78	28
warp	iz_ac02_b	198	27	#to_bc1f01_b	iz_ac01_b	78	28
warp	iz_ac02_c	198	27	#to_cc1f01_c	iz_ac01_c	78	28
warp	iz_ac02_d	198	27	#to_dc1f01_d	iz_ac01_d	78	28
warp	iz_ac02_a	217	27	#to_ac1f02_a	iz_ac01_a	122	28
warp	iz_ac02_b	217	27	#to_bc1f02_b	iz_ac01_b	122	28
warp	iz_ac02_c	217	27	#to_cc1f02_c	iz_ac01_c	122	28
warp	iz_ac02_d	217	27	#to_dc1f02_d	iz_ac01_d	122	28
warp	iz_ac02	194	44	#to_swordmanroom	iz_ac02	80	48
warp	iz_ac02_a	194	44	#to_swordmanroom_a	iz_ac02_a	80	48
warp	iz_ac02_b	194	44	#to_swordmanroom_b	iz_ac02_b	80	48
warp	iz_ac02_c	194	44	#to_swordmanroom_c	iz_ac02_c	80	48
warp	iz_ac02_d	194	44	#to_swordmanroom_d	iz_ac02_d	80	48
warp	iz_ac02	83	48	#from_sword_toac02	iz_ac02	197	44
warp	iz_ac02_a	83	48	#from_sword_toac02_a	iz_ac02_a	197	44
warp	iz_ac02_b	83	48	#from_sword_toac02_b	iz_ac02_b	197	44
warp	iz_ac02_c	83	48	#from_sword_toac02_c	iz_ac02_c	197	44
warp	iz_ac02_d	83	48	#from_sword_toac02_d	iz_ac02_d	197	44
warp	iz_ac02	221	44	#to_helproom	iz_ac02	127	48
warp	iz_ac02_a	221	44	#to_helproom_a	iz_ac02_a	127	48
warp	iz_ac02_b	221	44	#to_helproom_b	iz_ac02_b	127	48
warp	iz_ac02_c	221	44	#to_helproom_c	iz_ac02_c	127	48
warp	iz_ac02_d	221	44	#to_helproom_d	iz_ac02_d	127	48
warp	iz_ac02	124	48	#from_help_toac02	iz_ac02	218	44
warp	iz_ac02_a	124	48	#from_help_toac02_a	iz_ac02_a	218	44
warp	iz_ac02_b	124	48	#from_help_toac02_b	iz_ac02_b	218	44
warp	iz_ac02_c	124	48	#from_help_toac02_c	iz_ac02_c	218	44
warp	iz_ac02_d	124	48	#from_help_toac02_d	iz_ac02_d	218	44
warp	iz_ac02	194	60	#to_taekwonroom	iz_ac02	80	77
warp	iz_ac02_a	194	60	#to_taekwonroom_a	iz_ac02_a	80	77
warp	iz_ac02_b	194	60	#to_taekwonroom_b	iz_ac02_b	80	77
warp	iz_ac02_c	194	60	#to_taekwonroom_c	iz_ac02_c	80	77
warp	iz_ac02_d	194	60	#to_taekwonroom_d	iz_ac02_d	80	77
warp	iz_ac02	83	77	#from_taek_toac02	iz_ac02	197	60
warp	iz_ac02_a	83	77	#from_taek_toac02_a	iz_ac02_a	197	60
warp	iz_ac02_b	83	77	#from_taek_toac02_b	iz_ac02_b	197	60
warp	iz_ac02_c	83	77	#from_taek_toac02_c	iz_ac02_c	197	60
warp	iz_ac02_d	83	77	#from_taek_toac02_d	iz_ac02_d	197	60
warp	iz_ac02	221	60	#to_gunslingerroom	iz_ac02	127	78
warp	iz_ac02_a	221	60	#to_gunslingerroom_a	iz_ac02_a	127	78
warp	iz_ac02_b	221	60	#to_gunslingerroom_b	iz_ac02_b	127	78
warp	iz_ac02_c	221	60	#to_gunslingerroom_c	iz_ac02_c	127	78
warp	iz_ac02_d	221	60	#to_gunslingerroom_d	iz_ac02_d	127	78
warp	iz_ac02	124	78	#from_guns_toac02	iz_ac02	218	60
warp	iz_ac02_a	124	78	#from_guns_toac02_a	iz_ac02_a	218	60
warp	iz_ac02_b	124	78	#from_guns_toac02_b	iz_ac02_b	218	60
warp	iz_ac02_c	124	78	#from_guns_toac02_c	iz_ac02_c	218	60
warp	iz_ac02_d	124	78	#from_guns_toac02_d	iz_ac02_d	218	60
warp	iz_ac02	194	76	#to_archerroom	iz_ac02	80	108
warp	iz_ac02_a	194	76	#to_archerroom_a	iz_ac02_a	80	108
warp	iz_ac02_b	194	76	#to_archerroom_b	iz_ac02_b	80	108
warp	iz_ac02_c	194	76	#to_archerroom_c	iz_ac02_c	80	108
warp	iz_ac02_d	194	76	#to_archerroom_d	iz_ac02_d	80	108
warp	iz_ac02	83	108	#from_archer_toac02	iz_ac02	197	76
warp	iz_ac02_a	83	108	#from_archer_toac02_a	iz_ac02_a	197	76
warp	iz_ac02_b	83	108	#from_archer_toac02_b	iz_ac02_b	197	76
warp	iz_ac02_c	83	108	#from_archer_toac02_c	iz_ac02_c	197	76
warp	iz_ac02_d	83	108	#from_archer_toac02_d	iz_ac02_d	197	76
warp	iz_ac02	221	76	#to_mageroom	iz_ac02	127	108
warp	iz_ac02_a	221	76	#to_mageroom_a	iz_ac02_a	127	108
warp	iz_ac02_b	221	76	#to_mageroom_b	iz_ac02_b	127	108
warp	iz_ac02_c	221	76	#to_mageroom_c	iz_ac02_c	127	108
warp	iz_ac02_d	221	76	#to_mageroom_d	iz_ac02_d	127	108
warp	iz_ac02	124	108	#from_mage_toac02	iz_ac02	218	76
warp	iz_ac02_a	124	108	#from_mage_toac02_a	iz_ac02_a	218	76
warp	iz_ac02_b	124	108	#from_mage_toac02_b	iz_ac02_b	218	76
warp	iz_ac02_c	124	108	#from_mage_toac02_c	iz_ac02_c	218	76
warp	iz_ac02_d	124	108	#from_mage_toac02_d	iz_ac02_d	218	76
warp	iz_ac02	194	92	#to_thiefroom	iz_ac02	80	138
warp	iz_ac02_a	194	92	#to_thiefroom_a	iz_ac02_a	80	138
warp	iz_ac02_b	194	92	#to_thiefroom_b	iz_ac02_b	80	138
warp	iz_ac02_c	194	92	#to_thiefroom_c	iz_ac02_c	80	138
warp	iz_ac02_d	194	92	#to_thiefroom_d	iz_ac02_d	80	138
warp	iz_ac02	83	138	#from_thief_toac02	iz_ac02	197	92
warp	iz_ac02_a	83	138	#from_thief_toac02_a	iz_ac02_a	197	92
warp	iz_ac02_b	83	138	#from_thief_toac02_b	iz_ac02_b	197	92
warp	iz_ac02_c	83	138	#from_thief_toac02_c	iz_ac02_c	197	92
warp	iz_ac02_d	83	138	#from_thief_toac02_d	iz_ac02_d	197	92
warp	iz_ac02	221	92	#to_ninjaroom	iz_ac02	127	137
warp	iz_ac02_a	221	92	#to_ninjaroom_a	iz_ac02_a	127	137
warp	iz_ac02_b	221	92	#to_ninjaroom_b	iz_ac02_b	127	137
warp	iz_ac02_c	221	92	#to_ninjaroom_c	iz_ac02_c	127	137
warp	iz_ac02_d	221	92	#to_ninjaroom_d	iz_ac02_d	127	137
warp	iz_ac02	124	137	#from_ninja_toac02	iz_ac02	218	92
warp	iz_ac02_a	124	137	#from_ninja_toac02_a	iz_ac02_a	218	92
warp	iz_ac02_b	124	137	#from_ninja_toac02_b	iz_ac02_b	218	92
warp	iz_ac02_c	124	137	#from_ninja_toac02_c	iz_ac02_c	218	92
warp	iz_ac02_d	124	137	#from_ninja_toac02_d	iz_ac02_d	218	92
warp	iz_ac02	194	108	#to_merchantroom	iz_ac02	80	168
warp	iz_ac02_a	194	108	#to_merchantroom_a	iz_ac02_a	80	168
warp	iz_ac02_b	194	108	#to_merchantroom_b	iz_ac02_b	80	168
warp	iz_ac02_c	194	108	#to_merchantroom_c	iz_ac02_c	80	168
warp	iz_ac02_d	194	108	#to_merchantroom_d	iz_ac02_d	80	168
warp	iz_ac02	83	168	#from_merch_toac02	iz_ac02	197	108
warp	iz_ac02_a	83	168	#from_merch_toac02_a	iz_ac02_a	197	108
warp	iz_ac02_b	83	168	#from_merch_toac02_b	iz_ac02_b	197	108
warp	iz_ac02_c	83	168	#from_merch_toac02_c	iz_ac02_c	197	108
warp	iz_ac02_d	83	168	#from_merch_toac02_d	iz_ac02_d	197	108
warp	iz_ac02	221	108	#to_acolyteroom	iz_ac02	127	168
warp	iz_ac02_a	221	108	#to_acolyteroom_a	iz_ac02_a	127	168
warp	iz_ac02_b	221	108	#to_acolyteroom_b	iz_ac02_b	127	168
warp	iz_ac02_c	221	108	#to_acolyteroom_c	iz_ac02_c	127	168
warp	iz_ac02_d	221	108	#to_acolyteroom_d	iz_ac02_d	127	168
warp	iz_ac02	124	168	#from_aco_toac02	iz_ac02	218	108
warp	iz_ac02_a	124	168	#from_aco_toac02_a	iz_ac02_a	218	108
warp	iz_ac02_b	124	168	#from_aco_toac02_b	iz_ac02_b	218	108
warp	iz_ac02_c	124	168	#from_aco_toac02_c	iz_ac02_c	218	108
warp	iz_ac02_d	124	168	#from_aco_toac02_d	iz_ac02_d	218	108
warp	iz_ac02	208	121	#to_principalroom	iz_ac02	104	187
warp	iz_ac02_a	208	121	#to_principalroom_a	iz_ac02_a	104	187
warp	iz_ac02_b	208	121	#to_principalroom_b	iz_ac02_b	104	187
warp	iz_ac02_c	208	121	#to_principalroom_c	iz_ac02_c	104	187
warp	iz_ac02_d	208	121	#to_principalroom_d	iz_ac02_d	104	187
warp	iz_ac02	104	184	#from_principal_toac02	iz_ac02	208	118
warp	iz_ac02_a	104	184	#from_principal_toac02_a	iz_ac02_a	208	118
warp	iz_ac02_b	104	184	#from_principal_toac02_b	iz_ac02_b	208	118
warp	iz_ac02_c	104	184	#from_principal_toac02_c	iz_ac02_c	208	118
warp	iz_ac02_d	104	184	#from_principal_toac02_d	iz_ac02_d	208	118
file	npc/re/warps/cities/lasagna.txt
warp	lasa_fild02	348	244	lasadun01_in	lasa_dun01	24	143
warp	lasa_dun01	18	143	lasadun_out	lasa_fild02	344	243
warp	lasa_dun_q	190	14	dun_q_dun01	lasa_dun01	152	98
warp	lasa_dun01	157	98	lasadun01_to2f	lasa_dun02	22	171
warp	lasa_dun02	18	171	lasadun02_to1f	lasa_dun01	153	98
warp	lasa_dun02	146	58	lasadun02_to3f	lasa_dun03	190	18
warp	lasa_dun03	190	15	lasadun03_to2f	lasa_dun02	146	54
warp	lasa_fild01	134	381	lasagna_in01	lasagna	153	58
warp	lasagna	150	54	lasagna_out01	lasa_fild01	131	378
warp	lasa_fild01	341	375	lasagna_in02	lasagna	327	56
warp	lasagna	327	51	lasagna_out02	lasa_fild01	344	371
warp	lasagna	358	91	lasagna_in03	lasa_fild02	20	98
warp	lasa_fild02	16	98	lasagna_in03#01	lasagna	355	92
warp	lasa_in01	159	61	dining_lasa	lasagna	68	202
warp	conch_in	60	61	conch_lasagna	lasagna	206	323
warp	conch_in	51	60	hall_cap	conch_in	31	60
warp	conch_in	34	60	cap_hall	conch_in	53	59
warp	conch_in	63	53	hall_in04	conch_in	63	33
warp	conch_in	63	35	in04_hall	conch_in	64	55
warp	conch_in	64	66	hall_in01	conch_in	63	89
warp	conch_in	63	87	in01_hall	conch_in	63	64
warp	conch_in	101	53	hall_in05	conch_in	101	33
warp	conch_in	101	35	in05_hall	conch_in	102	55
warp	conch_in	101	66	hall_in02	conch_in	101	89
warp	conch_in	102	87	in02_hall	conch_in	101	64
warp	conch_in	137	53	hall_in06	conch_in	139	33
warp	conch_in	139	35	in06_hall	conch_in	138	55
warp	conch_in	137	66	hall_in03	conch_in	139	89
warp	conch_in	140	87	in03_hall	conch_in	137	64
warp	conch_in	142	60	hall_dining	conch_in	162	61
warp	conch_in	159	61	dining_hall	conch_in	140	59
file	npc/re/warps/cities/lighthalzen.txt
warp	rgsr_in	127	32	rekenber_to_lhz	lighthalzen	53	275
file	npc/re/warps/cities/malangdo.txt
warp	malangdo	240	150	malangdo0001	mal_in01	11	17
warp	mal_in01	9	16	malangdo0002	malangdo	238	149
warp	mal_in01	20	15	malangdo0003	mal_in01	65	11
warp	mal_in01	67	12	malangdo0004	mal_in01	20	13
warp	malangdo	112	167	malangdo0005	mal_in01	17	163
warp	mal_in01	18	161	malangdo0006	malangdo	115	166
warp	mal_in01	18	173	malangdo0007	mal_in01	72	173
warp	mal_in01	75	174	malangdo0008	mal_in01	18	171
warp	mal_in01	73	170	malangdo0009	mal_in01	124	172
warp	mal_in01	124	175	malangdo0010	mal_in01	70	170
warp	malangdo	113	151	malangdo0011	mal_in01	28	118
warp	mal_in01	30	119	malangdo0012	malangdo	115	150
warp	mal_in01	20	119	malangdo0013	mal_in01	65	117
warp	mal_in01	67	118	malangdo0014	mal_in01	20	117
warp	malangdo	119	137	malangdo0015	mal_in01	36	216
warp	mal_in01	38	217	malangdo0016	malangdo	121	138
warp	mal_in01	11	218	malangdo0017	mal_in01	75	220
warp	mal_in01	75	222	malangdo0018	mal_in01	12	221
warp	mal_in01	79	219	malangdo0019	mal_in01	140	216
warp	mal_in01	140	213	malangdo0020	mal_in01	80	216
warp	malangdo	135	109	malangdo0021	mal_in01	19	76
warp	mal_in01	18	78	malangdo0022	malangdo	135	111
warp	mal_in01	18	67	malangdo0023	mal_in01	65	65
warp	mal_in01	67	66	malangdo0024	mal_in01	20	67
warp	malangdo	135	276	malangdo0025	mal_in01	164	15
warp	mal_in01	163	13	malangdo0026	malangdo	135	274
warp	malangdo	73	239	malangdo0027	mal_dun01	33	230
warp	mal_dun01	30	230	malangdo0028	malangdo	75	236
warp	malangdo	162	163	malangdo_ship0001	mal_in02	58	61
warp	mal_in02	60	61	malangdo_ship0002	malangdo	164	163
warp	mal_in02	51	60	malangdo_ship0003	mal_in02	31	60
warp	mal_in02	34	60	malangdo_ship0004	mal_in02	53	59
warp	mal_in02	63	53	malangdo_ship0005	mal_in02	63	33
warp	mal_in02	63	35	malangdo_ship0006	mal_in02	64	55
warp	mal_in02	63	66	malangdo_ship0007	mal_in02	63	89
warp	mal_in02	64	87	malangdo_ship0008	mal_in02	63	64
warp	mal_in02	101	53	malangdo_ship0009	mal_in02	101	33
warp	mal_in02	101	35	malangdo_ship0010	mal_in02	102	55
warp	mal_in02	101	66	malangdo_ship0011	mal_in02	101	89
warp	mal_in02	102	87	malangdo_ship0012	mal_in02	101	64
warp	mal_in02	137	53	malangdo_ship0013	mal_in02	139	33
warp	mal_in02	139	35	malangdo_ship0014	mal_in02	138	55
warp	mal_in02	137	66	malangdo_ship0015	mal_in02	139	89
warp	mal_in02	140	87	malangdo_ship0016	mal_in02	137	64
warp	mal_in02	142	60	malangdo_ship0017	mal_in02	162	61
warp	mal_in02	159	61	malangdo_ship0018	mal_in02	140	59
file	npc/re/warps/cities/malaya.txt
warp	ma_in01	86	16	mal_in_ws	malaya	115	212
warp	ma_in01	24	77	mal_in_inn	malaya	178	208
warp	malaya	370	277	malaya_mal_fild01	ma_fild01	40	272
warp	ma_fild01	37	272	mal_fild01_malaya	malaya	367	277
warp	ma_in01	33	152	mal_in_house01	malaya	52	75
warp	malaya	309	70	malaya_ship_mal_in_ship	ma_in01	108	92
warp	ma_in01	105	92	mal_in_ship_malaya_ship	malaya	310	67
warp	ma_fild01	266	359	mafild01_to02	ma_fild02	248	36
warp	ma_fild02	248	33	mafild02_to01	ma_fild01	266	356
warp	ma_fild01	288	52	mafild01_tobknw	ma_scene01	142	78
warp	ma_scene01	140	80	bknw_tofild01	ma_fild01	288	55
warp	ma_in01	9	24	mal_in_ts	malaya	296	167
warp	ma_in01	126	17	mal_in_shop_malaya_shop	malaya	261	237
warp	ma_fild01	251	190	mf_minga_mf_in_minga	ma_in01	108	160
warp	ma_in01	105	160	mf_in_minga_mf_minga	ma_fild01	248	190
file	npc/re/warps/cities/prontera.txt
warp	prt_pri00	54	139	prt_pri_to_prt_cas	prt_cas	182	258
warp	prt_prison	155	290	prt_prison_OUT	prt_pri00	50	120
warp	prt_q	155	358	#prt_q_tp_lib_q	prt_lib_q	89	43
warp	prt_cas_q	34	78	qroom_heine_out_qroom_heine_in	prt_cas_q	134	32
warp	prt_cas_q	154	8	qroom_L_to_way_way_to_qroom_L	prt_cas	156	163
warp	prt_cas_q	132	119	qroom_R_to_way_way_to_qroom_R	prt_cas	274	163
warp	prt_cas_q	130	8	qroom_vip_in_qroom_vip_out	prt_cas_q	30	28
warp	prt_cas_q	34	28	qroom_vip_out_qroom_vip_in	prt_cas_q	134	8
warp	prt_cas_q	34	128	qroom_nerius_out_qroom_nerius_in	prt_cas_q	134	56
warp	prt_cas_q	130	80	qroom_valter_in_qroom_balter_out	prt_cas_q	30	178
warp	prt_cas_q	34	178	qroom_balter_out_qroom_valter_in	prt_cas_q	134	80
warp	prt_cas_q	153	119	qroom_wigner_in_qroom_wigner_out	prt_cas_q	78	21
warp	prt_cas_q	74	21	qroom_wigner_out_qroom_wigner_in	prt_cas_q	149	119
warp	prt_cas_q	153	143	qroom_richard_in_qroom_richard_out	prt_cas_q	78	77
warp	prt_cas_q	74	77	qroom_richard_out_qroom_richard_in	prt_cas_q	149	143
warp	prt_cas_q	153	167	qroom_geob_in_qroom_geob_out	prt_cas_q	78	131
warp	prt_cas_q	74	131	qroom_geob_out_qroom_geob_in	prt_cas_q	149	167
warp	prt_cas_q	153	191	qroom_lugen_in_qroom_lugen_out	prt_cas_q	78	189
warp	prt_cas_q	74	189	qroom_lugen_out_qroom_lugen_in	prt_cas_q	149	191
warp	prt_cas	216	184	mainhall_in_mainhall_out	prt_cas	93	212
warp	prt_cas	93	208	mainhall_out_mainhall_in	prt_cas	216	180
warp	prt_cas	197	148	guestroom_l1_in_guestroom_l1	prt_cas	31	117
warp	prt_cas	31	120	guestroom_l1_guestroom_l1_in	prt_cas	197	152
warp	prt_cas	178	148	guestroom_l2_in_guestroom_l2	prt_cas	27	43
warp	prt_cas	27	47	guestroom_l2_guestroom_l2_in	prt_cas	178	152
warp	prt_cas	235	148	guestroom_r1_in_guestroom_r1	prt_cas	174	104
warp	prt_cas	174	108	guestroom_r1_guestroom_r1_in	prt_cas	235	152
warp	prt_cas	253	148	guestroom_r2_in_guestroom_r2	prt_cas	174	37
warp	prt_cas	174	40	guestroom_r2_guestroom_r2_in	prt_cas	253	152
warp	prt_cas	164	177	way_up_L_way_down_L	prt_cas	54	156
warp	prt_cas	54	152	way_down_L_way_up_L	prt_cas	164	172
warp	prt_cas	268	176	way_up_R_way_down_R	prt_cas	110	156
warp	prt_cas	110	152	way_down_R_way_up_R	prt_cas	268	172
warp	prt_cas	82	175	way_to_gld_gld_to_cas	prt_gld	159	30
warp	prt_gld	159	24	gld_to_cas_way_to_gld	prt_cas	82	171
warp	prt_cas	130	218	library_in_library_out	prt_cas	303	48
warp	prt_cas	300	48	library_out_library_in	prt_cas	127	218
warp	prt_cas	174	234	cruroom_in_cruroom_out	prt_cas	247	107
warp	prt_cas	247	111	cruroom_out_cruroom_in	prt_cas	174	237
warp	prt_cas	41	275	cuisine_in_cuisine_out	prt_cas	320	182
warp	prt_cas	320	178	cuisine_out_cuisine_in	prt_cas	41	271
warp	prt_cas	54	217	dining_in_dining_out	prt_cas	388	137
warp	prt_cas	392	137	dining_out_dining_in	prt_cas	58	217
warp	prt_cas	216	142	cas_out_prt_to_cas	prontera	156	354
warp	prontera	156	358	prt_to_cas_cas_out	prt_cas	216	146
warp	prt_cas	146	330	#ep172_prt_to_prt-0	prt_cas	309	288
warp	prt_cas	309	291	#ep172_prt_to_prt-1	prt_cas	146	334
warp	prt_cas	48	330	#ep172_prt_to_prt-2	prt_cas	252	242
warp	prt_cas	251	246	#ep172_prt_to_prt-3	prt_cas	48	334
warp	prt_cas	20	342	#ep172_prt_to_prt-4	prt_cas	269	313
warp	prt_cas	273	313	#ep172_prt_to_prt-5	prt_cas	23	342
warp	prt_cas	254	347	#ep172_prt_to_prt-6	prt_cas	96	18
warp	prt_cas	96	14	#ep172_prt_to_prt-7	prt_cas	254	343
warp	prt_cas	174	342	#ep172_prt_to_prt-8	prt_cas	322	336
warp	prt_cas	318	336	#ep172_prt_to_prt-9	prt_cas	170	342
warp	prontera	50	228	illusion123	prt_in	128	40
warp	prt_in	128	45	illusion124	prontera	47	228
file	npc/re/warps/cities/rachel.txt
warp	rachel	150	249	rachel01	ra_temple	120	30
warp	rachel	81	33	rachel02	ra_in01	237	198
warp	rachel	61	33	rachel03	ra_in01	181	198
warp	rachel	217	55	rachel04	ra_in01	250	34
warp	rachel	179	220	rachel05	ra_in01	295	352
warp	rachel	103	240	rachel06	ra_in01	343	193
warp	rachel	216	160	rachel07	ra_in01	135	282
warp	rachel	42	87	rachel08	ra_in01	171	359
warp	rachel	42	109	rachel09	ra_in01	171	388
warp	rachel	83	78	rachel10	ra_in01	249	266
warp	rachel	115	149	rachel11	ra_in01	386	43
warp	rachel	90	189	rachel12	ra_in01	192	148
warp	rachel	108	200	rachel13	ra_in01	213	83
warp	ra_in01	188	189	rachel14	ra_in01	263	144
warp	ra_in01	296	144	rachel15	ra_in01	235	189
warp	ra_in01	175	189	rachel16	ra_in01	132	189
warp	ra_in01	244	189	rachel17	ra_in01	291	189
warp	ra_in01	235	21	rachel18	ra_in01	187	31
warp	ra_in01	312	374	rachel19	ra_in01	359	374
warp	ra_in01	291	371	rachel20	ra_in01	225	380
warp	ra_in01	381	200	rachel21	ra_in01	377	268
warp	ra_in01	367	255	rachel22	ra_in01	326	296
warp	ra_in01	319	303	rachel23	ra_in01	381	320
warp	ra_in01	178	370	rachel24	ra_in01	113	385
warp	ra_in01	165	369	rachel25	ra_in01	122	334
warp	ra_in01	241	299	rachel26	ra_in01	193	312
warp	ra_in01	185	303	rachel27	ra_in01	194	249
warp	ra_in01	357	61	rachel28	ra_in01	310	62
warp	ra_in01	297	59	rachel29	ra_in01	339	116
warp	ra_temin	130	93	rachel30	ra_temin	239	258
warp	ra_temin	206	93	rachel31	ra_temin	312	258
warp	ra_temin	275	332	rachel32	ra_temin	27	305
warp	ra_temsky	99	118	rachel34	ra_temsky	99	140
warp	ra_temsky	112	143	rachel35	ra_temsky	141	139
warp	ra_temsky	87	143	rachel36	ra_temsky	58	139
warp	ra_temple	120	22	rachel37	rachel	150	243
warp	ra_in01	237	202	rachel38	rachel	81	38
warp	ra_in01	181	202	rachel39	rachel	61	38
warp	ra_in01	250	38	rachel40	rachel	217	60
warp	ra_in01	295	348	rachel41	rachel	179	215
warp	ra_in01	339	193	rachel42	rachel	98	238
warp	ra_in01	135	286	rachel43	rachel	216	164
warp	ra_in01	171	355	rachel44	rachel	42	82
warp	ra_in01	172	392	rachel45	rachel	42	114
warp	ra_in01	249	262	rachel46	rachel	83	73
warp	ra_in01	386	39	rachel47	rachel	115	144
warp	ra_in01	192	152	rachel48	rachel	90	193
warp	ra_in01	213	79	rachel49	rachel	108	195
warp	ra_in01	259	144	rachel50	ra_in01	184	189
warp	ra_in01	231	189	rachel51	ra_in01	292	144
warp	ra_in01	136	189	rachel52	ra_in01	179	189
warp	ra_in01	287	189	rachel53	ra_in01	240	189
warp	ra_in01	183	31	rachel54	ra_in01	239	21
warp	ra_in01	355	374	rachel55	ra_in01	308	374
warp	ra_in01	221	380	rachel56	ra_in01	287	371
warp	ra_in01	381	268	rachel57	ra_in01	387	200
warp	ra_in01	330	296	rachel58	ra_in01	371	255
warp	ra_in01	381	324	rachel59	ra_in01	319	299
warp	ra_in01	109	385	rachel60	ra_in01	174	370
warp	ra_in01	126	334	rachel61	ra_in01	169	369
warp	ra_in01	197	312	rachel62	ra_in01	245	299
warp	ra_in01	194	245	rachel63	ra_in01	190	302
warp	ra_in01	314	62	rachel64	ra_in01	361	61
warp	ra_in01	339	120	rachel65	ra_in01	297	63
warp	ra_temin	169	18	rachel66	ra_temple	119	175
warp	ra_temin	239	253	rachel67	ra_temin	130	88
warp	ra_temin	312	253	rachel68	ra_temin	206	88
warp	ra_temin	27	299	rachel69	ra_temin	275	328
warp	ra_temsky	99	8	rachel70	ra_temin	275	231
warp	ra_temsky	99	135	rachel71	ra_temsky	99	113
warp	ra_temsky	137	139	rachel72	ra_temsky	109	143
warp	ra_temsky	62	139	rachel73	ra_temsky	91	143
warp	rachel	25	125	rachel74	ra_fild11	353	226
warp	rachel	275	125	rachel75	ra_fild12	40	226
warp	rachel	130	21	rachel76	ve_fild02	195	377
warp	que_rachel	130	93	rachel77	que_rachel	239	258
warp	que_rachel	206	93	rachel78	que_rachel	312	258
warp	que_rachel	275	332	rachel79	que_rachel	27	305
warp	que_rachel	239	253	rachel80	que_rachel	130	88
warp	que_rachel	312	253	rachel81	que_rachel	206	88
warp	que_rachel	27	299	rachel82	que_rachel	275	328
warp	ra_in01	309	70	rachel83	rachel	108	175
warp	rachel	105	171	rachel84	ra_in01	309	65
warp	ra_in01	375	109	rachel85	rachel	116	154
warp	rachel	116	158	rachel86	ra_in01	375	114
warp	ra_temin	275	243	rachel87	ra_temin	131	131
file	npc/re/warps/cities/rockridge.txt
warp	harboro1	241	218	harboro1#har_in01	har_in01	18	18
warp	har_in01	18	15	har_in01#harboro1	harboro1	241	215
warp	har_in01	99	30	har_in01_2#harboro1	har_in01	34	31
warp	harboro1	312	193	harboro1_2#har_in01	har_in01	26	87
warp	har_in01	26	90	har_in01#harboro1_2	harboro1	312	196
file	npc/re/warps/cities/yggdrasil.txt
warp	umbala	106	285	ygGate_yg1	yggdrasil01	39	63
warp	yggdrasil01	249	262	nwarp5	nif_fild01	315	66
warp	yggdrasil01	271	51	nwarp3	yggdrasil01	26	196
warp	yggdrasil01	26	193	nwarp4	yggdrasil01	269	53
file	npc/re/warps/dungeons/amicitia.txt
warp	amicitia1	248	244	#wami1	ein_fild08	152	95
warp	amicitia2	146	281	#wami3	amicitia1	149	27
file	npc/re/warps/dungeons/dic_dun.txt
warp	dic_dun01	87	212	scarabahole0001	dic_dun01	169	227
warp	dic_dun01	165	227	scarabahole0002	dic_dun01	83	212
warp	dic_dun01	371	228	scarabahole0003	dic_dun01	32	156
warp	dic_dun01	28	156	scarabahole0004	dic_dun01	367	228
warp	dic_dun01	371	172	scarabahole0005	dic_dun01	32	100
warp	dic_dun01	28	100	scarabahole0006	dic_dun01	367	172
warp	dic_dun02	102	148	scarabahole0007	dic_dun01	290	99
warp	dic_dun01	371	100	scarabahole0008	dic_dun01	33	43
warp	dic_dun01	29	43	scarabahole0009	dic_dun01	367	100
warp	dic_dun03	101	148	scarabahole0010	dic_dun01	286	102
file	npc/re/warps/dungeons/ecl_dun.txt
warp	ecl_fild01	182	82	Tenter_TOut	ecl_tdun01	60	13
warp	ecl_tdun01	61	11	TOut_Tenter	ecl_fild01	182	85
warp	ecl_tdun01	67	106	tdun1up_tdun2dn	ecl_tdun02	60	88
warp	ecl_tdun02	60	90	tdun2dn_tdun1up	ecl_tdun01	70	105
warp	ecl_tdun02	52	9	tdun2up_tdun3dn	ecl_tdun03	47	13
warp	ecl_tdun03	49	11	tdun3dn_tdun2up	ecl_tdun02	50	11
warp	ecl_tdun03	50	46	tdun3up_tdun4dn	ecl_tdun04	26	24
warp	ecl_tdun04	26	26	tdun4dn_tdun3up	ecl_tdun03	50	44
warp	ecl_tdun04	34	17	tdun4-1_ttop	ecl_fild01	183	73
warp	ecl_fild01	183	70	ttop_tdun4-1	ecl_tdun04	33	19
file	npc/re/warps/dungeons/ecl_tdun.txt
warp	ecl_fild01	182	82	eclage_dun0001	ecl_tdun01	60	13
warp	ecl_tdun01	61	11	eclage_dun0002	ecl_fild01	182	85
warp	ecl_tdun01	67	106	eclage_dun0003	ecl_tdun02	60	88
warp	ecl_tdun02	60	90	eclage_dun0004	ecl_tdun01	70	105
warp	ecl_tdun02	52	9	eclage_dun0005	ecl_tdun03	47	13
warp	ecl_tdun03	49	11	eclage_dun0006	ecl_tdun02	50	11
warp	ecl_tdun03	50	46	eclage_dun0007	ecl_tdun04	26	23
warp	ecl_tdun04	26	26	eclage_dun0008	ecl_tdun03	50	43
warp	ecl_tdun04	34	17	eclage_dun0009	ecl_fild01	183	73
warp	ecl_fild01	183	70	eclage_dun0010	ecl_tdun04	32	19
file	npc/re/warps/dungeons/ein_dun.txt
warp	ein_dun03	268	283	out_to_dun02	ein_dun02	24	250
file	npc/re/warps/dungeons/harboro2.txt
warp	harboro2	284	104	harboro2#harboro1	harboro1	318	124
file	npc/re/warps/dungeons/mag_dun.txt
warp	mag_dun03	124	120	mag03a_mag02a	mag_dun02	243	68
file	npc/re/warps/dungeons/moc_pryd.txt
warp	moc_prydn1	223	9	PyramidsN1-2	moc_prydn2	192	8
warp	moc_prydn2	195	8	PyramidsN2-1	moc_prydn1	220	9
file	npc/re/warps/dungeons/nif_dun.txt
warp	nif_dun01	145	82	nifdun01a_nifla	niflheim	146	122
warp	nif_dun02	162	15	nifdun02a_nifdun01a	nif_dun01	146	39
warp	nif_dun02	137	15	nifdun02a_nifdun01a_	nif_dun01	146	39
file	npc/re/warps/dungeons/oz_dun.txt
warp	oz_dun01	112	30	to_oz_dun02	oz_dun02	142	279
warp	oz_dun02	142	284	to_oz_dun01	oz_dun01	112	34
file	npc/re/warps/dungeons/prt_mz03_i.txt
warp	prt_mz03_i	5	186	3maze1a1_3maze2d2	prt_mz03_i	151	134
warp	prt_mz03_i	22	194	3maze1a2_3maze4e1	prt_mz03_i	175	48
warp	prt_mz03_i	85	174	3maze1c1_3maze4a3	prt_mz03_i	14	48
warp	prt_mz03_i	102	165	3maze1c2_3maze4d2	prt_mz03_i	137	71
warp	prt_mz03_i	125	171	3maze1d1_3maze3c2	prt_mz03_i	105	111
warp	prt_mz03_i	154	181	3maze1d2_3maze4d1	prt_mz03_i	139	48
warp	prt_mz03_i	175	165	3maze1e1_3maze5b3	prt_mz03_i	71	12
warp	prt_mz03_i	194	175	3maze1e2_3maze2e2	prt_mz03_i	191	139
warp	prt_mz03_i	5	140	3maze2a1_3maze4c4	prt_mz03_i	111	56
warp	prt_mz03_i	18	154	3maze2a2_3maze5b1	prt_mz03_i	48	21
warp	prt_mz03_i	23	125	3maze2a3_3maze4e2	prt_mz03_i	177	71
warp	prt_mz03_i	54	154	3maze2b1_3maze3d2	prt_mz03_i	142	111
warp	prt_mz03_i	63	125	3maze2b2_3maze3c1	prt_mz03_i	88	97
warp	prt_mz03_i	85	146	3maze2c1_3maze3a2	prt_mz03_i	22	88
warp	prt_mz03_i	98	154	3maze2c2_3maze5c2	prt_mz03_i	99	31
warp	prt_mz03_i	114	145	3maze2c3_3maze5e1	prt_mz03_i	168	22
warp	prt_mz03_i	137	125	3maze2d1_3maze4b2	prt_mz03_i	71	71
warp	prt_mz03_i	154	134	3maze2d2_3maze1a1	prt_mz03_i	8	186
warp	prt_mz03_i	166	139	3maze2e1_3maze3b4	prt_mz03_i	63	88
warp	prt_mz03_i	194	139	3maze2e2_3maze1e2	prt_mz03_i	191	175
warp	prt_mz03_i	17	114	3maze3a1_3maze3d1	prt_mz03_i	129	102
warp	prt_mz03_i	22	85	3maze3a2_3maze2c1	prt_mz03_i	88	146
warp	prt_mz03_i	45	104	3maze3b1_3maze4c3	prt_mz03_i	96	48
warp	prt_mz03_i	63	114	3maze3b2_3maze4a2	prt_mz03_i	14	71
warp	prt_mz03_i	74	97	3maze3b3_3maze5b2	prt_mz03_i	56	8
warp	prt_mz03_i	63	85	3maze3b4_3maze2e1	prt_mz03_i	169	139
warp	prt_mz03_i	85	97	3maze3c1_3maze2b2	prt_mz03_i	63	128
warp	prt_mz03_i	105	114	3maze3c2_3maze1d1	prt_mz03_i	128	174
warp	prt_mz03_i	114	95	3maze3c3_3maze5e2	prt_mz03_i	176	8
warp	prt_mz03_i	125	105	3maze3d1_3maze1b1	prt_mz03_i	58	191
warp	prt_mz03_i	142	114	3maze3d2_3maze2b1	prt_mz03_i	54	151
warp	prt_mz03_i	168	94	3maze3e1_3maze4e3	prt_mz03_i	191	54
warp	prt_mz03_i	182	85	3maze3e2_23maze3	prt_maze02	100	179
warp	prt_mz03_i	194	94	3maze3e3_3maze5d1	prt_mz03_i	151	22
warp	prt_mz03_i	5	58	3maze4a1_3maze5e4	prt_mz03_i	191	15
warp	prt_mz03_i	14	74	3maze4a2_3maze3b2	prt_mz03_i	63	111
warp	prt_mz03_i	14	45	3maze4a3_3maze1c1	prt_mz03_i	88	174
warp	prt_mz03_i	52	45	3maze4b1_3maze5a2	prt_mz03_i	16	31
warp	prt_mz03_i	85	56	3maze4c1_3maze5e3	prt_mz03_i	176	31
warp	prt_mz03_i	104	74	3maze4c2_3maze5c3	prt_mz03_i	111	22
warp	prt_mz03_i	96	45	3maze4c3_3maze3b1	prt_mz03_i	48	104
warp	prt_mz03_i	114	56	3maze4c4_3maze2a1	prt_mz03_i	8	140
warp	prt_mz03_i	137	74	3maze4d2_3maze1c2	prt_mz03_i	102	168
warp	prt_mz03_i	175	45	3maze4e1_3maze1a2	prt_mz03_i	22	191
warp	prt_mz03_i	177	74	3maze4e2_3maze2a3	prt_mz03_i	23	128
warp	prt_mz03_i	194	54	3maze4e3_3maze3e1	prt_mz03_i	171	94
warp	prt_mz03_i	23	5	3maze5a1_3maze5c1	prt_mz03_i	88	13
warp	prt_mz03_i	16	34	3maze5a2_3maze4b1	prt_mz03_i	52	48
warp	prt_mz03_i	45	21	3maze5b1_3maze2a2	prt_mz03_i	18	151
warp	prt_mz03_i	54	5	3maze5b2_3maze3b3	prt_mz03_i	71	97
warp	prt_mz03_i	74	12	3maze5b3_3maze1e1	prt_mz03_i	175	168
warp	prt_mz03_i	85	13	3maze5c1_3maze5a1	prt_mz03_i	23	8
warp	prt_mz03_i	99	34	3maze5c2_3maze2c2	prt_mz03_i	98	151
warp	prt_mz03_i	114	22	3maze5c3_3maze4c2	prt_mz03_i	104	71
warp	prt_mz03_i	165	22	3maze5e1_3maze2c3	prt_mz03_i	111	146
warp	prt_mz03_i	176	5	3maze5e2_3maze3c3	prt_mz03_i	111	95
warp	prt_mz03_i	176	34	3maze5e3_3maze4c1	prt_mz03_i	88	56
warp	prt_mz03_i	194	15	3maze5e4_3maze4a1	prt_mz03_i	8	58
file	npc/re/warps/dungeons/rockmi1.txt
warp	rockrdg2	304	350	rockrdg2#rockmi1	rockmi1	247	19
warp	rockmi1	247	16	rockmi1#rockrdg2	rockrdg2	304	344
file	npc/re/warps/dungeons/slabw01.txt
warp	que_swat	155	61	#in_slbw	slabw01	14	88
warp	slabw01	10	88	#out_slbw	que_swat	155	58
file	npc/re/warps/dungeons/sp_rudus.txt
warp	sp_rudus	200	382	rudus_to_field	ein_fild05	158	289
warp	sp_rudus	180	258	rudus1_to_rudus2	sp_rudus2	185	258
warp	sp_rudus2	180	258	rudus2_to_rudus1	sp_rudus	185	258
warp	sp_rudus2	359	206	rudus2_to_rudus3	sp_rudus3	366	207
warp	sp_rudus3	371	207	rudus3_to_rudus2	sp_rudus2	355	206
warp	sp_rudus4	380	156	#b_hw1	sp_rudus3	375	45
file	npc/re/warps/dungeons/thor_v.txt
warp	que_thr	186	58	#Secret passage - Logistics base	thor_v01	169	169
file	npc/re/warps/fields/bif_fild.txt
warp	splendide	275	390	bifrost_field0001	bif_fild01	316	50
warp	bif_fild01	318	48	bifrost_field0002	splendide	271	382
warp	mora	182	74	bifrost_field0003	bif_fild02	286	327
warp	mora	20	159	bifrost_field0004	bif_fild02	99	308
warp	mora	56	25	bifrost_field0005	bif_fild02	176	162
file	npc/re/warps/fields/com_fild.txt
warp	cmd_fild01	222	24	cmd_fild01-1	cmd_fild02	222	372
warp	cmd_fild01	362	73	cmd_fild01-2	cmd_fild03	27	68
warp	cmd_fild01	362	263	cmd_fild01-3	cmd_fild03	27	269
warp	cmd_fild02	222	376	cmd_fild02-1	cmd_fild01	222	30
warp	cmd_fild02	382	269	cmd_fild02-2	cmd_fild04	25	275
warp	cmd_fild02	358	95	cmd_fild02-3	cmd_fild04	35	94
warp	cmd_fild03	23	269	cmd_fild03-1	cmd_fild01	359	260
warp	cmd_fild03	23	68	cmd_fild03-2	cmd_fild01	359	76
warp	cmd_fild03	181	17	cmd_fild03-3	cmd_fild04	181	367
warp	cmd_fild04	21	275	cmd_fild04-1	cmd_fild02	378	264
warp	cmd_fild04	31	92	cmd_fild04-2	cmd_fild02	351	92
warp	cmd_fild04	376	287	cmd_fild04-3	cmd_fild06	26	288
warp	cmd_fild04	180	372	cmd_fild04-4	cmd_fild03	183	23
warp	cmd_fild06	21	285	cmd_fild06-4	cmd_fild04	371	288
warp	cmd_fild06	151	27	cmd_fild06-5	cmd_fild07	147	370
warp	cmd_fild06	368	96	cmd_fild06-6	cmd_fild08	25	102
warp	cmd_fild06	379	174	cmd_fild06-7	cmd_fild08	28	166
warp	cmd_fild06	372	359	cmd_fild06-8	cmd_fild08	31	359
warp	cmd_fild07	149	379	cmd_fild07-1	cmd_fild06	147	36
warp	cmd_fild07	389	186	cmd_fild07-2	cmd_fild09	18	170
warp	cmd_fild08	25	355	cmd_fild08-1	cmd_fild06	366	359
warp	cmd_fild08	25	170	cmd_fild08-2	cmd_fild06	374	167
warp	cmd_fild08	15	102	cmd_fild08-3	cmd_fild06	361	96
warp	cmd_fild08	76	31	cmd_fild08-4	cmd_fild09	76	375
warp	cmd_fild08	309	48	cmd_fild08-5	cmd_fild09	307	374
warp	cmd_fild08	354	324	cmd_fild08-6	moc_fild12	26	305
warp	cmd_fild09	12	170	cmd_fild09-1	cmd_fild07	382	184
warp	cmd_fild09	369	164	cmd_fild09-2	moc_fild18	55	170
warp	cmd_fild09	309	381	cmd_fild09-3	cmd_fild08	309	60
warp	cmd_fild09	75	382	cmd_fild09-4	cmd_fild08	75	42
warp	moc_fild18	51	170	moc_fild18-1	cmd_fild09	363	164
file	npc/re/warps/fields/dic_fild.txt
warp	dic_dun01	371	44	dic_field0001	dic_fild01	28	79
warp	dic_fild01	24	79	dic_field0002	dic_dun01	366	45
warp	dic_fild01	69	23	dic_field0003	dic_fild02	70	373
warp	dic_fild02	71	375	dic_field0004	dic_fild01	69	25
warp	dicastes01	199	34	dic_field0005	dic_fild01	149	279
file	npc/re/warps/fields/geffen_fild.txt
warp	gef_fild00	267	382	gef007	mjolnir_06	265	32
warp	gef_fild00	381	137	gef008	prt_fild00	24	125
warp	gef_fild00	40	199	gef009	geffen	213	119
warp	gef_fild01	382	111	gef010	prt_fild04	20	114
warp	gef_fild01	16	102	geff01	gef_fild09	368	92
warp	gef_fild01	69	17	geff02	gef_fild03	66	379
warp	gef_fild02	380	156	gef011	prt_fild07	21	143
warp	gef_fild02	380	289	gef012	prt_fild07	18	289
warp	gef_fild02	380	68	gef013	prt_fild07	17	64
warp	gef_fild02	266	18	gef026	prt_fild10	227	296
warp	gef_fild02	14	78	geff03	gef_fild03	379	77
warp	gef_fild02	16	275	geff04	gef_fild03	379	277
warp	gef_fild03	312	16	gef014	prt_fild11	302	298
warp	gef_fild03	66	382	geff02-1	gef_fild01	69	20
warp	gef_fild03	382	77	geff03-1	gef_fild02	17	78
warp	gef_fild03	382	277	geff04-1	gef_fild02	19	275
warp	gef_fild03	18	52	geff05	gef_fild10	367	56
warp	gef_fild04	187	39	gef015	geffen	119	210
warp	gef_fild04	261	362	gef016	mjolnir_01	284	21
warp	gef_fild04	362	322	gef017	mjolnir_06	21	331
warp	gef_fild04	16	309	geff06	gef_fild05	361	309
warp	gef_fild05	364	309	geff06-1	gef_fild04	19	309
warp	gef_fild05	15	201	geff07	gef_fild06	379	211
warp	gef_fild05	64	15	geff08	gef_fild07	64	360
warp	gef_fild06	382	211	geff07-1	gef_fild05	18	201
warp	gef_fild06	218	17	geff09	gef_fild08	200	352
warp	gef_fild07	339	187	gef025	geffen	29	119
warp	gef_fild07	64	363	geff08-1	gef_fild05	64	18
warp	gef_fild07	18	191	geff10	gef_fild08	357	187
warp	gef_fild07	40	19	geff13	gef_fild13	41	369
warp	gef_fild08	200	355	geff09-1	gef_fild06	218	20
warp	gef_fild08	360	187	geff10-1	gef_fild07	21	191
warp	gef_fild09	23	56	geff18-1	gef_fild13	376	56
warp	gef_fild09	225	25	geff11	gef_fild10	251	368
warp	gef_fild09	368	95	geff01-1	gef_fild01	19	102
warp	gef_fild10	251	371	geff11-1	gef_fild09	225	28
warp	gef_fild10	104	21	geff12	gef_fild11	114	360
warp	gef_fild10	370	56	geff05-1	gef_fild03	21	52
warp	gef_fild10	136	331	gef018	in_orcs01	122	171
warp	gef_fild10	138	284	gef019	in_orcs01	29	114
warp	gef_fild10	215	51	gef020	in_orcs01	162	53
warp	gef_fild10	223	205	gef021	in_orcs01	108	89
warp	gef_fild10	63	337	gef022	in_orcs01	30	157
warp	gef_fild11	377	293	gef023	prt_fild11	20	281
warp	gef_fild11	111	364	geff12-1	gef_fild10	104	24
warp	gef_fild13	380	56	geff18	gef_fild09	27	56
warp	gef_fild13	41	373	geff13-1	gef_fild07	40	23
file	npc/re/warps/fields/gw_fild.txt
warp	gw_fild01	135	9	gw_fild01_to_gw_fild02	gw_fild02	122	385
warp	gw_fild02	122	391	gw_fild02_to_gw_fild01	gw_fild01	135	14
warp	wolfvill	276	25	wolfvill_to_gw_fild01	gw_fild01	25	101
file	npc/re/warps/fields/hugel_fild.txt
warp	ein_fild04	343	293	hugel001	ein_fild05	80	294
warp	ein_fild05	76	294	hugel001a	ein_fild04	336	292
warp	ein_fild05	376	183	hugel002	ein_fild06	47	166
warp	ein_fild06	42	171	hugel002a	ein_fild05	371	183
warp	hu_fild01	366	185	hugel007	hu_fild02	22	168
warp	hu_fild02	17	168	hugel007a	hu_fild01	361	189
warp	hu_fild04	47	372	hugel008	hu_fild02	40	27
warp	hu_fild02	40	22	hugel008a	hu_fild04	48	368
warp	hu_fild04	294	379	hugel009	hu_fild02	280	31
warp	hu_fild02	283	28	hugel009a	hu_fild04	289	376
warp	hu_fild05	353	126	hugel011	hu_fild06	34	119
warp	hu_fild06	28	119	hugel011a	hu_fild05	347	130
warp	ein_fild01	106	34	EinF01Dn01_EinF05Up01	ein_fild05	172	366
warp	ein_fild01	234	34	EinF01Dn02_EinF05Up02	ein_fild05	172	366
warp	ein_fild05	172	371	EinF05Up01_EinF01Dn01	ein_fild01	106	40
file	npc/re/warps/fields/morroc_fild.txt
warp	moc_fild01	22	242	mocf005	prt_fild09	380	237
warp	moc_fild01	239	382	mocf006	prt_fild08	233	20
warp	moc_fild01	301	16	mocf02	moc_fild02	77	338
warp	moc_fild01	321	16	mocf02-1	moc_fild02	77	338
warp	moc_fild01	341	16	mocf02-2	moc_fild02	77	338
warp	moc_fild01	379	162	mocf011	pay_fild04	20	165
warp	moc_fild01	56	384	moc007a	prt_fild08	54	24
warp	moc_fild02	228	29	mocf03	moc_fild13	298	367
warp	moc_fild02	332	19	mocf04	moc_fild03	70	336
warp	moc_fild02	350	339	mocf012	pay_fild04	194	20
warp	moc_fild02	67	342	mocf02-3	moc_fild01	315	25
warp	moc_fild02	71	18	mocf05	moc_fild13	146	365
warp	moc_fild02	92	342	mocf02-4	moc_fild01	315	25
warp	moc_fild03	17	37	mocf06	moc_fild13	305	49
warp	moc_fild03	303	170	mocf014	pay_fild01	17	152
warp	moc_fild03	70	341	mocf04-1	moc_fild02	332	23
warp	moc_fild07	198	21	mocf001	morocc	160	294
warp	moc_fild11	212	29	mocf21	moc_fild17	218	366
warp	moc_fild11	26	161	mocf22	moc_fild12	286	168
warp	moc_fild11	377	197	mocf23	moc_fild20	36	177
warp	moc_fild12	118	30	mocf24	moc_fild18	158	379
warp	moc_fild12	159	381	mocf003	morocc	160	20
warp	moc_fild12	289	168	mocf22-1	moc_fild11	29	161
warp	moc_fild13	146	368	mocf05-1	moc_fild02	71	21
warp	moc_fild13	298	370	mocf03-1	moc_fild02	228	32
warp	moc_fild13	308	49	mocf06-1	moc_fild03	20	37
warp	moc_fild16	16	179	mocf28	moc_fild17	366	272
warp	moc_fild17	218	369	mocf21-1	moc_fild11	212	32
warp	moc_fild17	30	300	moc29	moc_fild18	379	305
warp	moc_fild17	369	272	mocf28-1	moc_fild16	19	179
warp	moc_fild18	158	382	mocf24-1	moc_fild12	118	33
warp	moc_fild18	382	305	moc29-1	moc_fild17	33	300
warp	moc_fild19	169	107	mocf004	morocc	27	164
warp	moc_fild19	71	170	mocf018	moc_ruins	71	19
warp	moc_fild19	98	99	mocf019	in_sphinx1	288	9
warp	moc_fild21	26	196	mocf020	moc_fild20	349	179
warp	moc_fild22	32	196	mocf021	moc_fild20	349	179
file	npc/re/warps/fields/payon_fild.txt
warp	pay_fild01	13	152	payf001	moc_fild03	299	170
warp	pay_fild01	278	14	payf01	pay_fild02	83	382
warp	pay_fild01	353	14	payf02	pay_fild02	160	381
warp	pay_fild01	379	201	payf03	pay_fild07	23	207
warp	pay_fild02	167	390	payf02-1	pay_fild01	354	18
warp	pay_fild02	284	108	payf07	pay_fild03	20	110
warp	pay_fild02	83	386	payf01-1	pay_fild01	278	18
warp	pay_fild03	15	110	payf07-1	pay_fild02	280	108
warp	pay_fild03	172	281	payf08	pay_fild07	167	20
warp	pay_fild03	313	16	payf09	pay_fild06	305	372
warp	pay_fild03	392	63	payf005	alberta	19	233
warp	pay_fild04	17	165	payf002	moc_fild01	376	162
warp	pay_fild04	194	17	payf003	moc_fild02	350	336
warp	pay_fild06	305	375	payf09-1	pay_fild03	313	19
warp	pay_fild07	16	200	payf03-1	pay_fild01	371	205
warp	pay_fild07	163	17	payf08-1	pay_fild03	177	275
warp	pay_fild07	280	382	payf11	pay_fild08	160	19
warp	pay_fild07	382	290	payf12	pay_fild10	19	290
warp	pay_fild08	160	16	payf11-1	pay_fild07	280	379
warp	pay_fild08	17	75	payf006	payon	265	92
warp	pay_fild08	262	91	payf13	pay_fild09	19	91
warp	pay_fild09	112	16	pay14	pay_fild10	112	379
warp	pay_fild09	16	91	payf13-1	pay_fild08	259	91
warp	pay_fild10	112	382	pay14-1	pay_fild09	112	19
warp	pay_fild10	16	290	payf12-1	pay_fild07	379	290
warp	pay_fild10	99	13	w1034	pay_fild10	148	252
file	npc/re/warps/fields/prontera_fild.txt
warp	prt_fild00	159	383	prtf007	mjolnir_07	156	19
warp	prt_fild00	165	18	prtf01	prt_fild04	158	384
warp	prt_fild00	18	129	prtf015	gef_fild00	376	140
warp	prt_fild00	317	18	prtf02	prt_fild04	323	384
warp	prt_fild00	383	249	prtf008	mjolnir_09	33	248
warp	prt_fild01	136	373	prtf030	prt_maze01	99	31
warp	prt_fild01	199	24	prtf001	prt_gld	159	295
warp	prt_fild01	20	292	prtf009	mjolnir_09	370	288
warp	prt_fild01	261	373	prtf010	mjolnir_10	265	16
warp	prt_fild01	380	243	prtf03	prt_fild02	20	242
warp	prt_fild01	382	304	prtf04	prt_fild02	20	305
warp	prt_fild01	382	351	prtf05	prt_fild02	20	350
warp	prt_fild01	66	373	prtf011	mjolnir_10	66	18
warp	prt_fild02	17	242	prtf03-1	prt_fild01	377	243
warp	prt_fild02	17	305	prtf04-1	prt_fild01	379	302
warp	prt_fild02	17	350	prtf05-1	prt_fild01	379	351
warp	prt_fild02	173	382	prtf012	mjolnir_11	174	23
warp	prt_fild02	305	17	prtf06	prt_fild06	277	315
warp	prt_fild02	380	347	prtf07	prt_fild03	23	249
warp	prt_fild03	16	249	prtf07-1	prt_fild02	373	353
warp	prt_fild03	371	256	prtf006	prt_monk	25	248
warp	prt_fild04	160	387	prtf01-1	prt_fild00	164	24
warp	prt_fild04	17	114	prtf016	gef_fild01	375	111
warp	prt_fild04	323	387	prtf02-1	prt_fild00	315	21
warp	prt_fild04	378	72	prtf08	prt_fild05	17	59
warp	prt_fild04	384	155	prtf09	prt_fild05	20	134
warp	prt_fild04	384	334	prtf10	prt_fild05	20	333
warp	prt_fild05	105	381	prtf013	mjolnir_09	106	34
warp	prt_fild05	13	63	prtf08-1	prt_fild04	374	73
warp	prt_fild05	134	14	prtf11	prt_fild07	129	374
warp	prt_fild05	14	141	prtf09-1	prt_fild04	380	158
warp	prt_fild05	15	333	prtf10-1	prt_fild04	380	332
warp	prt_fild05	255	14	prtf12	prt_fild07	248	369
warp	prt_fild05	292	385	prtf014	mjolnir_09	305	33
warp	prt_fild05	373	205	prtf002	prontera	26	203
warp	prt_fild06	23	193	prtf003	prontera	285	203
warp	prt_fild06	277	320	prtf06-1	prt_fild02	305	22
warp	prt_fild07	13	64	prtf017	gef_fild02	376	69
warp	prt_fild07	132	381	prtf11-1	prt_fild05	142	18
warp	prt_fild07	14	289	prtf018	gef_fild02	375	292
warp	prt_fild07	17	145	prtf019	gef_fild02	376	156
warp	prt_fild07	206	12	prtf13	prt_fild09	224	377
warp	prt_fild07	248	376	prtf12-1	prt_fild05	257	18
warp	prt_fild07	383	239	prtf14	prt_fild08	20	239
warp	prt_fild07	385	186	prtf15	prt_fild08	20	186
warp	prt_fild07	84	13	prtf16	prt_fild09	87	377
warp	prt_fild08	16	187	prtf15-1	prt_fild07	380	186
warp	prt_fild08	16	239	prtf14-1	prt_fild07	379	239
warp	prt_fild08	170	378	prtf004	prontera	156	26
warp	prt_fild08	233	16	prtf023	moc_fild01	238	378
warp	prt_fild08	55	21	prtf024	moc_fild01	56	380
warp	prt_fild09	14	124	prtf17	prt_fild10	336	126
warp	prt_fild09	14	139	prtf17-1	prt_fild10	336	126
warp	prt_fild09	224	380	prtf13-1	prt_fild07	206	15
warp	prt_fild09	383	223	prtf026	moc_fild01	25	242
warp	prt_fild09	383	251	prtf027	moc_fild01	25	242
warp	prt_fild09	87	380	prtf16-1	prt_fild07	84	16
warp	prt_fild10	20	122	prtf19	prt_fild11	359	111
warp	prt_fild10	20	196	prtf20	prt_fild11	358	184
warp	prt_fild10	227	299	prtf020	gef_fild02	266	21
warp	prt_fild10	339	126	prtf17-2	prt_fild09	17	133
warp	prt_fild11	17	281	prtf021	gef_fild11	374	293
warp	prt_fild11	302	301	prtf022	gef_fild03	312	19
warp	prt_fild11	361	184	prtf20-1	prt_fild10	23	196
warp	prt_fild11	362	111	prtf19-1	prt_fild10	23	122
warp	prt_fild08a	16	187	prtf15-1_a	prt_fild07	380	186
warp	prt_fild08b	16	187	prtf15-1_b	prt_fild07	380	186
warp	prt_fild08c	16	187	prtf15-1_c	prt_fild07	380	186
warp	prt_fild08d	16	187	prtf15-1_d	prt_fild07	380	186
warp	prt_fild08a	16	239	prtf14-1_a	prt_fild07	379	239
warp	prt_fild08b	16	239	prtf14-1_b	prt_fild07	379	239
warp	prt_fild08c	16	239	prtf14-1_c	prt_fild07	379	239
warp	prt_fild08d	16	239	prtf14-1_d	prt_fild07	379	239
warp	prt_fild08a	170	378	prtf004_a	prontera	156	26
warp	prt_fild08b	170	378	prtf004_b	prontera	156	26
warp	prt_fild08c	170	378	prtf004_c	prontera	156	26
warp	prt_fild08d	170	378	prtf004_d	prontera	156	26
warp	prt_fild08a	233	16	prtf023_a	moc_fild01	238	378
warp	prt_fild08b	233	16	prtf023_b	moc_fild01	238	378
warp	prt_fild08c	233	16	prtf023_c	moc_fild01	238	378
warp	prt_fild08d	233	16	prtf023_d	moc_fild01	238	378
warp	prt_fild08a	55	21	prtf024_a	moc_fild01	56	380
warp	prt_fild08b	55	21	prtf024_b	moc_fild01	56	380
warp	prt_fild08c	55	21	prtf024_c	moc_fild01	56	380
warp	prt_fild08d	55	21	prtf024_d	moc_fild01	56	380
warp	monk_in	128	46	monk03	monk_in	161	38
warp	monk_in	128	84	monk04	monk_in	161	90
warp	monk_in	159	38	monk03-1	monk_in	126	46
warp	monk_in	159	90	monk04-1	monk_in	126	84
warp	monk_in	40	38	monk05	monk_in	71	46
warp	monk_in	40	92	monk06	monk_in	71	84
warp	monk_in	69	46	monk05-1	monk_in	38	38
warp	monk_in	69	84	monk06-1	monk_in	38	92
warp	monk_in	98	186	monk02-1	prt_monk	245	139
warp	monk_in	98	27	monk01-1	prt_monk	245	104
warp	monk_in	99	102	monk07	monk_in	99	143
warp	monk_in	99	141	monk07-1	monk_in	99	100
warp	prt_monk	22	248	monk001	prt_fild03	368	256
warp	prt_monk	245	106	monk01	monk_in	98	30
warp	prt_monk	245	137	monk02	monk_in	98	183
file	npc/re/warps/fields/rachel_fild.txt
warp	ra_fild01	233	333	ra000	ice_dun01	157	15
warp	ra_fild01	306	38	ra001	ra_fild04	322	371
warp	ra_fild04	322	378	ra002	ra_fild01	306	43
warp	ra_fild04	362	351	ra003	ra_fild05	39	353
warp	ra_fild05	33	353	ra004	ra_fild04	356	351
warp	ra_fild04	263	54	ra007	ra_fild08	287	365
warp	ra_fild08	287	370	ra008	ra_fild04	263	60
warp	ra_fild04	23	176	ra011	ra_fild03	370	172
warp	ra_fild03	374	168	ra012	ra_fild04	29	176
warp	ra_fild05	348	274	ra013	ra_fild06	24	277
warp	ra_fild06	19	277	ra014	ra_fild05	341	273
warp	ra_fild06	294	21	ra015	lhz_fild01	296	376
warp	lhz_fild01	296	382	ra016	ra_fild06	298	25
warp	ra_fild12	36	225	ra017	rachel	270	125
warp	ra_fild08	165	29	ra018	ra_fild12	149	369
warp	ra_fild12	149	374	ra019	ra_fild08	165	36
warp	ra_fild11	360	226	ra022	rachel	30	125
warp	ra_fild11	21	290	ra023	ra_fild10	379	283
warp	ra_fild10	384	287	ra024	ra_fild11	28	290
file	npc/re/warps/fields/rockridge_fild.txt
warp	harboro1	362	206	harboro1#rockrdg1	rockrdg1	37	246
warp	rockrdg1	33	246	rockrdg1#harboro1	harboro1	358	206
warp	rockrdg1	371	206	rockrdg1#rockrdg2	rockrdg2	31	207
warp	rockrdg2	27	207	rockrdg2#rockrdg1	rockrdg1	367	206
file	npc/re/warps/fields/veins_fild.txt
warp	ve_fild01	366	267	ve_fild1-1	ve_fild02	36	263
warp	ve_fild01	184	20	ve_fild1-2	ve_fild04	174	334
warp	ve_fild01	350	92	ve_fild1-5	ve_fild02	78	133
warp	ve_fild02	195	382	ve_fild2-3	rachel	130	25
warp	ve_fild02	31	263	ve_fild2-4	ve_fild01	361	267
warp	ve_fild02	73	133	ve_fild2-5	ve_fild01	345	92
warp	ve_fild03	355	223	ve_fild3-1	ve_fild04	49	249
warp	ve_fild04	174	339	ve_fild4-1	ve_fild01	184	25
warp	ve_fild04	44	249	ve_fild4-2	ve_fild03	350	220
warp	ve_fild04	115	50	ve_fild4-3	ve_fild06	80	183
warp	ve_fild06	153	220	ve_fild6-1	veins	218	355
warp	ve_fild07	147	371	ve_fild7-1	veins	146	28
warp	ve_fild06	81	177	VeF06S_VeF04S	ve_fild04	115	55
file	npc/re/warps/fields/yuno_fild.txt
warp	yuno_fild02	18	337	yunfild03	yuno_fild03	381	331
warp	yuno_fild03	383	331	yunfild03-1	yuno_fild02	20	337
warp	yuno_fild03	19	79	yunfild04	yuno_fild04	373	84
warp	yuno_fild04	375	84	yunfild04-1	yuno_fild03	21	79
warp	yuno_fild03	20	155	yunfild05	yuno_fild04	373	150
warp	yuno_fild04	375	150	yunfild05-1	yuno_fild03	22	155
warp	yuno_fild04	231	288	yunfild-yun	yuno	158	17
warp	yuno_fild03	32	139	yunfild-mag01	mag_dun01	126	68
warp	yuno_fild01	26	246	newjun01	yuno_fild12	373	239
warp	yuno_fild12	375	239	newjun01a	yuno_fild01	28	246
warp	yuno_fild12	23	338	newjun02	yuno_fild11	366	361
warp	yuno_fild11	368	361	newjun02a	yuno_fild12	25	338
warp	yuno_fild12	24	225	newjun03	yuno_fild11	363	218
warp	yuno_fild11	365	218	newjun03a	yuno_fild12	24	227
warp	yuno_fild07	92	12	newjun04	yuno_fild11	92	369
warp	yuno_fild11	92	371	newjun04a	yuno_fild07	92	14
warp	yuno_fild12	193	371	newjun05	yuno_fild08	143	21
warp	yuno_fild08	145	21	newjun05a	yuno_fild12	195	371
warp	yuno_fild01	70	378	newjun06	yuno_fild09	70	19
warp	yuno_fild09	70	17	newjun06a	yuno_fild01	70	376
warp	yuno_fild01	286	368	newjun07	yuno_fild09	280	30
warp	yuno_fild09	280	28	newjun07a	yuno_fild01	286	366
warp	yuno_fild09	19	194	newjun08	yuno_fild08	374	193
warp	yuno_fild08	376	193	newjun08a	yuno_fild09	21	194
warp	yuno_fild08	20	278	newjun09	yuno_fild07	352	291
warp	yuno_fild07	354	291	newjun09a	yuno_fild08	22	278
warp	yuno_fild08	31	58	newjun10	yuno_fild07	358	72
warp	yuno_fild07	360	72	newjun10a	yuno_fild08	33	58
warp	yuno_fild07	179	354	newjun11	yuno_fild03	179	17
warp	yuno_fild03	179	15	newjun11a	yuno_fild07	179	352
warp	yuno_fild08	74	376	newjun12	yuno_fild02	70	25
warp	yuno_fild02	70	23	newjun12a	yuno_fild08	74	374
warp	yuno_fild08	286	386	newjun13	yuno_fild02	294	26
warp	yuno_fild02	294	24	newjun13a	yuno_fild08	286	384
warp	aldebaran	140	244	alde-yunfild	yuno_fild01	208	19
warp	yuno_fild01	208	17	yunfild-alde	aldebaran	140	242
warp	yuno_fild06	214	27	hu002	yuno_fild03	215	375
warp	yuno_fild03	215	382	hu002a	yuno_fild06	218	33
warp	yuno_fild06	369	132	hu003	hu_fild04	34	126
warp	hu_fild04	27	126	hu003a	yuno_fild06	362	132
warp	hu_fild04	122	27	hu004	yuno_fild02	114	370
warp	yuno_fild02	117	375	hu004a	hu_fild04	122	35
warp	yuno_fild06	151	370	hu005	hu_fild01	135	42
warp	hu_fild01	141	36	hu005a	yuno_fild06	156	368
warp	hu_fild04	380	183	hu006	hu_fild05	39	206
warp	hu_fild05	33	198	hu006a	hu_fild04	373	181
file	npc/re/warps/guildcastles.txt
warp	prt_gld	159	24	prt_cas_D#prt_cas_C	prt_cas	82	171
warp	gld2_prt	10	22	dun2prt_to_gld	prt_gld	252	247
warp	gld2_prt	14	252	dun2prt_to_gld#2	prt_gld	63	66
warp	gld2_prt	266	236	dun2prt_to_gld#3	prt_gld	252	247
warp	gld2_prt	226	21	dun2prt_to_gld#4	prt_gld	63	66
warp	gld2_prt	103	11	dun2prt_to_gld#5	prt_gld	252	247
warp	gld_dun03_2	238	274	gdun03a_prtg#abyss	prt_gld	252	247
warp	gld_dun03_2	42	30	gdun03b_prtg#abyss	prt_gld	63	66
warp	gld2_pay	33	105	dun2pay_to_gld	pay_gld	53	141
warp	gld2_pay	119	21	dun2pay_to_gld#2	pay_gld	53	141
warp	gld2_pay	205	105	dun2pay_to_gld#3	pay_gld	53	141
warp	gld2_pay	175	215	dun2pay_to_gld#4	pay_gld	53	141
warp	gld2_pay	61	215	dun2pay_to_gld#5	pay_gld	53	141
warp	gld_dun01_2	119	14	gdun01_payg#abyss	pay_gld	53	141
warp	gld2_gef	28	205	dun2gef_to_gld	gef_fild13	42	331
warp	gld2_gef	221	145	dun2gef_to_gld#2	gef_fild13	373	62
warp	gld2_gef	175	198	dun2gef_to_gld#3	gef_fild13	42	331
warp	gld2_gef	25	68	dun2gef_to_gld#4	gef_fild13	373	62
warp	gld2_gef	111	35	dun2gef_to_gld#5	gef_fild13	42	331
warp	gld_dun04_2	37	230	gdun04_g13a#abyss	gef_fild13	42	331
warp	gld_dun04_2	110	20	gdun04_g13b#abyss	gef_fild13	373	62
warp	gld2_ald	172	46	dun2gef_to_gld#6	alde_gld	242	121
warp	gld2_ald	77	58	dun2gef_to_gld#7	alde_gld	229	185
warp	gld2_ald	46	122	dun2gef_to_gld#8	alde_gld	242	121
warp	gld2_ald	104	250	dun2gef_to_gld#9	alde_gld	229	185
warp	gld2_ald	247	156	dun2gef_to_gld#10	alde_gld	242	121
warp	gld_dun02_2	20	160	gdun02a_aldega#abyss	alde_gld	229	185
warp	gld_dun02_2	180	112	gdun02b_aldegb#abyss	alde_gld	242	121
warp	prt_gld	120	153	to_gloria	te_prt_gld	120	149
warp	te_prt_gld	120	153	to_valkyrie	prt_gld	120	149
warp	alde_gld	225	188	to_kafragarten	te_alde_gld	228	185
warp	te_alde_gld	225	188	to_luina	alde_gld	228	185
warp	te_prtcas01	103	32	prtg-1-01_prtg-1#te	te_prt_gld	134	65
warp	te_prtcas01	57	19	prtg-1-02_prtg-1-07#te	te_prtcas01	80	49
warp	te_prtcas01	41	34	prtg-1-03_prtg-1-08#te	te_prtcas01	40	47
warp	te_prtcas01	37	54	prtg-1-04_prtg-1-13#te	te_prtcas01	192	119
warp	te_prtcas01	71	54	prtg-1-05_prtg-1-12#te	te_prtcas01	192	65
warp	te_prtcas01	51	70	prtg-1-06_prtg-1-11#te	te_prtcas01	202	92
warp	te_prtcas01	84	49	prtg-1-07_prtg-1-02#te	te_prtcas01	61	19
warp	te_prtcas01	37	47	prtg-1-08_prtg-1-03#te	te_prtcas01	45	34
warp	te_prtcas01	62	34	prtg-1-09_prtg-1-13#te	te_prtcas01	192	119
warp	te_prtcas01	84	19	prtg-1-010_prtg-1-12#te	te_prtcas01	192	65
warp	te_prtcas01	206	92	prtg-1-11_prtg-1-06#te	te_prtcas01	55	70
warp	te_prtcas01	196	65	prtg-1-12_prtg-1-05#te	te_prtcas01	75	54
warp	te_prtcas01	196	119	prtg-1-13_prtg-1-04#te	te_prtcas01	40	54
warp	te_prtcas01	147	120	prtg-1-14_prtg-1-21#te	te_prtcas01	75	187
warp	te_prtcas01	75	183	prtg-1-21_prtg-1-14#te	te_prtcas01	147	116
warp	te_prtcas01	109	163	prtg-1-22_prtg-1-31#te	te_prtcas01	202	183
warp	te_prtcas01	206	183	prtg-1-31_prtg-1-22#te	te_prtcas01	113	163
warp	te_prtcas02	43	233	prtg-2-01_prtg-2#te	te_prt_gld	240	128
warp	te_prtcas02	88	215	prtg-2-02_prtg-2-22#te	te_prtcas02	206	41
warp	te_prtcas02	53	202	prtg-2-03_prtg-2-21#te	te_prtcas02	165	41
warp	te_prtcas02	64	164	prtg-2-04_prtg-2-12#te	te_prtcas02	98	25
warp	te_prtcas02	35	183	prtg-2-05_prtg-2-11#te	te_prtcas02	71	82
warp	te_prtcas02	71	86	prtg-2-11_prtg-2-05#te	te_prtcas02	35	187
warp	te_prtcas02	98	21	prtg-2-12_prtg-2-04#te	te_prtcas02	64	168
warp	te_prtcas02	45	21	prtg-2-13_prtg-2-24#te	te_prtcas02	203	25
warp	te_prtcas02	161	41	prtg-2-21_prtg-2-03#te	te_prtcas02	57	202
warp	te_prtcas02	210	41	prtg-2-22_prtg-2-02#te	te_prtcas02	84	215
warp	te_prtcas02	184	44	prtg-2-23_prtg-2-31#te	te_prtcas02	157	140
warp	te_prtcas02	203	21	prtg-2-24_prtg-2-13#te	te_prtcas02	45	25
warp	te_prtcas02	157	135	prtg-2-31_prtg-2-23#te	te_prtcas02	184	40
warp	te_prtcas03	178	85	prtg-3-01_prtg-3-12#te	te_prtcas03	82	73
warp	te_prtcas03	191	55	prtg-3-02_prtg-3-22#te	te_prtcas03	190	233
warp	te_prtcas03	168	8	prtg-3-03_prtg-3#te	te_prt_gld	153	137
warp	te_prtcas03	172	44	prtg-3-04_prtg-3-14#te	te_prtcas03	10	78
warp	te_prtcas03	165	59	prtg-3-05_prtg-3-13#te	te_prtcas03	45	47
warp	te_prtcas03	45	120	prtg-3-11_prtg-3-23#te	te_prtcas03	164	177
warp	te_prtcas03	86	73	prtg-3-12_prtg-3-01#te	te_prtcas03	178	81
warp	te_prtcas03	45	43	prtg-3-13_prtg-3-05#te	te_prtcas03	165	54
warp	te_prtcas03	6	78	prtg-3-14_prtg-3-04#te	te_prtcas03	176	44
warp	te_prtcas03	169	235	prtg-3-21_prtg-3-31#te	te_prtcas03	11	200
warp	te_prtcas03	194	233	prtg-3-22_prtg-3-02#te	te_prtcas03	191	59
warp	te_prtcas03	164	173	prtg-3-23_prtg-3-11#te	te_prtcas03	45	117
warp	te_prtcas03	7	200	prtg-3-31_prtg-3-21#te	te_prtcas03	169	231
warp	te_prtcas04	48	48	prtg-4-01_prtg-4-15#te	te_prtcas04	10	233
warp	te_prtcas04	63	30	prtg-4-02_prtg-4-14#te	te_prtcas04	34	229
warp	te_prtcas04	86	9	prtg-4-03_prtg-3#te	te_prt_gld	111	240
warp	te_prtcas04	32	28	prtg-4-04_prtg-4-16#te	te_prtcas04	11	254
warp	te_prtcas04	42	13	prtg-4-05_prtg-4-12#te	te_prtcas04	56	254
warp	te_prtcas04	54	25	prtg-4-06_prtg-4-13#te	te_prtcas04	56	233
warp	te_prtcas04	34	290	prtg-4-11_prtg-4-21#te	te_prtcas04	238	261
warp	te_prtcas04	60	254	prtg-4-12_prtg-4-05#te	te_prtcas04	42	17
warp	te_prtcas04	56	229	prtg-4-13_prtg-4-06#te	te_prtcas04	54	29
warp	te_prtcas04	34	225	prtg-4-14_prtg-4-02#te	te_prtcas04	63	26
warp	te_prtcas04	10	229	prtg-4-15_prtg-4-01#te	te_prtcas04	48	44
warp	te_prtcas04	7	254	prtg-4-16_prtg-4-04#te	te_prtcas04	32	32
warp	te_prtcas04	238	257	prtg-4-21_prtg-4-11#te	te_prtcas04	34	286
warp	te_prtcas04	247	258	prtg-4-22_prtg-4-31#te	te_prtcas04	255	14
warp	te_prtcas04	251	14	prtg-4-31_prtg-4-22#te	te_prtcas04	247	254
warp	te_prtcas05	38	250	prtg-5-01_prtg-5-14#te	te_prtcas05	244	7
warp	te_prtcas05	76	242	prtg-5-02_prtg-5-13#te	te_prtcas05	288	13
warp	te_prtcas05	66	225	prtg-5-03_prtg-5-12#te	te_prtcas05	260	92
warp	te_prtcas05	17	231	prtg-5-04_prtg-5#te	te_prt_gld	208	240
warp	te_prtcas05	53	246	prtg-5-05_prtg-5-15#te	te_prtcas05	199	13
warp	te_prtcas05	228	96	prtg-5-11_prtg-5-21#te	te_prtcas05	26	7
warp	te_prtcas05	260	96	prtg-5-12_prtg-5-03#te	te_prtcas05	66	229
warp	te_prtcas05	292	13	prtg-5-13_prtg-5-02#te	te_prtcas05	76	246
warp	te_prtcas05	244	3	prtg-5-14_prtg-5-01#te	te_prtcas05	35	247
warp	te_prtcas05	195	13	prtg-5-15_prtg-5-05#te	te_prtcas05	55	248
warp	te_prtcas05	26	3	prtg-5-21_prtg-5-11#te	te_prtcas05	228	92
warp	te_prtcas05	58	7	prtg-5-22_prtg-5-31#te	te_prtcas05	253	290
warp	te_prtcas05	253	294	prtg-5-31_prtg-5-22#te	te_prtcas05	58	11
warp	te_aldecas1	34	252	aldeg-1-1_aldeg-1#te	te_alde_gld	48	83
warp	te_aldecas1	50	222	aldeg-1-2_aldeg-1-6#te	te_aldecas1	104	108
warp	te_aldecas1	66	191	aldeg-1-3_aldeg-1-7#te	te_aldecas1	122	61
warp	te_aldecas1	26	188	aldeg-1-4_aldeg-1-10#te	te_aldecas1	50	70
warp	te_aldecas1	70	112	aldeg-1-5_aldeg-1-18#te	te_aldecas1	42	225
warp	te_aldecas1	104	112	aldeg-1-6_aldeg-1-2#te	te_aldecas1	45	224
warp	te_aldecas1	126	61	aldeg-1-7_aldeg-1-3#te	te_aldecas1	62	191
warp	te_aldecas1	89	23	aldeg-1-8_aldeg-1-13#te	te_aldecas1	207	132
warp	te_aldecas1	54	27	aldeg-1-9_aldeg-1-3#te	te_aldecas1	62	191
warp	te_aldecas1	46	70	aldeg-1-10_aldeg-1-4#te	te_aldecas1	24	188
warp	te_aldecas1	206	188	aldeg-1-11_aldeg-1-15#te	te_aldecas1	216	50
warp	te_aldecas1	232	186	aldeg-1-12_aldeg-1-16#te	te_aldecas1	42	197
warp	te_aldecas1	207	128	aldeg-1-13_aldeg-1-8#te	te_aldecas1	89	27
warp	te_aldecas1	171	175	aldeg-1-14_aldeg-1-17#te	te_aldecas1	35	197
warp	te_aldecas1	216	54	aldeg-1-15_aldeg-1-11#te	te_aldecas1	206	184
warp	te_aldecas1	46	197	aldeg-1-16_aldeg-1-12#te	te_aldecas1	232	182
warp	te_aldecas1	31	197	aldeg-1-17_aldeg-1-14#te	te_aldecas1	175	175
warp	te_aldecas1	39	222	aldeg-1-18_aldeg-1-5#te	te_aldecas1	70	108
warp	te_aldecas2	88	159	aldeg-2-1_aldeg-2#te	te_alde_gld	95	249
warp	te_aldecas2	84	208	aldeg-2-2_aldeg-2-10#te	te_aldecas2	105	84
warp	te_aldecas2	50	185	aldeg-2-3_aldeg-2-12#te	te_aldecas2	192	192
warp	te_aldecas2	33	174	aldeg-2-4_aldeg-2-8#te	te_aldecas2	126	61
warp	te_aldecas2	22	194	aldeg-2-5_aldeg-2-6#te	te_aldecas2	88	13
warp	te_aldecas2	88	9	aldeg-2-6_aldeg-2-5#te	te_aldecas2	22	190
warp	te_aldecas2	45	39	aldeg-2-7_aldeg-2-2#te	te_aldecas2	79	208
warp	te_aldecas2	130	61	aldeg-2-8_aldeg-2-4#te	te_aldecas2	33	179
warp	te_aldecas2	121	88	aldeg-2-9_aldeg-2-11#te	te_aldecas2	177	135
warp	te_aldecas2	105	88	aldeg-2-10_aldeg-2-2#te	te_aldecas2	79	208
warp	te_aldecas2	177	131	aldeg-2-11_aldeg-2-9#te	te_aldecas2	121	84
warp	te_aldecas2	192	196	aldeg-2-12_aldeg-2-3#te	te_aldecas2	50	180
warp	te_aldecas2	206	196	aldeg-2-13_aldeg-2-14#te	te_aldecas2	197	13
warp	te_aldecas2	197	9	aldeg-2-14_aldeg-2-13#te	te_aldecas2	206	192
warp	te_aldecas3	114	290	aldeg-3-1_aldeg-3#te	te_alde_gld	142	85
warp	te_aldecas3	92	217	aldeg-3-2_aldeg-3-6#te	te_aldecas3	127	90
warp	te_aldecas3	87	247	aldeg-3-3_aldeg-3-7#te	te_aldecas3	54	90
warp	te_aldecas3	44	222	aldeg-3-4_aldeg-3-13#te	te_aldecas3	213	182
warp	te_aldecas3	91	57	aldeg-3-5_aldeg-3-14#te	te_aldecas3	60	236
warp	te_aldecas3	130	90	aldeg-3-6_aldeg-3-2#te	te_aldecas3	96	215
warp	te_aldecas3	51	90	aldeg-3-7_aldeg-3-3#te	te_aldecas3	87	251
warp	te_aldecas3	93	124	aldeg-3-8_aldeg-3-3#te	te_aldecas3	87	251
warp	te_aldecas3	79	130	aldeg-3-9_aldeg-3-10#te	te_aldecas3	201	149
warp	te_aldecas3	201	145	aldeg-3-10_aldeg-3-9#te	te_aldecas3	79	126
warp	te_aldecas3	199	190	aldeg-3-11_aldeg-3-12#te	te_aldecas3	195	51
warp	te_aldecas3	195	54	aldeg-3-12_aldeg-3-11#te	te_aldecas3	199	186
warp	te_aldecas3	214	186	aldeg-3-13_aldeg-3-4#te	te_aldecas3	49	222
warp	te_aldecas3	60	241	aldeg-3-14_aldeg-3-5#te	te_aldecas3	91	61
warp	te_aldecas4	145	17	aldeg-4-1_aldeg-4#te	te_alde_gld	239	242
warp	te_aldecas4	197	40	aldeg-4-2_aldeg-4-9#te	te_aldecas4	26	88
warp	te_aldecas4	175	54	aldeg-4-3_aldeg-4-8#te	te_aldecas4	74	88
warp	te_aldecas4	185	87	aldeg-4-4_aldeg-4-14#te	te_aldecas4	111	210
warp	te_aldecas4	171	100	aldeg-4-5_aldeg-4-13#te	te_aldecas4	152	210
warp	te_aldecas4	196	86	aldeg-4-6_aldeg-4-7#te	te_aldecas4	49	57
warp	te_aldecas4	49	53	aldeg-4-7_aldeg-4-6#te	te_aldecas4	196	82
warp	te_aldecas4	78	88	aldeg-4-8_aldeg-4-3#te	te_aldecas4	174	58
warp	te_aldecas4	22	88	aldeg-4-9_aldeg-4-2#te	te_aldecas4	192	41
warp	te_aldecas4	50	132	aldeg-4-10_aldeg-4-8#te	te_aldecas4	74	88
warp	te_aldecas4	21	123	aldeg-4-11_aldeg-4-12#te	te_aldecas4	125	168
warp	te_aldecas4	121	168	aldeg-4-12_aldeg-4-11#te	te_aldecas4	25	123
warp	te_aldecas4	156	210	aldeg-4-13_aldeg-4-5#te	te_aldecas4	169	97
warp	te_aldecas4	108	210	aldeg-4-14_aldeg-4-4#te	te_aldecas4	186	92
warp	te_aldecas4	132	209	aldeg-4-16_aldeg-4-17#te	te_aldecas4	14	196
warp	te_aldecas4	17	196	aldeg-4-17_aldeg-4-15#te	te_aldecas4	132	228
warp	te_aldecas5	216	107	aldeg-5-1_aldeg-5#te	te_alde_gld	264	90
warp	te_aldecas5	194	71	aldeg-5-3_aldeg-5-13#te	te_aldecas5	129	194
warp	te_aldecas5	164	86	aldeg-5-4_aldeg-5-10#te	te_aldecas5	66	189
warp	te_aldecas5	150	67	aldeg-5-5_aldeg-5-9#te	te_aldecas5	9	187
warp	te_aldecas5	188	49	aldeg-5-6_aldeg-5-14#te	te_aldecas5	165	228
warp	te_aldecas5	195	42	aldeg-5-7_aldeg-5-8#te	te_aldecas5	19	227
warp	prt_gld	159	298	prtg01_NorthField#te	prt_fild01	199	30
warp	te_aldecas5	15	227	aldeg-5-8_aldeg-5-7#te	te_aldecas5	195	46
warp	te_aldecas5	5	187	aldeg-5-9_aldeg-5-5#te	te_aldecas5	151	62
warp	te_aldecas5	70	189	aldeg-5-10_aldeg-5-4#te	te_aldecas5	166	81
warp	te_aldecas5	13	175	aldeg-5-11_aldeg-5-12#te	te_aldecas5	162	194
warp	te_aldecas5	166	194	aldeg-5-12_aldeg-5-11#te	te_aldecas5	13	179
warp	te_aldecas5	125	194	aldeg-5-13_aldeg-5-3#te	te_aldecas5	199	70
warp	te_aldecas5	165	232	aldeg-5-14_aldeg-5-6#te	te_aldecas5	193	49
warp	te_aldecas5	156	231	aldeg-5-15_aldeg-5-16#te	te_aldecas5	18	88
warp	te_aldecas5	14	88	aldeg-5-16_aldeg-5-15#te	te_aldecas5	156	227
warp	teg_dun01	238	274	teg_dun01a_prtg#te	te_prt_gld	252	247
warp	teg_dun01	42	30	teg_dun01b_prtg#te	te_prt_gld	63	66
warp	teg_dun02	20	160	teg_dun02a_aldega#te	te_alde_gld	229	185
warp	teg_dun02	180	112	teg_dun02b_aldegb#te	te_alde_gld	242	121
file	npc/re/warps/other/arena.txt
warp	izlude	213	161	welcome_arena	arena_room	100	30
warp	izlude_a	213	161	welcome_arena_a	arena_room	100	30
warp	izlude_b	213	161	welcome_arena_b	arena_room	100	30
warp	izlude_c	213	161	welcome_arena_c	arena_room	100	30
warp	izlude_d	213	161	welcome_arena_d	arena_room	100	30
warp	arena_room	99	24	bye_arena	izlude	209	161
file	npc/re/warps/other/ba_2whs.txt
warp	ba_maison	305	322	#ep172_2whs01_in	ba_2whs01	156	32
warp	ba_2whs01	156	29	#ep172_2whs01_out	ba_maison	305	319
warp	ba_2whs02	337	337	#ep172_2whs02_out	ba_2whs01	275	291
warp	ba_2whs02	63	300	#172wh01_	ba_2whs02	69	300
warp	ba_2whs02	63	325	#ba2whslab_to_ba2whs02-1	ba_2whs02	69	325
file	npc/re/warps/other/ba_maison.txt
warp	ba_maison	78	146	#ep172_lab2_in	ba_in01	15	321
warp	ba_in01	24	306	#ep172_lab_to_pw1	ba_pw01	91	288
warp	ba_maison	99	65	#ep172_tearoom_in	ba_in01	223	116
warp	ba_in01	226	116	#ep172_tearoom_out	ba_maison	103	65
warp	ba_in01	32	144	#ep173_room_out	ba_in01	35	144
warp	ba_maison	103	323	#ep172_sroom1_in	ba_in01	37	137
warp	ba_in01	37	134	#ep172_sroom1_out	ba_maison	100	320
warp	ba_maison	87	324	#ep172_sroom2_in	ba_in01	39	9
warp	ba_in01	39	6	#ep172_sroom2_out	ba_maison	90	321
warp	ba_in01	37	210	#guesthouse_to_guesthouse2-0	ba_in01	125	207
warp	ba_in01	125	210	#guesthouse2_to_guesthouse-0	ba_in01	37	207
warp	ba_in01	39	106	#guesthouse_to_guesthouse2-1	ba_in01	133	100
warp	ba_in01	133	104	#guesthouse2_to_guesthouse-1	ba_in01	39	102
warp	ba_maison	53	131	#ep172_hall_in	ba_in01	234	35
warp	ba_in01	237	35	#ep172_hall_out	ba_maison	56	130
warp	ba_in01	199	347	#ep172_room03_in	ba_in01	279	194
warp	ba_in01	276	194	#ep172_room03_out	ba_in01	197	347
warp	ba_in01	341	371	#ep172_room02_in	ba_in01	375	101
warp	ba_in01	375	98	#ep172_room02_out	ba_in01	341	368
warp	ba_maison	197	279	#ep172_in01_in	ba_in01	271	269
warp	ba_in01	271	265	#ep172_main_out	ba_maison	197	274
warp	ba_in01	255	354	#ep172_lobby_to_hallway	ba_in01	307	34
warp	ba_in01	307	31	#ep172_hallway_to_lobby	ba_in01	255	351
warp	ba_in01	60	255	#ep172_proom1_out	ba_maison	33	222
warp	ba_in01	10	255	#ep172_proom2_out_	ba_maison	33	222
warp	ba_maison	197	105	#ep173_library_in	ba_in01	211	163
warp	ba_in01	211	160	#ep172_library_out	ba_maison	197	102
warp	ba_lib	159	4	#ep173_lib_dun_out	ba_in01	211	178
warp	ba_maison	140	96	#ep172_restaurant_a_in	ba_in01	80	367
warp	ba_maison	140	108	#ep172_restaurant_a_in_	ba_in01	23	375
warp	ba_in01	23	372	#ep172_restaurant_a_out	ba_maison	137	108
warp	ba_in01	80	364	#ep172_restaurant_a_out_	ba_maison	137	96
warp	ba_in01	35	383	#ep172_restaurant_atob	ba_in01	69	381
warp	ba_in01	66	381	#ep172_restaurant_btoa	ba_in01	32	383
warp	ba_maison	88	272	#ep172_pw03_in	ba_pw03	13	115
warp	ba_pw03	10	115	#ep172_pw03_out	ba_maison	88	268
warp	ba_in01	387	38	#ep172_bath_in	ba_bath	159	26
warp	ba_bath	159	22	#ep172_bath_out	ba_in01	382	38
warp	ba_lost	162	33	#ep172_lost_out	ba_maison	311	203
warp	ba_in01	357	303	#ep172_room01_in	ba_in01	295	101
warp	ba_in01	295	98	#ep172_room01_out	ba_in01	357	300
warp	ba_in01	367	290	#ep172_diningRoom_in	ba_in01	360	194
warp	ba_in01	356	194	#ep172_diningRoom_out	ba_in01	364	290
file	npc/re/warps/other/ba_pw.txt
warp	ba_pw01	10	115	#ep172_pw1_to_pw2	ba_pw02	10	149
warp	ba_pw02	275	15	#ep172_pw2_to_cor	sp_cor	257	285
file	npc/re/warps/other/dimensional_gap.txt
warp	dali	149	82	dg001	mid_camp	210	289
warp	dali	122	48	dg002	moc_fild22b	227	200
warp	dali	38	87	dg003	bif_fild01	318	155
warp	dali	34	139	dg004	dic_fild02	237	32
warp	dali	64	129	#dali_to_dali02	dali02	66	101
warp	dali02	66	97	#dali02_to_dali	dali	64	125
file	npc/re/warps/other/jobquests.txt
warp	job_knt	89	98	knt_out	prt_in	77	99
warp	job_wiz	49	154	wiz_out	gef_tower	108	29
warp	job_sage	55	154	sage_out	yuno_in03	169	171
warp	job3_arch01	29	24	#archout	odin_tem02	282	263
warp	veins	257	256	#gate_to_guil01	job3_guil01	9	93
warp	job3_guil01	6	93	#gate_to_guil02	veins	254	255
warp	job3_guil01	18	48	#gate_to_guil03	job3_guil01	68	91
warp	job3_guil01	67	95	#gate_to_guil04	job3_guil01	18	53
warp	job3_guil01	65	50	#gate_to_guil06	job3_guil01	83	77
warp	job3_guil01	11	4	#gate_to_guil08	job3_guil01	51	50
warp	job3_guil01	79	27	#gate_to_guil10	job3_guil01	51	50
warp	job3_guil01	143	61	#gate_to_guil11	job3_guil01	51	50
warp	lighthalzen	52	132	#lighttogen	job3_gen01	45	50
warp	job3_gen01	49	49	#gentolight	lighthalzen	54	132
warp	job3_gen01	7	59	#from1to2gen	job3_gen01	72	52
warp	job3_gen01	71	56	#from2to1gen	job3_gen01	11	60
warp	job3_sha01	71	19	shadowc1	tha_t01	149	224
file	npc/re/warps/other/paradise.txt
warp	moc_para01	57	27	#warp_2_pub	moc_para01	162	26
warp	moc_para01	158	26	#warp_2_din_1	moc_para01	55	27
warp	moc_para01	48	16	#warp_2_2f	moc_para01	48	164
warp	moc_para01	47	161	#warp_2_1f	moc_para01	47	18
warp	moc_para01	107	12	#warp_2_din_2	moc_para01	47	37
warp	moc_para01	100	27	#warp_2_gym	moc_para01	47	85
warp	moc_para01	49	86	#warp_2_pass_1	moc_para01	103	27
warp	moc_para01	113	32	#warp_2_ware	moc_para01	105	92
warp	moc_para01	102	92	#warp_2_pass_2	moc_para01	109	33
warp	moc_para01	41	187	#warp_2_room2	moc_para01	179	93
warp	moc_para01	179	90	#warp_2_2fhall_3	moc_para01	41	185
warp	moc_para01	17	187	#warp_2_bossroom	moc_para01	132	159
warp	moc_para01	132	156	#warp_2_2fhall_1	moc_para01	17	185
warp	moc_para01	29	187	#warp_2_room1	moc_para01	180	159
warp	moc_para01	180	156	#warp_2_2fhall_2	moc_para01	29	185
file	npc/re/warps/other/s_workshop.txt
warp	rachel	180	115	s_atelier0001	s_atelier	131	72
warp	s_atelier	131	75	s_atelier0002	rachel	180	118
warp	s_atelier	117	71	s_atelier0003	s_atelier	169	72
warp	s_atelier	166	72	s_atelier0004	s_atelier	117	68
warp	prontera	272	108	s_atelier0005	s_atelier	13	119
warp	s_atelier	9	119	s_atelier0006	prontera	269	108
warp	s_atelier	31	128	s_atelier0007	s_atelier	76	125
warp	s_atelier	76	128	s_atelier0008	s_atelier	28	128
warp	s_atelier	19	79	s_atelier0009	lighthalzen	41	58
warp	lighthalzen	41	52	s_atelier0010	s_atelier	18	72
warp	s_atelier	32	65	s_atelier0011	s_atelier	80	59
warp	s_atelier	80	66	s_atelier0012	s_atelier	32	56
warp	s_atelier	109	129	s_atelier0013	s_atelier	159	125
warp	s_atelier	160	130	s_atelier0014	s_atelier	114	129
warp	yuno	278	66	s_atelier0015	s_atelier	111	122
warp	s_atelier	107	122	s_atelier0016	yuno	274	66
file	npc/re/warps/other/sign.txt
warp	cmd_in01	17	34	sign01	comodo	187	164
warp	geffen	140	99	sign02	geffen_in	165	50
warp	geffen_in	165	54	sign02a	geffen	138	104
warp	himinn	49	6	sign03	gef_fild07	179	241
warp	himinn	49	67	sign04	himinn	49	75
warp	himinn	49	72	sign04a	himinn	49	63
warp	um_in	33	18	sign05	um_in	89	11
warp	um_in	89	9	sign05a	um_in	33	16
warp	umbala	107	118	sign06	um_in	15	20
warp	um_in	11	18	sign06a	umbala	111	121
warp	que_sign01	113	132	sign07	nif_in	117	173
warp	que_sign01	45	15	sign08	niflheim	146	245
warp	que_sign02	22	313	sign09	niflheim	30	156
file	npc/re/warps/other/special_border_area.txt
warp	sp_cor	162	41	sp_cor_to_sp_os	sp_os	260	357
warp	sp_os	188	30	sp_os_exit	ein_fild03	284	267
file	npc/re/warps/other/un_myst.txt
warp	un_myst	124	189	#m101	un_myst	171	197
warp	un_myst	171	183	#m102	un_myst	259	200
warp	un_bunker	387	79	#room_out_	un_bunker	300	166
warp	un_myst	108	38	#way	un_myst	209	33
file	npc/re/warps/other/verus.txt
warp	verus04	204	163	fr_ver04_to_tun	ver_tunn	13	35
warp	verus04	121	267	fr_ver04_to_ver03_1	verus03	121	20
warp	verus04	44	267	fr_ver04_to_ver03_2	verus03	44	20
warp	verus01	247	58	verus01_to_verus03	verus03	55	251
warp	verus02	72	16	verus02_to_verus03	verus03	169	255
warp	verus03	122	17	fr_ver03_to_ver04_1	verus04	121	264
warp	verus03	44	17	fr_ver03_to_ver04_2	verus04	44	264
warp	juperos_01	245	87	fr_ju_to_eju	ver_eju	13	148
warp	ver_eju	10	148	fr_eju_to_ju	juperos_01	242	87
warp	ver_eju	107	36	fr_eju_to_tun	ver_tunn	84	82
warp	ver_tunn	84	86	fr_tun_to_eju	ver_eju	113	38
warp	ver_tunn	10	36	fr_tun_to_ver04	verus04	202	165
warp	lhz_in01	276	238	in_to_out#e152i02	lhz_in01	276	230
warp	un_bunker	98	85	#bunker_out	verus01	115	190
warp	un_bunker	41	275	MechanicalRoom#b_J-0	un_bunker	21	276
warp	un_bunker	24	276	J-0#b_MechanicalRoom	un_bunker	45	275
warp	un_bunker	24	256	J-0#b_L-1	un_bunker	26	190
warp	un_bunker	23	190	L-1#b_J-0	un_bunker	21	256
warp	un_bunker	31	196	L-1#b_D-1	un_bunker	22	378
warp	un_bunker	21	375	D-1#b_L-1	un_bunker	32	193
warp	un_bunker	51	196	L-1#b_D-2	un_bunker	68	378
warp	un_bunker	67	375	D-2#b_L-1	un_bunker	52	193
warp	un_bunker	60	183	L-1#b_ControlRoom	un_bunker	75	235
warp	un_bunker	71	236	ControlRoom#b_L-1	un_bunker	57	182
warp	un_bunker	60	169	L-1#b_Monitoring room	un_bunker	72	168
warp	un_bunker	69	167	Monitoring room#b_L-1	un_bunker	57	168
warp	un_bunker	47	135	L-1#b_B-1	un_bunker	37	134
warp	un_bunker	40	135	B-1#b_L-1	un_bunker	50	134
warp	un_bunker	57	118	L-1#b_A-0	un_bunker	72	117
warp	un_bunker	69	118	A-0#b_L-1	un_bunker	53	117
warp	un_bunker	97	124	A-0#b_Monitoring room	un_bunker	100	144
warp	un_bunker	97	141	Monitoring room#b_A-0	un_bunker	98	121
warp	un_bunker	128	118	A-0#b_L-2	un_bunker	144	117
warp	un_bunker	140	118	L-2#b_A-0	un_bunker	125	117
warp	un_bunker	137	168	L-2#b_Monitoring room	un_bunker	122	167
warp	un_bunker	126	168	Monitoring room#b_L-2	un_bunker	140	167
warp	un_bunker	137	185	L-2#b_ControlRoom	un_bunker	120	235
warp	un_bunker	124	236	ControlRoom#b_L-2	un_bunker	140	184
warp	un_bunker	147	196	L-2#b_E-1	un_bunker	106	378
warp	un_bunker	105	375	E-1#b_L-2	un_bunker	148	193
warp	un_bunker	167	196	L-2#b_E-2	un_bunker	152	378
warp	un_bunker	151	375	E-2#b_L-2	un_bunker	168	193
warp	un_bunker	174	190	L-2#b_K-0	un_bunker	172	229
warp	un_bunker	169	230	K-0#b_L-2	un_bunker	171	189
warp	un_bunker	213	346	Farm#b_C-0	un_bunker	213	299
warp	un_bunker	216	300	C-0#b_Farm	un_bunker	216	345
warp	un_bunker	216	280	C-0#b_G-1	un_bunker	220	261
warp	un_bunker	217	262	G-1#b_C-0	un_bunker	213	279
warp	un_bunker	249	268	G-1#b_M-0	un_bunker	390	380
warp	un_bunker	389	377	M-0#b_G-1	un_bunker	250	265
warp	un_bunker	258	262	G-1#b_Cafeteria	un_bunker	274	289
warp	un_bunker	271	290	Cafeteria#b_G-1	un_bunker	255	261
warp	un_bunker	258	236	G-1#b_Clinic	un_bunker	272	235
warp	un_bunker	269	236	Clinic#b_G-1	un_bunker	255	235
warp	un_bunker	245	214	G-1#b_F-1	un_bunker	226	213
warp	un_bunker	230	214	F-1#b_G-1	un_bunker	248	213
warp	un_bunker	262	200	G-1#b_H-0	un_bunker	274	199
warp	un_bunker	271	200	H-0#b_G-1	un_bunker	258	199
warp	un_bunker	75	128	LA-0#b_LH-0	un_bunker	276	196
warp	un_bunker	275	191	LH-0#b_LA-0	un_bunker	76	121
warp	un_bunker	119	128	RA-0#b_RH-0	un_bunker	319	196
warp	un_bunker	320	191	RH-0#b_RA-0	un_bunker	120	121
warp	un_bunker	297	206	H-0#b_Clinic	un_bunker	298	224
warp	un_bunker	297	221	Clinic#b_H-0	un_bunker	298	203
warp	un_bunker	324	200	H-0#b_G-2	un_bunker	344	199
warp	un_bunker	339	200	G-2#b_H-0	un_bunker	321	199
warp	un_bunker	350	214	G-2#b_F-2	un_bunker	368	213
warp	un_bunker	365	214	F-2#b_G-2	un_bunker	347	213
warp	un_bunker	337	236	G-2#b_Clinic	un_bunker	323	235
warp	un_bunker	326	236	Clinic#b_G-2	un_bunker	340	235
warp	un_bunker	281	266	LClinic#b_LCafeteria	un_bunker	282	282
warp	un_bunker	281	279	LCafeteria#b_LClinic	un_bunker	282	263
warp	un_bunker	313	266	RClinic#b_RCafeteria	un_bunker	314	282
warp	un_bunker	313	279	RCafeteria#b_RClinic	un_bunker	314	262
warp	un_bunker	324	290	Cafeteria#b_G-2	un_bunker	340	261
warp	un_bunker	337	262	G-2#b_Cafeteria	un_bunker	321	289
warp	un_bunker	343	270	G-2#b_N-0	un_bunker	382	328
warp	un_bunker	381	325	N-0#b_G-2	un_bunker	344	267
warp	un_bunker	370	264	G-2#b_I-0	un_bunker	388	263
warp	un_bunker	385	264	I-0#b_G-2	un_bunker	367	263
warp	un_bunker	297	192	H-0#b_Z-0	un_bunker	298	181
warp	un_bunker	297	186	Z-0#b_H-0	un_bunker	298	196
warp	un_bunker	229	163	Z-0#b_Z-1	un_bunker	159	52
warp	un_bunker	164	51	Z-1#b_Z-0	un_bunker	233	164
warp	un_bunker	366	164	Z-0#b_Z-2	un_bunker	31	51
warp	un_bunker	27	52	Z-2#b_Z-0	un_bunker	361	163
file	npc/test/infinite_warp.txt
warp	e_tower	74	116	#inf_warp1_1	e_tower	81	108
warp	e_tower	81	108	#inf_warp1_2	e_tower	75	84
warp	e_tower	75	84	#inf_warp1_3	e_tower	74	116
warp	e_tower	76	95	#inf_warp2_1	alb2trea	84	48
warp	alb2trea	84	48	#inf_warp2_2	guild_vs5	58	50
warp	guild_vs5	58	50	#inf_warp2_3	e_tower	76	95
warp	ecl_tdun04	26	31	#inf_warp3_1	prontera	100	100
file	npc/warps/cities/alberta.txt
warp	alberta	15	234	alb001	pay_fild03	388	63
warp	alberta	117	38	alb01	alberta_in	180	30
warp	alberta	170	170	alb03	alb_ship	26	168
warp	alberta	178	165	alb04	alb_ship	39	163
warp	alberta	209	173	alb05	alb_ship	162	171
warp	alberta	33	42	alb06	alberta_in	74	44
warp	alberta	65	233	alb07	alberta_in	18	141
warp	alberta	93	205	alb08	alberta_in	114	134
warp	alberta	98	153	alb09	alberta_in	185	89
warp	alberta	99	221	alb10	alberta_in	122	161
warp	alb_ship	26	166	alb03-1	alberta	170	168
warp	alb_ship	41	163	alb04-1	alberta	180	165
warp	alb_ship	160	171	alb05-1	alberta	207	173
warp	alb_ship	37	174	alb20	alb_ship	70	99
warp	alb_ship	68	99	alb20-1	alb_ship	35	173
warp	alberta_in	189	89	alb09-1	alberta	102	153
warp	alberta_in	114	130	alb08-1	alberta	93	201
warp	alberta_in	14	141	alb07-1	alberta	61	233
warp	alberta_in	180	34	alb01-1	alberta	117	42
warp	alberta_in	78	44	alb06-1	alberta	37	41
warp	alberta_in	125	161	alb10-1	alberta	102	222
warp	alberta_in	114	183	alb11	alberta_in	148	186
warp	alberta_in	152	186	alb11-1	alberta_in	118	183
warp	alberta_in	114	49	alb12	alberta_in	155	153
warp	alberta_in	159	153	alb12-1	alberta_in	117	49
warp	alberta_in	114	97	alb13	alberta_in	155	175
warp	alberta_in	159	175	alb13-1	alberta_in	117	97
warp	alberta_in	22	113	alb14	alberta_in	22	134
warp	alberta_in	22	130	alb14-1	alberta_in	22	109
warp	alberta_in	22	153	alb15	alberta_in	22	174
warp	alberta_in	22	170	alb15-1	alberta_in	22	149
warp	alberta_in	24	33	alb16	alberta_in	64	35
warp	alberta_in	64	31	alb16-1	alberta_in	24	29
warp	alberta_in	24	54	alb17	alberta_in	64	53
warp	alberta_in	64	57	alb17-1	alberta_in	24	58
warp	alberta_in	66	113	alb18	alberta_in	66	132
warp	alberta_in	66	130	alb18-1	alberta_in	66	111
warp	alberta_in	66	153	alb19	alberta_in	66	173
warp	alberta_in	66	170	alb19-1	alberta_in	66	149
warp	alb2trea	88	111	alb002	treasure01	69	24
file	npc/warps/cities/aldebaran.txt
warp	aldebaran	118	63	ald01	aldeba_in	211	117
warp	aldebaran	139	34	ald001	mjolnir_12	199	375
warp	aldebaran	197	70	ald02	aldeba_in	94	41
warp	aldebaran	233	105	ald04	aldeba_in	157	190
warp	aldebaran	51	218	ald05	aldeba_in	24	227
warp	aldebaran	61	229	ald06	aldeba_in	148	227
warp	aldebaran	72	197	ald07	aldeba_in	27	37
warp	aldebaran	89	234	ald08	aldeba_in	242	237
warp	aldeba_in	103	157	ald09	aldeba_in	137	237
warp	aldeba_in	103	61	ald10	aldeba_in	97	105
warp	aldeba_in	134	237	ald09-1	aldeba_in	100	157
warp	aldeba_in	144	92	ald11	aldeba_in	149	52
warp	aldeba_in	148	224	ald06-1	aldebaran	63	227
warp	aldeba_in	149	55	ald11-1	aldeba_in	144	95
warp	aldeba_in	157	193	ald04-1	aldebaran	231	107
warp	aldeba_in	208	117	ald01-1	aldebaran	116	63
warp	aldeba_in	217	131	ald12	aldeba_in	217	163
warp	aldeba_in	217	160	ald12-1	aldeba_in	217	128
warp	aldeba_in	217	71	ald13-1	aldeba_in	218	107
warp	aldeba_in	218	104	ald13	aldeba_in	218	68
warp	aldeba_in	24	224	ald05-1	aldebaran	53	216
warp	aldeba_in	245	237	ald08-1	aldebaran	91	234
warp	aldeba_in	27	102	ald14-1	aldeba_in	27	68
warp	aldeba_in	27	34	ald07-1	aldebaran	72	195
warp	aldeba_in	27	71	ald14	aldeba_in	27	105
warp	aldeba_in	37	238	ald15	aldeba_in	67	157
warp	aldeba_in	64	157	ald15-1	aldeba_in	34	238
warp	aldeba_in	83	191	ald16	aldeba_in	83	227
warp	aldeba_in	83	224	ald16-1	aldeba_in	83	188
warp	aldeba_in	94	38	ald02-1	aldebaran	197	68
warp	aldeba_in	97	102	ald10-1	aldeba_in	103	58
warp	aldebaran	225	54	aldeb_sign1-1	aldeba_in	149	120
warp	aldeba_in	149	123	aldeb_sign1-2	aldebaran	223	56
warp	turbo_room	100	62	exit_turbo	alde_gld	183	198
file	npc/warps/cities/amatsu.txt
warp	amatsu	177	138	ama_house1-1	ama_in01	28	176
warp	ama_in01	31	176	ama_house1-2	amatsu	180	138
warp	amatsu	248	160	ama_house2-1	ama_in01	79	178
warp	ama_in01	76	178	ama_house2-2	amatsu	245	160
warp	amatsu	168	182	ama_warrior1-1	ama_in01	34	99
warp	ama_in01	34	96	ama_warrior1-2	amatsu	168	179
warp	amatsu	52	148	ama_deluxe1-1	ama_in01	88	97
warp	ama_in01	88	94	ama_deluxe1-2	amatsu	52	145
warp	amatsu	94	117	ama_tools1-1	ama_in01	30	24
warp	ama_in01	33	24	ama_tools1-2	amatsu	97	117
warp	amatsu	132	117	ama_weapon1-1	ama_in01	89	23
warp	ama_in01	86	23	ama_weapon1-2	amatsu	129	117
warp	amatsu	217	116	ama_tavern1-1	ama_in01	162	25
warp	ama_in01	157	25	ama_tavern1-2	amatsu	214	116
warp	ama_in01	166	73	ama_inn1-1	ama_in01	162	31
warp	ama_in01	162	34	ama_inn1-2	ama_in01	166	77
warp	amatsu	85	235	ama_castle1-1	ama_in02	223	45
warp	ama_in02	226	45	ama_castle1-2	amatsu	88	235
warp	ama_in02	65	37	ama_castle2-1	ama_in02	195	41
warp	ama_in02	195	44	ama_castle2-2	ama_in02	65	40
warp	ama_in02	59	141	ama_castle3-1	ama_in02	56	41
warp	ama_in02	56	44	ama_castle3-2	ama_in02	59	144
warp	ama_in02	215	149	ama_castle4-1	ama_in02	59	156
warp	ama_in02	59	160	ama_castle4-2	ama_in02	215	152
warp	ama_in02	126	164	ama_castle5-1	ama_in02	219	161
warp	ama_in02	222	161	ama_castle5-2	ama_in02	129	164
file	npc/warps/cities/ayothaya.txt
warp	ayothaya	130	97	ayo_tool1-1	ayo_in01	43	183
warp	ayo_in01	46	183	ayo_tool1-2	ayothaya	132	99
warp	ayothaya	129	86	ayo_tool2-1	ayo_in01	21	178
warp	ayo_in01	23	176	ayo_tool2-2	ayothaya	132	86
warp	ayothaya	130	75	ayo_tool3-1	ayo_in01	17	156
warp	ayo_in01	17	153	ayo_tool3-2	ayothaya	132	73
warp	ayothaya	165	90	ayo_weapon1-1	ayo_in01	77	174
warp	ayo_in01	73	174	ayo_weapon1-2	ayothaya	162	90
warp	ayothaya	177	90	ayo_weapon2-1	ayo_in01	95	175
warp	ayo_in01	98	175	ayo_weapon2-2	ayothaya	180	90
warp	ayothaya	173	77	ayo_weapon3-1	ayo_in01	85	152
warp	ayo_in01	85	149	ayo_weapon3-2	ayothaya	173	74
warp	ayothaya	229	69	ayo_pub1-1	ayo_in01	137	192
warp	ayo_in01	137	195	ayo_pub1-2	ayothaya	229	72
warp	ayothaya	202	161	ayo_inn1-1	ayo_in01	31	108
warp	ayo_in01	31	111	ayo_inn1-2	ayothaya	202	164
warp	ayothaya	211	150	ayo_inn2-1	ayo_in01	47	94
warp	ayo_in01	50	94	ayo_inn2-2	ayothaya	214	150
warp	ayothaya	202	140	ayo_inn3-1	ayo_in01	31	81
warp	ayo_in01	31	78	ayo_inn3-2	ayothaya	202	137
warp	ayothaya	192	150	ayo_inn4-1	ayo_in01	13	94
warp	ayo_in01	10	94	ayo_inn4-2	ayothaya	189	150
warp	ayo_in01	13	107	ayo_stairNW1-1	ayo_in01	132	27
warp	ayo_in01	135	27	ayo_roomNW1-2	ayo_in01	17	107
warp	ayo_in01	48	107	ayo_stairNE1-1	ayo_in01	179	27
warp	ayo_in01	176	27	ayo_roomNE2-2	ayo_in01	45	107
warp	ayo_in01	13	82	ayo_stairSW1-1	ayo_in01	18	14
warp	ayo_in01	21	14	ayo_roomSW1-2	ayo_in01	17	82
warp	ayo_in01	48	82	ayo_stairSE1-1	ayo_in01	63	14
warp	ayo_in01	60	14	ayo_roomSE1-2	ayo_in01	45	82
warp	ayothaya	111	109	ayo_house1_1-1	ayo_in01	180	129
warp	ayo_in01	177	129	ayo_house1_1-2	ayothaya	111	106
warp	ayothaya	62	104	ayo_house2_1-1	ayo_in01	191	183
warp	ayo_in01	194	183	ayo_house2_1-2	ayothaya	65	104
warp	ayothaya	208	283	ayo_shrine1-1	ayo_in02	100	152
warp	ayo_in02	100	148	ayo_shrine1-2	ayothaya	208	280
warp	ayothaya	276	176	ayo_fild1-1	ayo_fild01	37	241
warp	ayo_fild01	32	240	ayo_fild1-2	ayothaya	273	176
file	npc/warps/cities/brasilis.txt
warp	brasilis	146	162	brasilis_bra_in01	bra_in01	17	137
warp	bra_in01	17	134	bra_in01_brasilis	brasilis	148	161
warp	bra_in01	50	145	bra_in01_bra_in01#2	bra_in01	81	143
warp	bra_in01	79	142	bra_in01_bra_in01#3	bra_in01	47	144
warp	bra_in01	50	171	bra_in01_bra_in01#4	bra_in01	82	168
warp	bra_in01	79	169	bra_in01_bra_in01#5	bra_in01	46	170
warp	bra_in01	138	174	bra_in01_bra_in01#6	bra_in01	12	183
warp	bra_in01	206	98	bra_in01_bra_in01#7	bra_in01	138	176
warp	brasilis	274	153	brasilis_bra_in01#1	bra_in01	38	9
warp	bra_in01	39	7	bra_in01_brasilis#1	brasilis	273	151
warp	bra_in01	52	27	bra_in01_bra_in01#8	bra_in01	85	26
warp	bra_in01	83	27	bra_in01_bra_in01#9	bra_in01	50	27
warp	bra_in01	9	67	bra_in01_bra_in01#10	bra_in01	154	22
warp	bra_in01	156	23	bra_in01_bra_in01#11	bra_in01	11	65
warp	bra_in01	52	67	bra_in01_bra_in01#12	bra_in01	87	66
warp	bra_in01	85	67	bra_in01_bra_in01#13	bra_in01	50	66
warp	bra_in01	31	29	bra_in01_bra_in01#14	bra_in01	23	70
warp	bra_in01	25	70	bra_in01_bra_in01#15	bra_in01	32	26
warp	bra_in01	31	74	bra_in01_bra_in01#16	bra_in01	148	59
warp	bra_in01	148	57	bra_in01_bra_in01#17	bra_in01	31	72
file	npc/warps/cities/comodo.txt
warp	comodo	92	128	cmd_tools1-1	cmd_in01	85	174
warp	cmd_in01	90	174	cmd_tools1-2	comodo	97	128
warp	comodo	265	74	cmd_weapon1-1	cmd_in01	123	180
warp	cmd_in01	123	186	cmd_weapon1-2	comodo	265	79
warp	comodo	271	271	cmd_house1-1	cmd_in01	113	125
warp	cmd_in01	109	125	cmd_house1-2	comodo	269	273
warp	comodo	192	294	cmd_house2-1	cmd_in01	177	123
warp	cmd_in01	183	123	cmd_house2-2	comodo	195	294
warp	comodo	145	328	cmd_house3-1	cmd_in01	120	71
warp	cmd_in01	120	67	cmd_house3-2	comodo	145	324
warp	comodo	236	298	cmd_house4-1	cmd_in01	179	81
warp	cmd_in01	183	81	cmd_house4-2	comodo	239	296
warp	comodo	130	195	cmd_KAFRA1-1	cmd_in02	143	173
warp	cmd_in02	139	169	cmd_KAFRA1-2	comodo	127	191
warp	cmd_in02	208	206	cmd_KAFRA2-1	cmd_in02	97	211
warp	cmd_in02	98	216	cmd_KAFRA12-2	cmd_in02	207	210
warp	comodo	115	291	cmd_chief1-1	cmd_in02	67	132
warp	cmd_in02	69	129	cmd_chief1-2	comodo	115	288
warp	comodo	140	111	cmd_casino1-1	cmd_in02	178	132
warp	cmd_in02	178	136	cmd_casino1-2	comodo	140	115
warp	comodo	153	97	cmd_casino2-1	cmd_in02	212	97
warp	cmd_in02	216	97	cmd_casino2-2	comodo	157	97
warp	comodo	126	98	cmd_casino3-1	cmd_in02	144	97
warp	cmd_in02	139	97	cmd_casino3-2	comodo	122	98
warp	comodo	140	90	cmd_casino4-1	cmd_in02	74	25
warp	cmd_in02	74	21	cmd_casino4-2	comodo	140	86
warp	cmd_in02	168	113	cmd_casino5-1	cmd_in02	63	73
warp	cmd_in02	58	74	cmd_casino5-2	cmd_in02	166	116
warp	cmd_in02	187	78	cmd_casino6-1	cmd_in02	84	37
warp	cmd_in02	90	37	cmd_casino6-2	cmd_in02	191	77
file	npc/warps/cities/einbech.txt
warp	einbech	177	136	eib_wp01	ein_in01	190	35
warp	ein_in01	190	38	eib_wp01a	einbech	177	133
warp	einbech	207	135	eib_hu01	ein_in01	190	99
warp	ein_in01	187	99	eib_hu01a	einbech	204	135
warp	einbech	214	121	eib_hu02	ein_in01	205	86
warp	ein_in01	205	83	eib_hu02a	einbech	214	118
warp	einbech	154	106	eib_b01	ein_in01	285	89
warp	ein_in01	288	89	eib_b01a	einbech	157	106
warp	einbech	145	112	eib_b02	ein_in01	268	104
warp	ein_in01	265	104	eib_b02a	einbech	141	112
warp	einbech	256	109	eib_js01	ein_in01	148	153
warp	ein_in01	144	153	eib_js01a	einbech	253	109
file	npc/warps/cities/einbroch.txt
warp	einbroch	132	79	ein_fa01	ein_in01	17	213
warp	ein_in01	13	213	ein_fa01a	einbroch	129	79
warp	ein_in01	81	198	ein_fa02	einbroch	179	70
warp	einbroch	179	73	ein_fa02a	ein_in01	81	203
warp	einbroch	214	263	ein_to01	einbroch	233	315
warp	einbroch	233	312	ein_to01a	einbroch	214	260
warp	einbroch	250	263	ein_to02	einbroch	269	315
warp	einbroch	269	312	ein_to02a	einbroch	250	260
warp	einbroch	216	214	ein_wp01	ein_in01	108	17
warp	ein_in01	108	13	ein_wp01a	einbroch	216	211
warp	einbroch	257	199	ein_h01	ein_in01	198	224
warp	ein_in01	195	224	ein_h01a	einbroch	254	199
warp	ein_in01	211	216	ein_h02	ein_in01	274	218
warp	ein_in01	271	218	ein_h02a	ein_in01	208	216
warp	ein_in01	211	232	ein_h03	ein_in01	274	232
warp	ein_in01	271	232	ein_h03a	ein_in01	208	232
warp	ein_in01	264	246	ein_h05	ein_in01	231	276
warp	ein_in01	231	273	ein_h05a	ein_in01	264	243
warp	ein_in01	274	203	ein_h06	ein_in01	274	173
warp	ein_in01	274	176	ein_h06a	ein_in01	274	206
warp	ein_in01	264	203	ein_h07	ein_in01	232	173
warp	ein_in01	232	176	ein_h07a	ein_in01	264	206
warp	ein_in01	284	224	ein_h08	ein_in01	177	277
warp	ein_in01	180	277	ein_h08a	ein_in01	280	224
warp	einbroch	278	233	ein_ho01	ein_in01	107	95
warp	ein_in01	103	95	ein_ho01a	einbroch	275	233
warp	ein_in01	126	88	ein_ho02	ein_in01	100	139
warp	ein_in01	100	142	ein_ho02a	ein_in01	123	85
warp	einbroch	290	222	ein_ho03	ein_in01	121	80
warp	ein_in01	121	77	ein_ho03a	einbroch	290	219
warp	einbroch	129	229	ein_kf01	ein_in01	14	147
warp	ein_in01	11	147	ein_kf01a	einbroch	126	229
warp	ein_in01	286	25	ein_lab	einbroch	54	52
warp	einbroch	255	107	ein_jb01	ein_in01	14	17
warp	ein_in01	14	14	ein_jb01a	einbroch	255	110
warp	ein_in01	39	36	ein_jb02	ein_in01	35	83
warp	ein_in01	39	85	ein_jb02a	ein_in01	36	36
warp	einbroch	157	331	ein_fd01	ein_fild04	184	31
warp	ein_fild04	184	26	ein_fd01a	einbroch	157	327
warp	einbroch	150	25	ein_fd02	ein_fild08	164	377
warp	ein_fild08	164	380	ein_fd02a	einbroch	150	28
file	npc/warps/cities/geffen.txt
warp	geffen	119	213	gef001	gef_fild04	187	42
warp	geffen	120	114	gef002	gef_tower	52	177
warp	geffen	217	119	gef003	gef_fild00	46	199
warp	geffen	26	119	gef004	gef_fild07	336	187
warp	geffen	138	138	gef01	geffen_in	28	110
warp	geffen	172	174	gef02	geffen_in	70	52
warp	geffen	182	59	gef03	geffen_in	106	177
warp	geffen	43	85	gef04	geffen_in	70	138
warp	geffen	61	180	gef05	geffen_in	162	97
warp	geffen	98	141	gef06	geffen_in	28	160
warp	geffen_in	28	156	gef06-1	geffen	101	138
warp	geffen_in	100	67	gef07	geffen_in	84	65
warp	geffen_in	87	66	gef07-1	geffen_in	103	67
warp	geffen_in	104	109	gef08	geffen_in	76	107
warp	geffen_in	79	107	gef08-1	geffen_in	107	109
warp	geffen_in	113	163	gef09	geffen_in	139	169
warp	geffen_in	136	169	gef09-1	geffen_in	110	163
warp	geffen_in	114	37	gef10	geffen_in	114	63
warp	geffen_in	114	60	gef10-1	geffen_in	114	34
warp	geffen_in	138	149	gef11	geffen_in	138	165
warp	geffen_in	138	162	gef11-1	geffen_in	138	146
warp	geffen_in	26	60	gef12	geffen_in	26	34
warp	geffen_in	26	37	gef12-1	geffen_in	26	63
warp	geffen_in	52	65	gef13	geffen_in	38	67
warp	geffen_in	41	67	gef13-1	geffen_in	55	65
warp	geffen_in	70	149	gef14	geffen_in	70	161
warp	geffen_in	70	158	gef14-1	geffen_in	70	146
warp	geffen_in	70	83	gef15	geffen_in	72	101
warp	geffen_in	72	98	gef15-1	geffen_in	70	80
warp	geffen_in	163	94	gef05-1	geffen	65	176
warp	geffen_in	70	132	gef04-1	geffen	46	88
warp	geffen_in	106	181	gef03-1	geffen	179	59
warp	geffen_in	28	106	gef01-1	geffen	136	136
warp	geffen_in	70	48	gef02-1	geffen	168	170
file	npc/warps/cities/gonryun.txt
warp	gonryun	221	162	gon_house1-1	gon_in	112	98
warp	gon_in	109	98	gon_house1-2	gonryun	218	162
warp	gonryun	195	93	gon_house2-1	gon_in	95	23
warp	gon_in	95	26	gon_house2=2	gonryun	195	96
warp	gonryun	107	184	gon_tea1-1	gon_in	72	70
warp	gon_in	72	67	gon_tea2-1	gonryun	107	181
warp	gonryun	215	114	gon_tavern1-1	gon_in	152	24
warp	gon_in	149	24	gon_tavern1-2	gonryun	212	114
warp	gon_in	184	36	gon_inn1-1	gon_in	189	107
warp	gon_in	186	107	gon_inn1-2	gon_in	181	36
warp	gon_in	184	11	gon_inn2-1	gon_in	189	85
warp	gon_in	186	85	gon_inn2-2	gon_in	181	11
warp	gonryun	109	131	gon_castle1-1	gon_in	44	24
warp	gon_in	47	24	gon_castle1-2	gonryun	112	131
warp	gon_in	42	35	gon_castle2-1	gon_in	34	97
warp	gon_in	31	97	gon_castle2-2	gon_in	39	35
warp	gonryun	161	8	gon_fild1-1	gon_fild01	191	261
warp	gon_fild01	192	265	gon_fild1-2	gonryun	161	11
file	npc/warps/cities/hugel.txt
warp	hu_fild06	200	372	hugel01	hugel	95	37
warp	hugel	95	33	hugel02	hu_fild06	200	367
warp	hugel	155	114	hugel03	hu_in01	211	177
warp	hu_in01	211	173	hugel04	hugel	159	114
warp	hu_in01	162	228	hugel05	hu_in01	199	219
warp	hu_in01	195	219	hugel06	hu_in01	159	228
warp	hu_in01	162	168	hugel07	hu_in01	200	192
warp	hu_in01	195	192	hugel08	hu_in01	158	168
warp	hugel	153	153	hugel09	hu_in01	287	231
warp	hu_in01	287	227	hugel10	hugel	153	149
warp	hu_in01	263	252	hugel11	hu_in01	360	253
warp	hu_in01	365	253	hugel12	hu_in01	268	252
warp	hugel	92	167	hugel13	hu_in01	246	363
warp	hu_in01	246	359	hugel14	hugel	92	163
warp	hu_in01	244	315	hugel15	hu_in01	243	388
warp	hu_in01	248	388	hugel16	hu_in01	250	315
warp	hu_in01	229	313	hugel17	hu_in01	164	315
warp	hu_in01	168	315	hugel18	hu_in01	234	313
warp	hu_in01	168	307	hugel19	hu_in01	167	376
warp	hu_in01	168	379	hugel20	hu_in01	168	311
warp	hugel	85	181	hugel21	hu_in01	231	303
warp	hu_in01	231	301	hugel22	hugel	83	181
warp	hugel	70	157	hugel23	hu_in01	110	373
warp	hu_in01	110	369	hugel24	hugel	73	155
warp	hu_in01	108	390	hugel25	hu_in01	107	322
warp	hu_in01	114	322	hugel26	hu_in01	113	389
warp	hugel	91	104	hugel27	hu_in01	30	304
warp	hu_in01	30	299	hugel28	hugel	95	103
warp	hu_in01	34	318	hugel29	hu_in01	34	251
warp	hu_in01	34	246	hugel30	hu_in01	34	313
warp	hugel	104	79	hugel31	hu_in01	235	107
warp	hu_in01	231	107	hugel32	hugel	101	77
warp	hu_in01	268	123	hugel33	hu_in01	265	36
warp	hu_in01	265	42	hugel34	hu_in01	262	123
warp	hu_in01	37	90	hugel36	hugel	52	95
warp	hu_in01	15	70	hugel37	hu_in01	15	25
warp	hu_in01	15	29	hugel38	hu_in01	15	74
warp	hu_in01	15	151	hugel40	hu_in01	15	104
warp	hugel	206	228	hugel41	hu_in01	381	368
warp	hu_in01	381	363	hugel42	hugel	209	224
warp	hu_in01	380	319	hugel43	hu_in01	382	388
warp	hu_in01	388	388	hugel44	hu_in01	385	319
warp	hu_in01	177	90	hugel45	hugel	52	95
warp	hu_in01	107	90	hugel46	hugel	52	95
warp	hu_in01	85	108	hugel47	hu_in01	85	155
warp	hu_in01	85	151	hugel48	hu_in01	85	104
warp	hu_in01	85	70	hugel49	hu_in01	85	25
warp	hu_in01	85	29	hugel50	hu_in01	85	74
warp	hugel	129	66	hugel51	hu_in01	350	107
warp	hu_in01	345	107	hugel52	hugel	126	64
warp	hu_in01	381	118	hugel53	hu_in01	379	173
warp	hu_in01	379	178	hugel54	hu_in01	376	118
warp	hugel	153	216	hugel55	hu_in01	305	379
warp	hu_in01	301	379	hugel56	hugel	147	216
warp	hu_in01	314	386	hugel57	hu_in01	312	322
warp	hu_in01	307	322	hugel58	hu_in01	310	386
warp	hugel	80	230	hugel59	hu_in01	24	363
warp	hu_in01	24	361	hugel60	hugel	82	230
warp	hugel	55	208	hugelwarp1051	que_bingo	49	9
warp	que_bingo	49	7	hugelwarp1052	hugel	57	207
warp	que_bingo	39	34	hugelwarp1053	que_bingo	34	109
warp	que_bingo	34	105	hugelwarp1054	que_bingo	38	28
warp	que_bingo	53	34	hugelwarp1055	que_bingo	49	71
warp	que_bingo	48	66	hugelwarp1056	que_bingo	53	29
file	npc/warps/cities/lighthalzen.txt
warp	lighthalzen	101	248	lhz_rekenber1-1	lhz_in01	111	126
warp	lhz_in01	111	121	lhz_rekenber1-2	lighthalzen	101	243
warp	lighthalzen	106	248	lhz_rekenber2-1	lhz_in01	116	126
warp	lhz_in01	116	121	lhz_rekenber2-2	lighthalzen	106	243
warp	lhz_in01	88	215	lhz_rekenber3-1	lhz_in01	106	18
warp	lhz_in01	106	15	lhz_rekenber3-2	lhz_in01	88	211
warp	lhz_in01	140	215	lhz_rekenber4-1	lhz_in01	158	18
warp	lhz_in01	158	15	lhz_rekenber4-2	lhz_in01	140	211
warp	lhz_in01	149	179	lhz_rekenber5-1	lhz_in01	15	24
warp	lhz_in01	11	24	lhz_rekenber5-2	lhz_in01	145	178
warp	lhz_in01	76	254	lhz_rekenber6-1	lhz_in01	100	52
warp	lhz_in01	98	55	lhz_rekenber6-2	lhz_in01	76	250
warp	lhz_in01	188	254	lhz_rekenber7-1	lhz_in01	191	52
warp	lhz_in01	194	55	lhz_rekenber7-2	lhz_in01	188	250
warp	lhz_in01	231	226	lhz_rekenber8-1	lhz_in01	257	226
warp	lhz_in01	251	226	lhz_rekenber8-2	lhz_in01	225	226
warp	lhz_in01	40	224	lhz_rekenber9-1	lhz_in01	19	129
warp	lhz_in01	15	129	lhz_rekenber9-2	lhz_in01	34	224
warp	lhz_in01	43	144	lhz_rekenber10-1	lhz_in01	278	161
warp	lhz_in01	278	157	lhz_rekenber10-2	lhz_in01	43	139
warp	lhz_in01	58	129	lhz_rekenber11-1	lhz_in01	196	127
warp	lhz_in01	191	127	lhz_rekenber11-2	lhz_in01	53	129
warp	lighthalzen	198	257	lhz_bank1-1	lhz_in02	39	28
warp	lhz_in02	44	28	lhz_rekenberbank1-2	lighthalzen	203	257
warp	lighthalzen	236	276	lhz_police1-1	lhz_in02	133	199
warp	lhz_in02	129	199	lhz_police1-2	lighthalzen	232	275
warp	lighthalzen	238	220	lhz_com1-1	lhz_in02	28	270
warp	lhz_in02	27	265	lhz_com1-2	lighthalzen	238	217
warp	lhz_in02	13	284	lhz_com2-1	lhz_in02	89	285
warp	lhz_in02	95	285	lhz_com2-2	lhz_in02	18	284
warp	lhz_in02	114	272	lhz_com3-1	lhz_in02	153	282
warp	lhz_in02	149	282	lhz_com3-2	lhz_in02	109	272
warp	lighthalzen	93	110	lhz_jewel1-1	lhz_in02	104	26
warp	lhz_in02	108	26	lhz_jewel1-2	lighthalzen	96	110
warp	lighthalzen	197	36	lhz_weapon1-1	lhz_in02	284	30
warp	lhz_in02	288	30	lhz_weapon1-2	lighthalzen	194	35
warp	lighthalzen	196	46	lhz_weapon2-1	lhz_in02	282	83
warp	lhz_in02	282	79	lhz_weapon2-2	lighthalzen	194	48
warp	lhz_in02	265	14	lhz_weapon3-1	lhz_in02	269	82
warp	lhz_in02	274	82	lhz_weapon3-2	lhz_in02	270	14
warp	lighthalzen	159	133	lhz_inn1-1	lhz_in02	232	265
warp	lhz_in02	232	261	lhz_inn1-2	lighthalzen	158	129
warp	lhz_in02	210	284	lhz_inn2-1	lhz_in02	241	219
warp	lhz_in02	236	219	lhz_inn2-2	lhz_in02	206	284
warp	lhz_in02	250	278	lhz_inn3-1	lhz_in02	265	278
warp	lhz_in02	261	278	lhz_inn3-2	lhz_in02	246	278
warp	lhz_in02	254	212	lhz_inn4-1	lhz_in02	273	212
warp	lhz_in02	269	212	lhz_inn4-2	lhz_in02	250	212
warp	lhz_in02	238	169	lhz_inn5-1	lhz_in02	238	150
warp	lhz_in02	238	154	lhz_inn5-2	lhz_in02	238	173
warp	lhz_in02	231	182	lhz_inn6-1	lhz_in02	212	182
warp	lhz_in02	216	182	lhz_inn6-2	lhz_in02	235	182
warp	lhz_in02	231	200	lhz_inn7-1	lhz_in02	212	200
warp	lhz_in02	216	200	lhz_inn7-2	lhz_in02	235	200
warp	lighthalzen	198	163	lhz_store1-1	lhz_in02	21	195
warp	lhz_in02	21	191	lhz_store1-2	lighthalzen	202	160
warp	lhz_in02	39	204	lhz_store2-1	lhz_in02	41	136
warp	lhz_in02	36	136	lhz_store2-2	lhz_in02	34	204
warp	lhz_in02	13	155	lhz_store3-1	lhz_in02	84	223
warp	lhz_in02	79	223	lhz_store3-2	lhz_in02	17	155
warp	lhz_in02	49	154	lhz_store4-1	lhz_in02	98	155
warp	lhz_in02	103	155	lhz_store4-2	lhz_in02	44	154
warp	lhz_in02	94	212	lhz_store5-1	lhz_in02	94	144
warp	lhz_in02	89	144	lhz_store5-2	lhz_in02	89	212
warp	lighthalzen	324	301	lhz_tool1-1	lhz_in03	241	100
warp	lhz_in03	237	100	lhz_tool1-2	lighthalzen	322	296
warp	lhz_in03	257	83	lhz_tool2-1	lhz_in03	255	14
warp	lhz_in03	250	14	lhz_tool2-2	lhz_in03	252	83
warp	lighthalzen	347	261	lhz_house1_1-1	lhz_in03	14	218
warp	lhz_in03	10	216	lhz_house1_1-2	lighthalzen	341	261
warp	lighthalzen	345	231	lhz_pub1-1	lhz_in03	188	15
warp	lhz_in03	188	11	lhz_pub1-2	lighthalzen	344	227
warp	lhz_in03	191	35	lhz_pub2-1	lhz_in03	191	103
warp	lhz_in03	190	100	lhz_pub2-2	lhz_in03	190	31
warp	lighthalzen	340	240	lhz_pub3-1	lhz_in03	180	86
warp	lhz_in03	180	90	lhz_pub3-2	lighthalzen	339	245
warp	lighthalzen	50	86	lhz_house2_1-1	lhz_in03	45	31
warp	lhz_in03	50	31	lhz_house2_1-2	lighthalzen	55	86
warp	lhz_in03	13	31	lhz_house2_2-1	lhz_in03	15	99
warp	lhz_in03	20	99	lhz_house2_2-2	lhz_in03	17	31
warp	lighthalzen	251	299	lhz_house3_1-1	lhz_in03	97	21
warp	lhz_in03	93	21	lhz_house3_1-2	lighthalzen	247	299
warp	lhz_in03	134	14	lhz_house3_2-1	lhz_in03	125	90
warp	lhz_in03	120	90	lhz_house3_2-2	lhz_in03	130	14
file	npc/warps/cities/louyang.txt
warp	louyang	218	19	lou_fild1-1	lou_fild01	233	353
warp	lou_fild01	233	356	lou_fild1-2	louyang	218	22
warp	louyang	218	255	lou_palace1-1	lou_in01	101	122
warp	lou_in01	101	119	lou_palace1-2	louyang	218	252
warp	lou_in01	153	141	lou_palace2-1	lou_in01	122	141
warp	lou_in01	125	141	lou_palace2-2	lou_in01	156	141
warp	louyang	280	167	lou_pub1-1	lou_in02	58	173
warp	lou_in02	58	170	lou_pub1-2	louyang	280	164
warp	lou_in02	35	190	lou_pub2-1	lou_in02	41	138
warp	lou_in02	44	138	lou_pub2-2	lou_in02	37	190
warp	lou_in02	80	190	lou_pub3-1	lou_in02	73	140
warp	lou_in02	71	140	lou_pub3-2	lou_in02	77	190
warp	louyang	145	174	lou_weapon1-1	lou_in02	126	168
warp	lou_in02	126	165	lou_weapon1-2	louyang	145	171
warp	louyang	136	97	lou_tool1-1	lou_in02	247	171
warp	lou_in02	249	173	lou_tool1-2	louyang	136	99
warp	louyang	263	93	lou_hospital1-1	lou_in02	245	59
warp	lou_in02	242	59	lou_hospital1-2	louyang	260	93
warp	louyang	309	80	lou_office1-1	lou_in02	189	77
warp	lou_in02	189	74	lou_office1-2	louyang	309	77
warp	lou_in02	201	94	lou_office2-1	lou_in02	173	46
warp	lou_in02	176	46	lou_office2-2	lou_in02	203	94
warp	louyang	130	63	lou_house11-1	lou_in02	72	31
warp	lou_in02	72	28	lou_house11-2	louyang	130	60
warp	louyang	317	176	lou_house21-1	lou_in02	121	31
warp	lou_in02	121	28	lou_house21-2	louyang	317	173
warp	louyang	133	245	lou_tower1-1	lou_in01	25	19
warp	lou_in01	28	19	lou_tower1-2	louyang	136	245
warp	lou_in01	14	18	lou_Towerexit	louyang	90	254
file	npc/warps/cities/lutie.txt
warp	xmas	149	41	x_fild_out	xmas_fild01	80	248
warp	xmas	120	131	xmas_tool1-1	xmas_in	43	33
warp	xmas_in	46	33	xmas_tool1-2	xmas	123	131
warp	xmas	174	131	xmas_gift1-1	xmas_in	155	32
warp	xmas_in	153	32	xmas_gift1-2	xmas	172	131
warp	xmas	119	162	xmas_house1-1	xmas_in	36	91
warp	xmas_in	38	89	xmas_house1-2	xmas	122	159
warp	xmas	189	278	xmas_house2-1	xmas_in	168	164
warp	xmas_in	168	160	xmas_house2-2	xmas	189	275
warp	xmas	173	160	xmas_weapon1-1	xmas_in	165	95
warp	xmas_in	163	93	xmas_weapon1-2	xmas	172	158
warp	xmas	181	169	xmas_weapon2-1	xmas_in	177	107
warp	xmas_in	179	109	xmas_weapon2-2	xmas	184	168
warp	xmas	142	239	xmas_santa1-1	xmas_in	94	85
warp	xmas_in	94	83	xmas_santa1-2	xmas	142	237
warp	xmas	149	239	xmas_santa2-1	xmas_in	104	85
warp	xmas_in	104	83	xmas_santa2-2	xmas	149	237
warp	xmas	142	258	xmas_santa3-1	xmas_in	94	115
warp	xmas_in	94	117	xmas_santa3-2	xmas	142	260
warp	xmas	149	258	xmas_santa4-1	xmas_in	104	115
warp	xmas_in	104	117	xmas_santa4-2	xmas	149	260
warp	xmas	104	289	xmas_church1-1	xmas_in	30	163
warp	xmas_in	30	161	xmas_church2-2	xmas	104	286
file	npc/warps/cities/manuk.txt
warp	manuk	311	142	manuk1-1	man_in01	277	41
warp	man_in01	275	41	manuk1-2	manuk	309	142
warp	manuk	310	201	manuk2-1	man_in01	358	121
warp	man_in01	358	119	manuk2-2	manuk	310	199
warp	manuk	255	110	manuk3-1	man_in01	7	61
warp	man_in01	5	61	manuk3-2	manuk	253	110
warp	man_in01	318	17	manuk3-4	man_in01	388	16
warp	man_in01	390	16	manuk3-5	man_in01	316	17
warp	man_in01	328	141	manuk3-6	man_in01	324	220
warp	man_in01	324	222	manuk3-7	man_in01	328	139
warp	man_in01	11	19	manuk3-8	man_in01	182	32
warp	man_in01	182	34	manuk3-9	man_in01	11	21
warp	manuk	257	228	manuk4-1	man_in01	130	267
warp	man_in01	130	265	manuk4-2	manuk	258	226
warp	manuk	265	237	manuk5-1	man_in01	180	267
warp	man_in01	180	265	manuk5-2	manuk	267	235
warp	manuk	276	247	manuk6-1	man_in01	230	267
warp	man_in01	230	265	manuk6-2	manuk	276	245
warp	manuk	288	249	manuk7-1	man_in01	280	267
warp	man_in01	280	265	manuk7-2	manuk	289	247
warp	manuk	302	243	manuk8-1	man_in01	330	267
warp	man_in01	330	265	mauk8-2	manuk	300	241
warp	manuk	311	234	manuk9-1	man_in01	380	267
warp	man_in01	380	265	manuk9-2	manuk	309	232
warp	manuk	253	195	manuk10-1	man_in01	24	284
warp	man_in01	26	284	manuk10-2	manuk	255	195
warp	manuk	235	124	manuk11-1	man_in01	70	171
warp	man_in01	70	169	manuk11-2	manuk	235	122
warp	manuk	279	115	manuk12-1	man_in01	123	224
warp	man_in01	123	226	manuk12-2	manuk	278	117
warp	man_in01	5	275	manuk12-3	man_in01	7	221
warp	man_in01	7	219	manuk12-4	man_in01	7	276
warp	man_in01	22	275	manuk12-5	man_in01	76	279
warp	man_in01	74	279	manuk12-6	man_in01	20	275
warp	man_in01	61	190	manuk12-7	man_in01	63	238
warp	man_in01	61	238	manuk12-8	man_in01	61	188
warp	man_in01	61	173	manuk12-9	man_in01	20	173
warp	man_in01	20	175	manuk12-10	man_in01	61	175
file	npc/warps/cities/mid_camp.txt
warp	mid_camp	205	211	mid_weapon1-1	mid_campin	229	123
warp	mid_campin	232	123	mid_weapon1-2	mid_camp	208	211
warp	mid_camp	196	204	mid_weapon2-1	mid_campin	220	109
warp	mid_campin	223	109	mid_weapon2-2	mid_camp	198	205
warp	mid_camp	214	249	mid_meeting1-1	mid_campin	89	102
warp	mid_campin	89	99	mid_meeting1-2	mid_camp	215	247
warp	mid_campin	66	114	mid_meeting2-1	mid_campin	22	80
warp	mid_campin	25	80	mid_meeting2-2	mid_campin	70	114
warp	mid_campin	66	120	mid_meeting3-1	mid_campin	22	124
warp	mid_campin	25	124	mid_meeting3-2	mid_campin	70	120
warp	mid_campin	68	128	mid_meeting4-1	mid_campin	22	168
warp	mid_campin	25	168	mid_meeting4-2	mid_campin	71	128
warp	mid_campin	86	141	mid_meeting5-1	mid_campin	66	181
warp	mid_campin	65	178	mid_meeting5-2	mid_campin	86	138
warp	mid_campin	94	141	mid_meeting6-1	mid_campin	117	181
warp	mid_campin	117	178	mid_meeting6-2	mid_campin	94	138
warp	mid_campin	111	128	mid_meeting7-1	mid_campin	165	170
warp	mid_campin	162	170	mid_meeting7-2	mid_campin	108	128
warp	mid_campin	162	126	mid_meeting8-1	mid_campin	110	120
warp	mid_campin	113	114	mid_meeting9-1	mid_campin	165	82
warp	mid_campin	162	82	mid_meeting9-2	mid_campin	110	114
warp	mid_camp	266	260	mid_house1-1	mid_campin	284	124
warp	mid_campin	282	124	mid_house1-2	mid_camp	263	260
warp	mid_camp	163	231	mid_house2-1	mid_campin	376	133
warp	mid_campin	376	136	mid_house2-2	mid_camp	163	234
file	npc/warps/cities/morroc.txt
warp	morocc	160	17	moc001	moc_fild12	159	378
warp	morocc	160	297	moc003	moc_fild07	198	25
warp	morocc	197	66	moc01	morocc_in	83	92
warp	morocc	27	294	moc02	moc_ruins	156	42
warp	morocc	24	164	moc004	moc_fild19	164	107
warp	morocc	253	56	moc03	morocc_in	134	74
warp	morocc	274	269	moc04	morocc_in	138	136
warp	morocc	283	170	moc07	morocc_in	108	176
warp	morocc	299	207	moc005	moc_fild20	36	177
warp	morocc	46	46	moc05	morocc_in	68	72
warp	morocc	52	259	moc06	morocc_in	180	65
warp	morocc	85	55	moc08	morocc_in	44	149
warp	morocc	98	68	moc09	morocc_in	44	175
warp	morocc_in	105	95	moc10-1	morocc_in	90	95
warp	morocc_in	106	123	moc11-1	morocc_in	90	123
warp	morocc_in	108	179	moc07-1	morocc	283	173
warp	morocc_in	134	77	moc03-1	morocc	251	59
warp	morocc_in	136	136	moc04-1	morocc	271	269
warp	morocc_in	144	109	moc12-1	morocc_in	144	125
warp	morocc_in	144	122	moc12	morocc_in	144	106
warp	morocc_in	144	151	moc13	morocc_in	144	169
warp	morocc_in	144	166	moc13-1	morocc_in	144	148
warp	morocc_in	149	129	moc14	morocc_in	169	129
warp	morocc_in	166	130	moc14-1	morocc_in	146	130
warp	morocc_in	171	37	moc15-1	morocc_in	171	52
warp	morocc_in	171	50	moc15	morocc_in	171	35
warp	morocc_in	174	109	moc22	morocc_in	174	125
warp	morocc_in	174	122	moc22-1	morocc_in	174	106
warp	morocc_in	174	151	moc16	morocc_in	174	169
warp	morocc_in	174	166	moc16-1	morocc_in	174	148
warp	morocc_in	183	65	moc06-1	morocc	55	259
warp	morocc_in	23	161	moc17	morocc_in	37	161
warp	morocc_in	34	161	moc17-1	morocc_in	20	161
warp	morocc_in	44	146	moc08-1	morocc	82	52
warp	morocc_in	44	178	moc09-1	morocc	100	70
warp	morocc_in	55	123	moc18-1	morocc_in	71	123
warp	morocc_in	55	95	moc19-1	morocc_in	71	95
warp	morocc_in	57	161	moc20	morocc_in	73	161
warp	morocc_in	68	123	moc18	morocc_in	52	123
warp	morocc_in	68	42	moc21-1	morocc_in	68	65
warp	morocc_in	68	62	moc21	morocc_in	68	38
warp	morocc_in	68	75	moc05-1	morocc	49	49
warp	morocc_in	68	95	moc19	morocc_in	52	95
warp	morocc_in	70	161	moc20-1	morocc_in	54	161
warp	morocc_in	83	90	moc01-1	morocc	199	64
warp	morocc_in	86	101	moc23	morocc_in	86	120
warp	morocc_in	86	117	moc23-1	morocc_in	86	98
warp	morocc_in	93	123	moc11	morocc_in	109	123
warp	morocc_in	93	95	moc10	morocc_in	109	95
warp	moc_ruins	159	39	moc02-2	morocc	30	290
warp	moc_ruins	54	161	moc006	moc_pryd01	192	9
warp	moc_ruins	71	16	moc007	moc_fild19	71	167
file	npc/warps/cities/moscovia.txt
warp	moscovia	256	138	moskwarp1001	mosk_in	96	61
warp	mosk_in	93	61	moskwarp1002	moscovia	255	140
warp	mosk_in	99	126	moskwarp1003	mosk_in	21	116
warp	mosk_in	21	113	moskwarp1004	mosk_in	99	123
warp	moscovia	185	188	moskwarp1005	mosk_in	15	179
warp	mosk_in	12	179	moskwarp1006	moscovia	186	191
warp	moscovia	203	171	moskwarp1007	mosk_in	86	180
warp	mosk_in	89	180	moskwarp1008	moscovia	204	169
warp	moscovia	223	174	moskwarp1009	mosk_in	14	246
warp	mosk_in	11	246	moskwarp1010	moscovia	222	176
warp	moscovia	229	208	moskwarp1011	mosk_in	142	178
warp	mosk_in	142	175	moskwarp1012	moscovia	227	207
warp	mosk_in	150	192	moskwarp1013	mosk_in	204	188
warp	mosk_in	202	188	moskwarp1014	mosk_in	148	192
warp	moscovia	256	179	moskwarp1015	mosk_in	211	114
warp	mosk_in	211	111	moskwarp1016	moscovia	253	179
warp	mosk_in	222	128	moskwarp1017	mosk_in	288	118
warp	mosk_in	288	116	moskwarp1018	mosk_in	222	126
warp	moscovia	205	98	moskwarp1021	mosk_in	214	255
warp	mosk_in	214	252	moskwarp1022	moscovia	203	96
warp	mosk_in	220	273	moskwarp1023	mosk_in	152	275
warp	mosk_in	152	272	moskwarp1024	mosk_in	220	270
file	npc/warps/cities/nameless.txt
warp	nameless_n	157	184	namelesswarp0401	abbey01	51	12
warp	nameless_i	252	130	namelesswarp1003	nameless_in	26	128
warp	nameless_in	23	128	namelesswarp1004	nameless_i	249	130
warp	nameless_i	79	256	namelesswarp1005	nameless_in	12	172
warp	nameless_in	12	169	namelesswarp1006	nameless_i	82	256
warp	nameless_i	78	94	namelesswarp1007	nameless_in	96	180
warp	nameless_in	96	177	namelesswarp1008	nameless_i	81	96
file	npc/warps/cities/niflheim.txt
warp	nif_fild01	345	323	nwarp7	nif_fild02	23	312
warp	nif_fild02	21	312	nwarp8	nif_fild01	343	322
warp	nif_fild02	379	235	nwarp9	niflheim	20	153
warp	niflheim	18	151	nwarp10	nif_fild02	376	235
warp	niflheim	220	169	nwarp11	nif_in	14	88
warp	nif_in	11	88	nwarp12	niflheim	218	170
warp	niflheim	219	199	nwarp13	nif_in	136	14
warp	nif_in	134	12	nwarp14	niflheim	218	197
warp	niflheim	190	241	nwarp19a	nif_in	81	77
warp	nif_in	78	74	nwarp20a	niflheim	187	241
warp	niflheim	189	211	nwarp21a	nif_in	20	14
warp	nif_in	23	12	nwarp22a	niflheim	189	207
warp	nif_in	34	34	nwarp23	nif_in	88	31
warp	nif_in	88	29	nwarp24	nif_in	34	31
warp	niflheim	255	194	nwarp15	nif_in	20	156
warp	nif_in	18	154	nwarp16	niflheim	254	192
warp	nif_in	65	168	nwarp17	nif_in	141	174
warp	nif_in	140	171	nwarp18	nif_in	65	165
warp	niflheim	165	162	nwarp19	nif_in	156	80
warp	nif_in	169	82	nwarp20	nif_in	189	105
warp	nif_in	186	105	nwarp21	nif_in	167	82
warp	nif_in	154	78	nwarp22	niflheim	167	161
file	npc/warps/cities/payon.txt
warp	payon	122	27	payonwarp003	pay_fild01	333	356
warp	pay_fild01	333	360	payonwarp004	payon	122	31
warp	payon	267	89	payonwarp005	pay_fild08	20	74
warp	payon	228	330	payonwarp007	pay_arche	81	22
warp	pay_arche	81	18	payonwarp008	payon	228	326
warp	payon	223	117	payonwarp009	payon_in01	175	11
warp	payon_in01	172	11	payonwarp010	payon	219	117
warp	payon_in01	180	43	payonwarp011	payon_in01	181	73
warp	payon_in01	181	70	payonwarp012	payon_in01	180	40
warp	payon_in01	193	92	payonwarp013	payon_in01	143	61
warp	payon_in01	146	61	payonwarp014	payon_in01	193	89
warp	payon_in01	133	42	payonwarp015	payon_in01	133	18
warp	payon_in01	133	21	payonwarp016	payon_in01	133	45
warp	payon	140	85	payonwarp017	payon_in01	14	51
warp	payon_in01	17	51	payonwarp018	payon	143	85
warp	payon_in01	10	59	payonwarp019	payon_in01	10	83
warp	payon_in01	10	80	payonwarp021	payon_in01	10	56
warp	payon_in01	10	38	payonwarp022	payon_in01	10	14
warp	payon_in01	10	17	payonwarp023	payon_in01	10	41
warp	payon	135	158	payonwarp024	payon_in01	20	129
warp	payon_in01	23	129	payonwarp025	payon	138	158
warp	payon	130	169	payonwarp026	payon_in01	13	136
warp	payon_in01	13	139	payonwarp027	payon	130	172
warp	payon	151	127	payonwarp028	payon_in01	56	53
warp	payon_in01	56	50	payonwarp029	payon	151	124
warp	payon	155	248	payonwarp030	payon_in03	98	117
warp	payon_in03	98	114	payonwarp031	payon	155	245
warp	payon_in03	90	124	payonwarp032	payon_in03	80	124
warp	payon_in03	83	124	payonwarp033	payon_in03	93	124
warp	payon_in03	99	133	payonwarp034	payon_in03	99	151
warp	payon_in03	99	148	payonwarp035	payon_in03	99	130
warp	payon_in03	107	124	payonwarp036	payon_in03	117	124
warp	payon_in03	114	124	payonwarp037	payon_in03	104	124
warp	payon	189	233	payonwarp038	payon_in03	149	39
warp	payon_in03	146	39	payonwarp039	payon	186	233
warp	payon_in03	158	32	payonwarp040	payon_in03	130	14
warp	payon_in03	130	17	payonwarp041	payon_in03	158	35
warp	payon_in03	172	32	payonwarp042	payon_in03	160	14
warp	payon_in03	160	17	payonwarp043	payon_in03	172	35
warp	payon_in03	186	32	payonwarp044	payon_in03	190	13
warp	payon_in03	190	17	payonwarp045	payon_in03	186	35
warp	payon	256	285	payonwarp046	payon_in01	45	11
warp	payon_in01	42	11	payonwarp047	payon	253	285
warp	pay_arche	36	131	payonwarp048	pay_dun00	21	183
warp	pay_arche	71	156	payonwarp049	payon_in02	82	41
warp	pay_arche	92	170	payonwarp050	payon_in02	50	7
warp	pay_arche	145	165	payonwarp051	payon_in02	64	60
warp	payon_in02	10	25	payonwarp052	payon_in02	72	67
warp	payon_in02	35	67	payonwarp053	payon_in02	55	67
warp	payon_in02	50	4	payonwarp054	pay_arche	92	166
warp	payon_in02	52	67	payonwarp055	payon_in02	32	67
warp	payon_in02	61	33	payonwarp056	payon_in02	73	33
warp	payon_in02	64	56	payonwarp057	pay_arche	141	161
warp	payon_in02	70	33	payonwarp058	payon_in02	58	33
warp	payon_in02	75	67	payonwarp059	payon_in02	13	25
warp	payon_in02	82	45	payonwarp060	pay_arche	74	153
warp	payon	127	204	payonwarp061	payon_in03	81	19
warp	payon_in03	85	19	payonwarp062	payon	131	204
warp	payon_in03	74	18	payonwarp063	payon_in03	62	18
warp	payon_in03	67	18	payonwarp064	payon_in03	78	18
warp	payon_in03	46	18	payonwarp065	payon_in03	35	18
warp	payon_in03	39	18	payonwarp066	payon_in03	51	18
warp	payon_in03	28	18	payonwarp067	payon_in03	17	18
warp	payon_in03	21	18	payonwarp068	payon_in03	32	18
warp	payon	155	327	payonwarp069	payon_in03	165	143
warp	payon_in03	165	140	payonwarp070	payon	155	324
warp	payon_in03	185	178	payonwarp071	payon_in03	185	149
warp	payon_in03	185	153	payonwarp072	payon_in03	185	182
warp	payon	107	327	payonwarp073	payon_in03	19	64
warp	payon_in03	19	60	payonwarp074	payon	107	323
warp	payon_in03	19	73	payonwarp075	payon_in03	19	90
warp	payon_in03	19	86	payonwarp076	payon_in03	19	69
warp	payon_in03	19	103	payonwarp077	payon_in03	19	122
warp	payon_in03	19	118	payonwarp078	payon_in03	19	99
warp	payon_in03	11	131	payonwarp079	payon_in03	11	146
warp	payon_in03	11	142	payonwarp080	payon_in03	11	127
warp	payon_in03	27	131	payonwarp081	payon_in03	27	146
warp	payon_in03	27	142	payonwarp082	payon_in03	27	127
warp	payon_in03	11	161	payonwarp083	payon_in03	11	176
warp	payon_in03	11	172	payonwarp084	payon_in03	11	157
warp	payon_in03	27	161	payonwarp085	payon_in03	27	176
warp	payon_in03	27	172	payonwarp086	payon_in03	27	157
warp	payon_in01	86	9	payonwarp087	payon	266	152
warp	payon	270	152	payonwarp088	payon_in01	90	9
warp	payon_in01	107	71	payonwarp089	payon_in01	96	37
warp	payon_in01	93	37	payonwarp090	payon_in01	104	71
file	npc/warps/cities/prontera.txt
warp	prontera	107	215	prt01	prt_in	240	139
warp	prontera	120	267	prt02	prt_in	180	97
warp	prontera	133	183	prt03	prt_in	50	105
warp	prontera	134	221	prt04	prt_in	131	71
warp	prontera	156	22	prt001	prt_fild08	170	375
warp	prontera	177	221	prt05	prt_in	168	128
warp	prontera	179	184	prt06	prt_in	60	73
warp	prontera	192	267	prt07	prt_in	178	55
warp	prontera	204	192	prt08	prt_in	68	134
warp	prontera	208	154	prt09	prt_in	172	29
warp	prontera	22	203	prt002	prt_fild05	367	205
warp	prontera	237	317	prt004	prt_church	100	60
warp	prontera	289	203	prt003	prt_fild06	27	193
warp	prontera	42	67	prt10	prt_in	44	29
warp	prontera	45	346	prt11	prt_in	80	110
warp	prontera	73	100	prt12	prt_in	208	176
warp	prontera	74	90	prt13	prt_in	248	170
warp	prontera	84	89	prt14-1	prt_in	282	176
warp	prontera	263	279	prt15-2	prt_in	227	18
warp	prt_in	135	71	prt04-1	prontera	136	219
warp	prt_in	168	124	prt05-1	prontera	174	218
warp	prt_in	172	33	prt09-1	prontera	205	157
warp	prt_in	181	55	prt07-1	prontera	192	264
warp	prt_in	183	97	prt02-1	prontera	120	264
warp	prt_in	208	179	prt12-1	prontera	76	102
warp	prt_in	217	163	prt15	prt_in	236	163
warp	prt_in	234	163	prt15-1	prt_in	215	163
warp	prt_in	240	141	prt01-1	prontera	107	218
warp	prt_in	248	173	prt13-1	prontera	77	93
warp	prt_in	254	113	prt16	prt_in	256	134
warp	prt_in	256	131	prt16-1	prt_in	254	110
warp	prt_in	263	163	prt17	prt_in	276	163
warp	prt_in	274	163	prt17-1	prt_in	261	163
warp	prt_in	282	179	prt14	prontera	87	91
warp	prt_in	37	65	prt18	prt_in	51	65
warp	prt_in	47	29	prt10-1	prontera	46	67
warp	prt_in	48	65	prt18-1	prt_in	34	65
warp	prt_in	53	105	prt03-1	prontera	136	186
warp	prt_in	60	77	prt06-1	prontera	175	188
warp	prt_in	68	130	prt08-1	prontera	204	188
warp	prt_in	69	65	prt19a	prt_in	84	65
warp	prt_in	70	143	prt20	prt_in	70	165
warp	prt_in	70	162	prt20-1	prt_in	70	140
warp	prt_in	80	113	prt11-1	prontera	48	343
warp	prt_in	82	65	prt19b	prt_in	66	65
warp	prt_in	227	15	prt20-2	prontera	263	275
warp	prt_church	100	56	prtch001	prontera	234	314
warp	prt_church	109	81	prtch01	prt_church	172	19
warp	prt_church	168	19	prtch01-1	prt_church	105	81
warp	prt_church	31	19	prtch02	prt_church	94	81
warp	prt_church	90	81	prtch02-1	prt_church	27	19
file	npc/warps/cities/splendide.txt
warp	splendide	240	317	splendide1-1	spl_in02	224	232
warp	spl_in02	222	232	splendide1-2	splendide	238	317
warp	splendide	230	299	splendide2-1	spl_in02	207	195
warp	spl_in02	207	193	splendide2-2	splendide	228	299
warp	splendide	214	310	splendide3-1	spl_in02	180	223
warp	spl_in02	180	221	splendide3-2	splendide	214	308
warp	splendide	157	316	splendide4-1	spl_in02	108	213
warp	spl_in02	108	211	splendide4-2	splendide	157	314
warp	splendide	119	324	splendide5-1	spl_in02	61	229
warp	spl_in02	62	227	splendide5-2	splendide	119	322
warp	splendide	286	128	splendide6-1	spl_in02	236	63
warp	spl_in02	234	64	splendide6-2	splendide	284	129
warp	splendide	259	112	splendide7-1	spl_in02	189	41
warp	spl_in02	187	42	splendide7-2	splendide	259	114
warp	splendide	286	229	splendide8-1	spl_in02	137	66
warp	spl_in02	135	66	splendide8-2	splendide	284	228
warp	splendide	299	251	splendide9-1	spl_in02	140	93
warp	spl_in02	139	91	splendide9-2	splendide	297	250
warp	splendide	132	68	splendide10-1	spl_in02	45	52
warp	spl_in02	44	54	splendide10-2	splendide	133	70
warp	splendide	197	193	splendide11-1	spl_in01	110	19
warp	spl_in01	110	17	splendide11-2	splendide	197	191
warp	spl_in01	124	38	splendide11-3	spl_in01	236	36
warp	spl_in01	238	36	splendide11-4	spl_in01	126	38
warp	spl_in01	95	38	splendide11-5	spl_in01	199	36
warp	spl_in01	197	36	splendide11-6	spl_in01	93	38
warp	spl_in01	218	22	splendide11-7	spl_in01	310	19
warp	spl_in01	310	17	splendide11-8	spl_in01	218	20
warp	splendide	170	168	splendide12-1	spl_in01	190	301
warp	spl_in01	190	299	splendide12-2	splendide	170	166
warp	spl_in01	191	320	splendide12-3	spl_in01	276	334
warp	spl_in01	276	336	splendide12-4	spl_in01	190	322
warp	splendide	156	210	splendide13-1	spl_in01	171	189
warp	spl_in01	171	187	splendide13-2	splendide	156	208
warp	splendide	198	240	splendide14-1	spl_in01	110	301
warp	spl_in01	110	299	splendide14-2	splendide	198	238
warp	splendide	238	212	splendide15-1	spl_in01	30	215
warp	spl_in01	30	213	splendide15-2	splendide	237	210
warp	splendide	228	164	splendide16-1	spl_in01	30	301
warp	spl_in01	30	299	splendide16-2	splendide	228	162
file	npc/warps/cities/umbala.txt
warp	umbala	68	253	um_chief1-1	um_in	38	113
warp	um_in	38	110	um_chief1-2	umbala	66	250
warp	umbala	138	129	um_tool1-1	um_in	99	114
warp	um_in	99	111	um_tool1-2	umbala	136	127
warp	umbala	125	157	um_weapon1-1	um_in	155	114
warp	um_in	155	111	um_weapon1-2	umbala	126	154
warp	umbala	94	186	um_houseA1-1	um_in	141	42
warp	um_in	141	39	um_houseA1-2	umbala	94	183
warp	umbala	100	203	um_houseA2-1	um_in	163	69
warp	um_in	166	69	um_houseA2-2	umbala	102	205
warp	umbala	107	130	um_houseB1-1	um_in	99	66
warp	um_in	99	63	um_houseB1-2	umbala	108	127
warp	um_in	29	71	um_shaman2-1	umbala	217	186
file	npc/warps/cities/veins.txt
warp	veins	230	166	ve_Tool1-1	ve_in	251	287
warp	ve_in	251	283	ve_Tool1-2	veins	230	161
warp	ve_in	261	315	ve_Tool2-1	ve_in	177	297
warp	ve_in	177	293	ve_Tool2-2	ve_in	261	311
warp	veins	150	179	ve_Weapon1-1	ve_in	349	223
warp	ve_in	349	219	ve_Weapon1-2	veins	150	175
warp	ve_in	347	250	ve_Weapon2-1	ve_in	282	223
warp	ve_in	286	223	ve_Weapon2-2	ve_in	352	250
warp	veins	114	278	ve_Inn1-1	ve_in	183	207
warp	ve_in	183	203	ve_Inn1-2	veins	110	278
warp	veins	128	270	ve_Inn2-1	ve_in	201	211
warp	ve_in	206	211	ve_Inn2-2	veins	128	266
warp	veins	130	238	ve_Inn3-1	ve_in	99	219
warp	ve_in	99	215	ve_Inn3-2	veins	127	235
warp	ve_in	76	229	ve_Inn4-1	ve_in	75	160
warp	ve_in	71	160	ve_Inn4-2	ve_in	72	229
warp	veins	148	220	ve_Bar1-1	ve_in	252	127
warp	ve_in	256	127	ve_Bar1-2	veins	150	215
warp	ve_in	224	115	ve_Bar2-1	ve_in	313	114
warp	ve_in	309	114	ve_Bar2-2	ve_in	220	115
warp	veins	197	260	ve_Church1-1	ve_in	351	321
warp	ve_in	351	317	ve_Church1-2	veins	197	255
warp	veins	88	173	ve_House1_1-1	ve_in	77	295
warp	ve_in	77	291	ve_House1_1-2	veins	88	168
warp	ve_in	98	299	ve_House1_2-1	ve_in	124	372
warp	ve_in	128	372	ve_House1_2-2	ve_in	102	299
warp	veins	337	231	ve_House2_1-1	ve_in	194	374
warp	ve_in	194	369	ve_House2_1-2	veins	331	231
warp	veins	267	230	ve_factory1-1	ve_in02	17	19
warp	ve_in02	13	19	ve_factory1-2	veins	269	225
warp	veins	143	25	veins1-1	ve_fild07	147	366
warp	veins	218	361	veins2-1	ve_fild06	148	225
file	npc/warps/cities/yuno.txt
warp	yuno	158	15	yun-yunfild	yuno_fild04	231	284
warp	yuno	117	135	yun01	yuno_in01	116	37
warp	yuno_in01	116	40	yun02	yuno	120	138
warp	yuno	48	105	yun03	yuno_in01	37	176
warp	yuno_in01	40	176	yun04	yuno	51	105
warp	yuno_in01	32	182	yun05	yuno_in01	86	164
warp	yuno_in01	82	164	yun06	yuno_in01	28	182
warp	yuno	48	151	yun07	yuno_in01	30	100
warp	yuno_in01	34	100	yun08	yuno	51	151
warp	yuno	93	180	yun09	yuno_in04	33	127
warp	yuno_in04	33	130	yun10	yuno	95	184
warp	yuno	196	138	yun11	yuno_in01	32	33
warp	yuno_in01	32	36	yun12	yuno	193	142
warp	yuno	264	87	yun13	yuno_in01	168	101
warp	yuno_in01	168	104	yun14	yuno	264	90
warp	yuno	341	203	yun15	yuno_in04	32	58
warp	yuno_in04	29	58	yun16	yuno	338	203
warp	yuno_in04	52	58	yun17	yuno_in04	97	58
warp	yuno_in04	95	58	yun18	yuno_in04	50	58
warp	yuno_in04	103	64	yun19	yuno_in04	103	95
warp	yuno_in04	103	93	yun20	yuno_in04	103	62
warp	yuno_in04	115	64	yun21	yuno_in04	115	95
warp	yuno_in04	115	93	yun22	yuno_in04	115	62
warp	yuno_in04	115	51	yun23	yuno_in04	115	20
warp	yuno_in04	115	22	yun24	yuno_in04	115	53
warp	yuno_in04	103	51	yun25	yuno_in04	103	20
warp	yuno_in04	103	22	yun26	yuno_in04	103	53
warp	yuno_in04	122	57	yun27	yuno_in04	164	110
warp	yuno_in04	161	110	yun28	yuno_in04	120	57
warp	yuno	323	284	yun29	yuno_in03	167	22
warp	yuno_in03	167	19	yun30	yuno	323	280
warp	yuno_in03	167	72	yun31	yuno_in03	179	113
warp	yuno_in03	179	109	yun32	yuno_in03	167	69
warp	yuno_in03	186	119	yun33	yuno_in03	163	174
warp	yuno_in03	161	174	yun34	yuno_in03	183	119
warp	yuno_in03	186	131	yun35	yuno_in03	163	187
warp	yuno_in03	161	187	yun36	yuno_in03	183	131
warp	yuno_in03	173	118	yun37	yuno_in03	120	178
warp	yuno_in03	124	178	yun38	yuno_in03	176	118
warp	yuno_in03	111	192	yun39	yuno_in03	162	132
warp	yuno_in03	162	129	yun40	yuno_in03	111	189
warp	yuno_in03	153	134	yun41	yuno_in03	62	186
warp	yuno_in03	66	186	yun42	yuno_in03	155	134
warp	yuno	278	293	yun43	yuno_in03	25	15
warp	yuno_in03	25	11	yun44	yuno	278	290
warp	yuno_in03	32	89	yun45	yuno_in03	25	53
warp	yuno_in03	25	56	yun46	yuno_in03	32	92
warp	yuno	284	366	yun47	yuno_in03	224	23
warp	yuno_in03	224	19	yun48	yuno	284	363
warp	yuno_in03	219	50	yun49	yuno_in03	104	118
warp	yuno_in03	104	115	yun50	yuno_in03	219	47
warp	yuno_in03	244	52	yun51	yuno_in03	235	94
warp	yuno_in03	235	91	yun52	yuno_in03	244	49
warp	yuno_in03	231	61	yun53	yuno_in03	239	144
warp	yuno_in03	239	141	yun54	yuno_in03	231	57
warp	yuno_in03	223	167	yun55	yuno_in03	96	54
warp	yuno_in03	96	58	yun56	yuno_in03	223	170
warp	yuno	87	321	yun57	yuno_in02	168	61
warp	yuno_in02	172	61	yun58	yuno	90	321
warp	yuno_in01	88	36	yun59	yuno_in01	173	34
warp	yuno_in01	176	34	yun60	yuno_in01	91	36
warp	yuno_in02	82	14	yun61	yuno_in05	192	194
warp	yuno_in05	196	194	yun62	yuno_in02	85	14
warp	yuno	245	147	yun65	yuno_in01	101	88
warp	yuno_in01	101	85	yun66	yuno	245	144
warp	yuno_in05	31	167	yun76	yuno_in05	50	85
warp	yuno_in05	50	88	yun77	yuno_in02	85	14
warp	yuno	195	87	yun78	yuno_in04	189	28
warp	yuno_in04	192	28	yun79	yuno	198	87
warp	yuno_pre	52	22	yungvn01	yuno_pre	37	23
warp	yuno_pre	87	22	yungvn02	yuno_pre	102	22
warp	yuno_pre	41	23	yungvn03	yuno_pre	56	22
warp	yuno_pre	18	35	yungvn04	yuno_pre	18	53
warp	yuno_pre	98	22	yungvn05	yuno_pre	83	22
warp	yuno_pre	18	48	yungvn06	yuno_pre	18	31
warp	yuno_pre	18	77	yungvn07	yuno_pre	18	96
warp	yuno_pre	113	48	yungvn08	yuno_pre	84	22
warp	yuno_pre	81	68	yungvn09	yuno_pre	95	68
warp	yuno_pre	18	92	yungvn10	yuno_pre	18	73
warp	yuno	157	322	yungvn11	yuno_pre	69	13
warp	yuno_pre	69	10	yungvn12	yuno	157	317
file	npc/warps/dungeons/abbey.txt
warp	abbey01	51	9	namelesswarp0101	nameless_n	160	184
warp	abbey01	87	122	namelesswarp4001	abbey01	13	201
warp	abbey01	13	204	namelesswarp4002	abbey01	88	118
warp	abbey01	321	102	namelesswarp4003	abbey02	149	11
warp	abbey02	149	8	namelesswarp4004	abbey01	321	99
warp	abbey02	149	290	namelesswarp4005	abbey03	119	8
warp	abbey03	119	5	namelesswarp4006	abbey02	149	287
file	npc/warps/dungeons/abyss.txt
warp	abyss_01	25	24	abysslakedunwarp001	abyss_02	271	270
warp	abyss_02	145	280	abysslakedunwarp002	abyss_03	115	30
warp	abyss_02	277	270	abysslakedunwarp003	abyss_01	25	30
warp	abyss_03	115	25	abysslakedunwarp004	abyss_02	145	275
warp	abyss_01	265	274	abysslakedunwarp005	hu_fild05	177	211
file	npc/warps/dungeons/alde_dun.txt
warp	alde_dun01	292	306	aldd01	alde_dun02	43	24
warp	alde_dun01	167	158	ald002a	c_tower2	148	283
warp	alde_dun01	302	25	ald003a	c_tower1	125	22
warp	alde_dun02	43	20	aldd04	alde_dun01	292	300
warp	alde_dun02	279	250	aldd05	alde_dun03	18	267
warp	alde_dun02	122	169	ald006	c_tower3	47	41
warp	alde_dun02	187	234	ald007	c_tower3	65	147
warp	alde_dun03	12	267	aldd09	alde_dun02	273	250
warp	alde_dun03	277	183	ald010	c_tower2	27	27
warp	alde_dun03	191	31	ald011	c_tower3	217	159
warp	alde_dun03	276	48	ald012	c_tower1	235	223
warp	alde_dun04	80	273	aldd016	alde_dun03	263	26
warp	alde_dun04	207	225	ald017	c_tower3	7	34
warp	alde_dun04	215	192	ald018	c_tower2	148	283
warp	alde_dun04	32	74	aldd19	alde_dun02	187	239
warp	alde_dun04	208	58	aldd20	alde_dun04	268	74
warp	alde_dun04	272	74	aldd021	alde_dun04	204	62
file	npc/warps/dungeons/ama_dun.txt
warp	ama_dun01	235	144	ama_dun1-1	ama_dun02	33	40
warp	ama_dun02	30	40	ama_dun1-2	ama_dun01	232	144
warp	ama_dun02	196	123	ama_dun2-1	ama_dun03	120	12
warp	ama_dun03	120	9	ama_dun2-2	ama_dun02	196	120
file	npc/warps/dungeons/anthell.txt
warp	cmd_fild08	335	355	moc_ant1-1	anthell01	35	262
warp	anthell01	35	267	moc_ant1-2	cmd_fild08	330	355
warp	cmd_fild08	348	82	moc_ant2-1	anthell02	168	170
warp	anthell02	172	169	moc_ant2-2	cmd_fild08	344	82
warp	anthell01	253	32	ant01	anthell02	34	263
warp	anthell02	32	267	ant01-1	anthell01	253	35
file	npc/warps/dungeons/ayo_dun.txt
warp	ayo_fild02	285	149	ayo_dun1-1	ayo_dun01	275	18
warp	ayo_dun01	274	14	ayo_dun1-2	ayo_fild02	279	150
warp	ayo_dun02	24	22	ayo_dun2-1	ayo_dun01	24	279
warp	ayo_dun02	276	22	ayo_dun2-2	ayo_dun01	24	279
file	npc/warps/dungeons/beach_dun.txt
warp	comodo	24	214	cmd_beach_dun1-1	beach_dun	266	67
warp	beach_dun	276	67	cmd_beach_dun1-2	comodo	31	215
warp	comodo	176	358	cmd_beach_dun2-1	beach_dun2	154	25
warp	beach_dun2	154	13	cmd_beach_dun2-2	comodo	176	353
warp	comodo	333	175	cmd_beach_dun3-1	beach_dun3	23	260
warp	beach_dun3	17	265	cmd_beach_dun3-2	comodo	328	175
warp	beach_dun3	286	57	cmd_beach_dun4-1	cmd_fild01	30	317
warp	cmd_fild01	26	318	cmd_beach_dun4-2	beach_dun3	281	56
file	npc/warps/dungeons/bra_dun.txt
warp	bra_dun01	199	35	brad1tobrad2	bra_dun02	261	263
warp	bra_dun02	261	265	brad2tobrad1	bra_dun01	199	37
file	npc/warps/dungeons/c_tower.txt
warp	aldebaran	139	135	ald002	c_tower1	199	159
warp	c_tower1	200	157	ald003	aldebaran	139	131
warp	c_tower1	235	226	clt001	c_tower2	268	26
warp	c_tower1	123	22	clt002	alde_dun01	297	25
warp	c_tower2	142	283	clt003	c_tower3	65	147
warp	c_tower2	24	24	clt004	alde_dun03	277	178
warp	c_tower2	273	26	clt005	c_tower1	235	223
warp	c_tower3	60	147	clt009	c_tower2	148	283
warp	c_tower3	212	159	clt010	alde_dun03	276	53
warp	c_tower3	7	39	clt011	alde_dun01	171	158
warp	c_tower3	42	41	clt012	alde_dun02	127	169
warp	c_tower3	146	8	clt013	c_tower1	235	223
warp	c_tower4	37	70	clt017	alde_dun03	277	54
warp	c_tower4	51	156	clt018	alde_dun01	171	158
warp	c_tower4	68	46	clt019	c_tower4	73	154
warp	c_tower4	70	19	clt020	c_tower3	151	8
warp	c_tower4	79	49	clt021	c_tower4	204	60
warp	c_tower4	133	202	clt022	c_tower4	140	149
warp	c_tower4	153	107	clt023	c_tower2	228	267
warp	c_tower4	171	179	clt024	alde_dun03	276	53
warp	c_tower4	198	59	clt025	c_tower4	152	98
warp	c_tower4	204	57	clt026	c_tower4	65	77
file	npc/warps/dungeons/ein_dun.txt
warp	einbech	138	252	eib_d01	ein_dun01	22	14
warp	ein_dun01	22	11	eib_d01a	einbech	138	249
warp	ein_dun01	261	255	ein012	ein_dun02	291	292
warp	ein_dun02	286	292	ein012a	ein_dun01	261	258
warp	ein_dun02	216	210	EinCave01A_EinCave01B	ein_dun02	208	228
warp	ein_dun02	228	109	EinCave02A_EinCave02B	ein_dun02	191	130
warp	ein_dun02	210	225	EinCave01B_EinCave01A	ein_dun02	216	207
warp	ein_dun02	195	130	EinCave02B_EinCave02A	ein_dun02	233	109
file	npc/warps/dungeons/gef_dun.txt
warp	gef_tower	106	115	geft01	gef_tower	106	72
warp	gef_tower	106	69	geft01-1	gef_tower	106	112
warp	gef_tower	44	36	geft02	gef_tower	106	162
warp	gef_tower	106	158	geft02-1	gef_tower	44	33
warp	gef_tower	118	68	geft03	gef_tower	116	28
warp	gef_tower	116	31	geft03-1	gef_tower	118	71
warp	gef_tower	120	158	geft04	gef_tower	118	111
warp	gef_tower	118	114	geft04-1	gef_tower	120	161
warp	gef_tower	158	104	geft05	gef_tower	156	90
warp	gef_tower	156	93	geft05-1	gef_tower	158	107
warp	gef_tower	158	150	geft06	gef_tower	158	124
warp	gef_tower	158	128	geft06-1	gef_tower	158	153
warp	gef_tower	158	174	geft07	gef_tower	52	140
warp	gef_tower	52	136	geft07-1	gef_tower	158	169
warp	gef_tower	38	160	geft08	gef_tower	42	90
warp	gef_tower	42	86	geft08-1	gef_tower	38	157
warp	gef_tower	66	156	geft08-2	gef_tower	42	90
warp	gef_tower	153	28	gef005	gef_dun00	104	99
warp	gef_tower	52	181	gef006	geffen	120	110
warp	gef_tower	60	32	geft09	gef_tower	62	90
warp	gef_tower	62	87	geft09-1	gef_tower	60	30
warp	gef_dun00	104	103	gef024	gef_tower	153	31
warp	gef_dun00	107	169	gefd01	gef_dun01	115	236
warp	gef_dun01	115	240	gefd01-1	gef_dun00	107	165
warp	gef_dun01	197	38	gefd02	gef_dun02	106	132
warp	gef_dun02	106	134	gefd02-1	gef_dun01	197	40
warp	gef_dun03	203	204	gefd03-1	gef_dun02	215	63
file	npc/warps/dungeons/gon_dun.txt
warp	gonryun	159	201	gon_dun1-1	gon_dun01	153	48
warp	gon_dun01	153	45	gon_dun1-2	gonryun	159	198
warp	gon_dun01	162	273	gon_dun2-1	gon_dun02	17	113
warp	gon_dun02	14	113	gon_dun2-2	gon_dun01	162	270
warp	gon_dun02	44	213	gon_dun3-1	gon_dun02	51	119
warp	gon_dun02	92	190	gon_dun3-2	gon_dun02	199	20
warp	gon_dun02	44	166	gon_dun3-3	gon_dun02	97	121
warp	gon_dun02	148	236	gon_dun3-4	gon_dun02	234	194
warp	gon_dun02	171	258	gon_dun3-5	gon_dun02	76	96
warp	gon_dun02	234	191	gon_dun3-6	gon_dun02	145	233
warp	gon_dun02	165	189	gon_dun3-7	gon_dun02	235	135
warp	gon_dun02	180	189	gon_dun3-8	gon_dun02	170	164
warp	gon_dun02	170	161	gon_dun3-9	gon_dun02	89	41
warp	gon_dun02	56	119	gon_dun3-10	gon_dun02	47	210
warp	gon_dun02	94	118	gon_dun3-11	gon_dun02	177	189
warp	gon_dun02	76	100	gon_dun3-12	gon_dun02	145	62
warp	gon_dun02	63	66	gon_dun3-14	gon_dun02	203	94
warp	gon_dun02	86	44	gon_dun3-15	gon_dun02	145	233
warp	gon_dun02	168	92	gon_dun3-16	gon_dun02	273	76
warp	gon_dun02	145	66	gon_dun3-17	gon_dun02	199	20
warp	gon_dun02	235	138	gon_dun3-18	gon_dun02	168	189
warp	gon_dun02	199	94	gon_dun3-19	gon_dun02	60	70
warp	gon_dun02	276	76	gon_dun3-20	gon_dun02	163	87
warp	gon_dun02	196	20	gon_dun3-21	gon_dun02	95	190
warp	gon_dun02	251	268	gon_dun4-1	gon_dun03	68	9
warp	gon_dun03	68	6	gon_dun4-2	gon_dun02	251	265
file	npc/warps/dungeons/ice_dun.txt
warp	ice_dun01	157	10	ice001	ra_fild01	233	327
warp	ice_dun01	146	161	ice002	ice_dun02	151	139
warp	ice_dun02	151	145	ice003	ice_dun01	146	157
warp	ice_dun02	150	285	ice004	ice_dun03	149	24
warp	ice_dun03	149	19	ice005	ice_dun02	150	280
warp	ice_dun04	33	140	ice006	ice_dun03	149	130
file	npc/warps/dungeons/in_sphinx.txt
warp	in_sphinx1	288	6	sphx001	moc_fild19	100	99
warp	in_sphinx1	80	191	sphx01	in_sphinx2	149	81
warp	in_sphinx2	149	77	sphx01-1	in_sphinx1	80	189
warp	in_sphinx2	276	272	sphx02	in_sphinx3	210	54
warp	in_sphinx3	210	57	sphx02-1	in_sphinx2	274	272
warp	in_sphinx3	35	227	sphx03	in_sphinx3	62	227
warp	in_sphinx3	60	227	sphx03-1	in_sphinx3	32	227
warp	in_sphinx3	70	111	sphx04	in_sphinx3	70	81
warp	in_sphinx3	70	83	sphx04-1	in_sphinx3	70	113
warp	in_sphinx3	12	69	sphx05	in_sphinx4	10	222
warp	in_sphinx4	10	224	sphx05-1	in_sphinx3	12	71
warp	in_sphinx4	120	113	sphx06	in_sphinx5	100	99
warp	in_sphinx5	100	96	sphx06-1	in_sphinx4	120	116
warp	in_sphinx5	11	16	sphx07	in_sphinx5	189	181
warp	in_sphinx5	11	183	sphx07-1	in_sphinx5	11	18
warp	in_sphinx5	189	16	sphx08-1	in_sphinx5	11	181
warp	in_sphinx5	16	188	sphx08-2	in_sphinx5	181	188
warp	in_sphinx5	16	10	sphx08-3	in_sphinx5	181	10
warp	in_sphinx5	183	10	sphx08-4	in_sphinx5	18	188
warp	in_sphinx5	183	188	sphx08-5	in_sphinx5	18	10
warp	in_sphinx5	189	183	sphx08-6	in_sphinx5	189	18
file	npc/warps/dungeons/iz_dun.txt
warp	izlu2dun	108	83	izd01	iz_dun00	168	168
warp	iz_dun00	168	173	izd01-1	izlu2dun	108	88
warp	iz_dun00	352	342	izd02	iz_dun01	253	252
warp	iz_dun00	39	41	izd03	iz_dun01	41	37
warp	iz_dun01	118	170	izd04	iz_dun02	236	204
warp	iz_dun01	253	258	izd02-1	iz_dun00	352	337
warp	iz_dun01	41	32	izd03-1	iz_dun00	39	46
warp	iz_dun02	236	198	izd04-1	iz_dun01	118	165
warp	iz_dun02	339	331	izd05	iz_dun03	32	63
warp	iz_dun03	264	245	izd06	iz_dun04	26	27
warp	iz_dun03	29	63	izd05-1	iz_dun02	339	328
warp	iz_dun04	26	24	izd06-1	iz_dun03	261	245
file	npc/warps/dungeons/juperos.txt
warp	yuno_fild07	207	175	jupwrp01	jupe_cave	143	52
warp	jupe_cave	148	52	jupwrp02	yuno_fild07	212	175
warp	jupe_cave	26	52	jupwrp03	juperos_01	53	247
warp	juperos_01	50	250	jupwrp04	jupe_cave	29	52
warp	jupe_gate	28	145	gate#left1	jupe_area1	100	222
warp	jupe_area1	103	222	gate#left2	jupe_gate	31	145
warp	jupe_gate	71	145	gate#right1	jupe_area2	63	222
warp	jupe_area2	60	222	gate#right2	jupe_gate	68	145
warp	jupe_gate	49	55	gate#ele	jupe_ele_r	49	30
file	npc/warps/dungeons/kh_dun.txt
warp	kh_dun01	3	234	kh_dun_00	yuno_fild08	74	174
warp	kh_dun01	232	226	kh_dun_01	kh_dun01	13	12
warp	kh_dun01	63	7	kh_dun_02	kh_dun01	227	176
warp	kh_dun01	232	176	kh_dun_03	kh_dun01	63	12
file	npc/warps/dungeons/lhz_dun.txt
warp	lhz_dun01	149	291	lhz_dun1-1	lhz_in01	19	129
warp	lhz_dun01	281	150	lhz_dun2-1	lhz_dun02	282	153
warp	lhz_dun02	282	161	lhz_dun2-2	lhz_dun01	281	154
warp	lhz_dun01	149	9	lhz_dun3-1	lhz_dun02	153	19
warp	lhz_dun02	146	19	lhz_dun3-2	lhz_dun01	144	9
warp	lhz_dun01	18	145	lhz_dun4-1	lhz_dun02	17	150
warp	lhz_dun02	17	156	lhz_dun4-2	lhz_dun01	18	150
warp	lhz_dun03	139	137	lhz_dun5-2	lhz_dun02	149	142
warp	lhz_cube	231	96	lhzcube1	lhz_dun02	220	6
warp	lhz_dun02	224	6	lhzcube2	lhz_cube	231	90
warp	lhz_cube	231	12	lhzcube3	lighthalzen	310	302
warp	lhz_cube	177	96	lhzcube4	lighthalzen	310	302
warp	lhz_cube	66	67	cubew01-2	lhz_cube	10	18
warp	lhz_cube	74	136	cubew02-1	lhz_cube	10	193
warp	lhz_cube	67	200	cubew03-4	lhz_cube	10	136
warp	lhz_cube	66	11	cubew04-2	lhz_cube	10	18
warp	lhz_cube	66	26	cubew04-4	lhz_cube	123	18
warp	lhz_cube	18	18	cubew05-1	lhz_cube	10	193
warp	lhz_cube	10	11	cubew05-2	lhz_cube	123	18
warp	lhz_cube	10	67	cubew06-2	lhz_cube	123	18
warp	lhz_cube	3	74	cubew06-3	lhz_cube	66	18
warp	lhz_cube	18	136	cubew07-1	lhz_cube	10	74
warp	lhz_cube	3	192	cubew08-3	lhz_cube	10	74
warp	lhz_cube	10	200	cubew08-4	lhz_cube	66	18
warp	lhz_cube	115	18	cubew09-3	lhz_cube	248	184
file	npc/warps/dungeons/lou_dun.txt
warp	louyang	37	271	lou_dun1-1	lou_dun01	218	195
warp	lou_dun01	221	195	lou_dun1-2	louyang	40	273
warp	lou_dun01	40	201	lou_dun2-1	lou_dun02	285	18
warp	lou_dun02	288	18	lou_dun2-2	lou_dun01	38	203
warp	lou_dun02	165	269	lou_dun3-1	lou_dun03	165	38
warp	lou_dun03	165	35	lou_dun3-2	lou_dun02	165	266
file	npc/warps/dungeons/mag_dun.txt
warp	mag_dun01	126	66	mag01-yunfild	yuno_fild03	34	139
warp	mag_dun01	242	241	mag01-02	mag_dun02	47	30
warp	mag_dun02	47	28	mag02-01	mag_dun01	242	239
file	npc/warps/dungeons/mjo_dun.txt
warp	mjo_dun01	14	283	mjod01	mjo_dun02	381	343
warp	mjo_dun01	52	14	mjod001	mjolnir_02	79	363
warp	mjo_dun02	31	21	mjod02	mjo_dun03	302	262
warp	mjo_dun02	384	343	mjod01-1	mjo_dun01	17	283
warp	mjo_dun02	39	21	mjod03	mjo_dun03	308	262
warp	mjo_dun03	302	264	mjod02-1	mjo_dun02	31	23
warp	mjo_dun03	308	264	mjod03-1	mjo_dun02	39	23
file	npc/warps/dungeons/moc_pryd.txt
warp	moc_pryd01	10	195	mocp01	moc_pryd02	10	192
warp	moc_pryd01	195	9	mocp001	moc_ruins	60	161
warp	moc_pryd01	90	109	mocp02	moc_prydb1	100	185
warp	moc_pryd02	10	195	mocp01-1	moc_pryd01	10	192
warp	moc_pryd02	100	99	mocp03	moc_pryd03	100	92
warp	moc_pryd03	100	97	mocp03-1	moc_pryd02	100	92
warp	moc_pryd03	12	15	mocp04	moc_pryd04	12	18
warp	moc_pryd03	15	187	mocp05	moc_pryd04	18	187
warp	moc_pryd03	184	11	mocp06	moc_pryd04	181	11
warp	moc_pryd03	188	184	mocp07	moc_pryd04	188	181
warp	moc_pryd04	12	15	mocp04-1	moc_pryd03	12	18
warp	moc_pryd04	15	187	mocp05-1	moc_pryd03	18	187
warp	moc_pryd04	184	11	mocp06-1	moc_pryd03	181	11
warp	moc_pryd04	188	184	mocp07-1	moc_pryd03	188	181
warp	moc_pryd05	223	9	mocp08	moc_pryd06	192	10
warp	moc_pryd05	94	98	mocp09	moc_prydb1	100	57
warp	moc_pryd06	197	10	mocp08-1	moc_pryd05	220	9
warp	moc_prydb1	100	104	mocp10	moc_prydb1	100	74
warp	moc_prydb1	100	191	moco02-1	moc_pryd01	90	105
warp	moc_prydb1	100	55	mocp09-1	moc_pryd05	94	96
warp	moc_prydb1	100	77	mocp10-1	moc_prydb1	100	107
warp	moc_prydb1	111	115	mocp11	moc_prydb1	145	115
warp	moc_prydb1	142	115	mocp11-1	moc_prydb1	108	115
warp	moc_prydb1	59	115	mocp12	moc_prydb1	90	115
warp	moc_prydb1	87	115	mocp12-1	moc_prydb1	56	115
file	npc/warps/dungeons/mosk_dun.txt
warp	mosk_fild02	190	257	moscoviawarp0401	mosk_dun01	189	45
warp	mosk_dun01	189	42	moscoviawarp0501	mosk_fild02	190	254
warp	mosk_in	215	36	babayagaout	mosk_dun02	53	217
file	npc/warps/dungeons/odin.txt
warp	odin_tem01	378	182	odin01	odin_tem02	28	180
warp	odin_tem02	21	180	odin02	odin_tem01	373	182
warp	odin_tem01	383	334	odin03	odin_tem02	27	334
warp	odin_tem02	21	334	odin04	odin_tem01	379	334
warp	odin_tem02	153	349	odin05	odin_tem03	120	54
warp	odin_tem03	121	49	odin06	odin_tem02	154	345
warp	odin_tem02	261	377	odin07	odin_tem03	247	40
warp	odin_tem03	247	34	odin08	odin_tem02	263	372
file	npc/warps/dungeons/orcsdun.txt
warp	in_orcs01	108	86	orc001	gef_fild10	223	203
warp	in_orcs01	124	171	orc002	gef_fild10	138	329
warp	in_orcs01	162	55	orc003	gef_fild10	214	53
warp	in_orcs01	29	116	orc004	gef_fild10	137	286
warp	in_orcs01	30	154	orc005	gef_fild10	65	335
warp	in_orcs01	30	182	orc01	orcsdun01	32	170
warp	orcsdun01	32	172	orc01-1	in_orcs01	30	180
warp	in_orcs01	108	114	orc02	orcsdun02	180	17
warp	orcsdun02	180	15	orc02-1	in_orcs01	108	112
warp	orcsdun01	183	8	orc03	orcsdun02	21	185
warp	orcsdun02	21	188	orc03-1	orcsdun01	183	11
file	npc/warps/dungeons/pay_dun.txt
warp	pay_dun00	184	33	payd01	pay_dun01	19	33
warp	pay_dun00	21	186	pay005	pay_arche	39	131
warp	pay_dun01	15	33	payd01-1	pay_dun00	181	33
warp	pay_dun01	286	25	payd02	pay_dun02	19	63
warp	pay_dun02	137	128	payd03	pay_dun03	155	159
warp	pay_dun02	16	63	payd02-1	pay_dun01	283	28
warp	pay_dun03	155	161	payd03-1	pay_dun02	137	126
warp	pay_dun04	191	41	payd04-2	pay_dun03	124	62
warp	pay_dun04	202	206	payd04-3	pay_dun03	124	62
warp	pay_dun04	32	204	payd04-4	pay_dun03	124	62
warp	pay_dun04	40	37	payd04-1	pay_dun03	124	62
file	npc/warps/dungeons/prt_maze.txt
warp	prt_maze01	22	194	mazewarp5101	prt_maze01	16	31
warp	prt_maze01	5	186	mazewarp5102	prt_maze01	182	88
warp	prt_maze01	58	194	mazewarp5103	prt_maze01	23	128
warp	prt_maze01	102	165	mazewarp5104	prt_maze01	99	31
warp	prt_maze01	85	174	mazewarp5105	prt_maze02	93	20
warp	prt_maze01	154	181	mazewarp5106	prt_maze01	191	175
warp	prt_maze01	125	171	mazewarp5107	prt_maze01	8	186
warp	prt_maze01	175	165	mazewarp5108	prt_maze01	48	104
warp	prt_maze01	194	175	mazewarp5109	prt_maze01	23	128
warp	prt_maze01	18	154	mazewarp5110	prt_maze01	177	71
warp	prt_maze01	23	125	mazewarp5111	prt_maze01	151	22
warp	prt_maze01	5	140	mazewarp5112	prt_maze01	58	48
warp	prt_maze01	54	154	mazewarp5113	prt_maze01	191	175
warp	prt_maze01	63	125	mazewarp5114	prt_maze01	182	88
warp	prt_maze01	98	154	mazewarp5115	prt_maze01	102	168
warp	prt_maze01	114	145	mazewarp5116	prt_maze01	23	128
warp	prt_maze01	85	146	mazewarp5117	prt_maze01	142	111
warp	prt_maze01	137	125	mazewarp5118	prt_maze01	191	139
warp	prt_maze01	154	134	mazewarp5119	prt_maze01	58	191
warp	prt_maze01	194	139	mazewarp5120	prt_maze01	22	88
warp	prt_maze01	166	139	mazewarp5121	prt_maze01	128	173
warp	prt_maze01	17	114	mazewarp5122	prt_maze01	8	186
warp	prt_maze01	22	85	mazewarp5123	prt_maze01	137	128
warp	prt_maze01	63	114	mazewarp5124	prt_maze01	111	56
warp	prt_maze01	63	85	mazewarp5125	prt_maze01	151	22
warp	prt_maze01	74	97	mazewarp5126	prt_maze01	71	11
warp	prt_maze01	45	104	mazewarp5127	prt_maze01	63	128
warp	prt_maze01	105	114	mazewarp5128	prt_maze01	111	145
warp	prt_maze01	114	95	mazewarp5129	prt_maze01	14	48
warp	prt_maze01	85	97	mazewarp5130	prt_maze01	63	128
warp	prt_maze01	142	114	mazewarp5131	prt_maze01	23	128
warp	prt_maze01	125	105	mazewarp5132	prt_maze01	14	48
warp	prt_maze01	182	85	mazewarp5133	prt_maze01	58	48
warp	prt_maze01	194	94	mazewarp5134	prt_maze01	58	191
warp	prt_maze01	168	94	mazewarp5135	prt_maze01	191	139
warp	prt_maze01	14	74	mazewarp5136	prt_maze01	151	22
warp	prt_maze01	14	45	mazewarp5137	mjolnir_12	44	21
warp	prt_maze01	5	58	mazewarp5138	prt_maze01	48	104
warp	prt_maze01	74	74	mazewarp5139	prt_maze01	58	191
warp	prt_maze01	52	45	mazewarp5140	prt_maze01	139	48
warp	prt_maze01	104	74	mazewarp5141	prt_maze01	14	48
warp	prt_maze01	96	45	mazewarp5142	prt_maze01	63	128
warp	prt_maze01	114	56	mazewarp5143	prt_maze01	176	8
warp	prt_maze01	85	56	mazewarp5144	prt_maze01	105	111
warp	prt_maze01	137	74	mazewarp5145	prt_maze01	182	88
warp	prt_maze01	139	45	mazewarp5146	prt_maze01	71	11
warp	prt_maze01	177	74	mazewarp5147	prt_fild01	136	368
warp	prt_maze01	175	45	mazewarp5148	prt_maze01	58	48
warp	prt_maze01	194	54	mazewarp5149	prt_maze01	99	31
warp	prt_maze01	16	34	mazewarp5150	prt_maze01	128	173
warp	prt_maze01	23	5	mazewarp5151	prt_maze01	176	8
warp	prt_maze01	54	5	mazewarp5152	prt_maze01	128	173
warp	prt_maze01	74	12	mazewarp5153	prt_maze01	58	48
warp	prt_maze01	45	21	mazewarp5154	prt_maze01	142	111
warp	prt_maze01	99	34	mazewarp5155	prt_maze01	137	128
warp	prt_maze01	114	22	mazewarp5156	prt_maze01	177	71
warp	prt_maze01	85	13	mazewarp5157	prt_maze01	22	88
warp	prt_maze01	154	22	mazewarp5158	prt_maze01	139	48
warp	prt_maze01	176	34	mazewarp5159	prt_maze01	8	186
warp	prt_maze01	176	5	mazewarp5160	prt_maze01	137	128
warp	prt_maze01	194	15	mazewarp5161	prt_maze01	52	48
warp	prt_maze01	165	22	mazewarp5162	prt_maze01	63	128
warp	prt_maze02	93	16	mazewarp5201	prt_maze01	102	168
warp	prt_maze02	100	182	mazewarp5202	prt_maze03	182	88
warp	prt_maze03	22	194	mazewarp5301	prt_maze03	175	48
warp	prt_maze03	5	186	mazewarp5302	prt_maze03	151	134
warp	prt_maze03	102	165	mazewarp5304	prt_maze03	137	71
warp	prt_maze03	85	174	mazewarp5305	prt_maze03	14	47
warp	prt_maze03	154	181	mazewarp5306	prt_maze03	139	48
warp	prt_maze03	125	171	mazewarp5307	prt_maze03	105	111
warp	prt_maze03	175	165	mazewarp5308	prt_maze03	71	12
warp	prt_maze03	194	175	mazewarp5309	prt_maze03	191	139
warp	prt_maze03	18	154	mazewarp5310	prt_maze03	48	21
warp	prt_maze03	23	125	mazewarp5311	prt_maze03	177	71
warp	prt_maze03	5	140	mazewarp5312	prt_maze03	111	56
warp	prt_maze03	54	154	mazewarp5313	prt_maze03	142	111
warp	prt_maze03	63	125	mazewarp5314	prt_maze03	88	97
warp	prt_maze03	98	154	mazewarp5315	prt_maze03	99	31
warp	prt_maze03	114	145	mazewarp5316	prt_maze03	168	22
warp	prt_maze03	85	146	mazewarp5317	prt_maze03	22	88
warp	prt_maze03	137	125	mazewarp5318	prt_maze03	71	71
warp	prt_maze03	154	134	mazewarp5319	prt_maze03	8	186
warp	prt_maze03	194	139	mazewarp5320	prt_maze03	191	175
warp	prt_maze03	166	139	mazewarp5321	prt_maze03	63	88
warp	prt_maze03	17	114	mazewarp5322	prt_maze03	128	105
warp	prt_maze03	22	85	mazewarp5323	prt_maze03	88	146
warp	prt_maze03	63	114	mazewarp5324	prt_maze03	14	71
warp	prt_maze03	63	85	mazewarp5325	prt_maze03	169	139
warp	prt_maze03	74	97	mazewarp5326	prt_maze03	54	8
warp	prt_maze03	45	104	mazewarp5327	prt_maze03	96	48
warp	prt_maze03	105	114	mazewarp5328	prt_maze03	128	171
warp	prt_maze03	114	95	mazewarp5329	prt_maze03	176	8
warp	prt_maze03	85	97	mazewarp5330	prt_maze03	63	128
warp	prt_maze03	142	114	mazewarp5331	prt_maze03	54	151
warp	prt_maze03	125	105	mazewarp5332	prt_maze03	58	191
warp	prt_maze03	182	85	mazewarp5333	prt_maze02	100	179
warp	prt_maze03	194	94	mazewarp5334	prt_maze03	151	22
warp	prt_maze03	168	94	mazewarp5335	prt_maze03	191	54
warp	prt_maze03	14	74	mazewarp5336	prt_maze03	63	111
warp	prt_maze03	14	45	mazewarp5337	prt_maze03	88	174
warp	prt_maze03	5	58	mazewarp5338	prt_maze03	191	15
warp	prt_maze03	52	45	mazewarp5340	prt_maze03	16	31
warp	prt_maze03	104	74	mazewarp5341	prt_maze03	111	22
warp	prt_maze03	96	45	mazewarp5342	prt_maze03	48	104
warp	prt_maze03	114	56	mazewarp5343	prt_maze03	8	140
warp	prt_maze03	85	56	mazewarp5344	prt_maze03	176	31
warp	prt_maze03	137	74	mazewarp5345	prt_maze03	102	168
warp	prt_maze03	177	74	mazewarp5347	prt_maze03	23	128
warp	prt_maze03	175	45	mazewarp5348	prt_maze03	22	191
warp	prt_maze03	194	54	mazewarp5349	prt_maze03	171	94
warp	prt_maze03	16	34	mazewarp5350	prt_maze03	52	48
warp	prt_maze03	23	5	mazewarp5351	prt_maze03	88	13
warp	prt_maze03	54	5	mazewarp5352	prt_maze03	71	97
warp	prt_maze03	74	12	mazewarp5353	prt_maze03	175	168
warp	prt_maze03	45	21	mazewarp5354	prt_maze03	18	151
warp	prt_maze03	99	34	mazewarp5355	prt_maze03	98	151
warp	prt_maze03	114	22	mazewarp5356	prt_maze03	104	71
warp	prt_maze03	85	13	mazewarp5357	prt_maze03	23	8
warp	prt_maze03	176	34	mazewarp5359	prt_maze03	88	56
warp	prt_maze03	176	5	mazewarp5360	prt_maze03	111	95
warp	prt_maze03	194	15	mazewarp5361	prt_maze03	8	58
warp	prt_maze03	165	22	mazewarp5362	prt_maze03	111	145
warp	prt_sewb1	135	248	prts001	prt_fild05	274	208
warp	prt_sewb1	188	247	prts01	prt_sewb2	19	19
warp	prt_sewb2	100	176	prts02	prt_sewb2	140	28
warp	prt_sewb2	140	24	prts02-1	prt_sewb2	100	172
warp	prt_sewb2	180	24	prts03	prt_sewb3	180	169
warp	prt_sewb2	19	12	prts01-1	prt_sewb1	192	247
warp	prt_sewb2	19	175	prts04	prt_sewb2	60	28
warp	prt_sewb2	60	24	prts04-1	prt_sewb2	19	171
warp	prt_sewb3	180	173	prts03-1	prt_sewb2	180	28
warp	prt_sewb3	20	185	prts05	prt_sewb4	100	92
warp	prt_sewb4	100	96	prts05-1	prt_sewb3	19	180
file	npc/warps/dungeons/ra_san.txt
warp	ra_san02	213	280	sanctuary02	ra_san01	140	19
warp	ra_san03	123	283	sanctuary03	ra_san01	140	19
warp	ra_san04	119	104	sanctuary04	ra_san01	140	19
warp	ra_san03	279	21	sanctuary05	ra_san05	282	149
warp	ra_san03	85	15	sanctuary06	ra_san04	203	216
warp	ra_san04	203	221	sanctuary07	ra_san03	85	20
warp	ra_san04	120	48	sanctuary08	ra_san05	150	282
warp	ra_san05	150	7	sanctuary09	ra_temple	119	153
warp	ra_san02	289	149	sanctuary10	ra_san03	10	149
warp	ra_san03	5	149	sanctuary11	ra_san02	284	149
warp	ra_san02	213	4	sanctuary12	ra_san04	35	216
warp	ra_san04	35	221	sanctuary13	ra_san02	213	9
warp	ra_san02	30	21	sanctuary14	ra_san05	14	149
warp	ra_san01	139	139	sanctuary15	ra_temin	27	314
file	npc/warps/dungeons/tha_t.txt
warp	tha_scene01	144	198	WarpThana0a	tha_t01	149	38
warp	tha_t01	149	33	WarpThana0b	hu_fild01	140	158
warp	tha_t01	150	150	WarpThana1a	tha_t02	149	130
warp	tha_t02	149	125	WarpThana1b	tha_t01	150	145
warp	tha_t03	217	165	WarpThana2a	tha_t02	227	157
warp	tha_t03	59	140	WarpThana3a	tha_t04	60	142
warp	tha_t04	60	137	WarpThana3b	tha_t03	59	135
warp	tha_t04	81	36	WarpThana4a	tha_t05	62	8
warp	tha_t05	62	157	WarpThana5a	tha_t05	213	97
warp	tha_t05	208	97	WarpThana5b	tha_t05	62	162
warp	tha_t05	185	235	WarpThana5c	tha_t06	206	11
warp	thana_step	174	288	WarpThana6b	tha_t08	28	43
warp	thana_step	173	372	WarpThana6c	tha_t07	30	166
warp	tha_t07	114	166	WarpThana6d	thana_step	69	287
warp	tha_t08	114	43	WarpThana8a	thana_step	30	223
warp	thana_step	32	166	WarpThana8b	tha_t09	20	96
warp	tha_t09	92	146	WarpThana9b	thana_step	180	223
warp	thana_step	182	166	WarpThana10a	tha_t10	155	100
warp	tha_t10	170	138	WarpThana10b	thana_step	14	73
warp	thana_step	15	15	WarpThana11a	tha_t11	50	17
warp	tha_t11	92	36	WarpThana11b	thana_step	180	73
warp	thana_step	181	15	WarpThana12a	tha_t12	115	16
file	npc/warps/dungeons/thor_v.txt
warp	ve_fild03	168	240	thor_v1-1	thor_v01	21	229
warp	thor_v01	21	224	thor_v1-2	ve_fild03	168	235
warp	thor_v01	201	37	thor_v2-1	thor_v02	78	203
warp	thor_v02	192	60	thor_v2-2	thor_v03	35	262
warp	thor_v02	73	203	thor_v3-1	thor_v01	196	37
warp	thor_v03	30	262	thor_v3-2	thor_v02	187	58
file	npc/warps/dungeons/treasure.txt
warp	treasure01	112	164	tre01	treasure01	97	164
warp	treasure01	125	161	tre02	treasure01	144	161
warp	treasure01	142	161	tre02-1	treasure01	123	161
warp	treasure01	164	114	tre03	treasure01	164	88
warp	treasure01	164	91	tre03-1	treasure01	164	116
warp	treasure01	99	164	tre01-1	treasure01	114	164
warp	treasure01	76	111	tre10	treasure01	100	111
warp	treasure01	38	164	tre04-1	treasure01	25	164
warp	treasure01	40	111	tre05	treasure01	67	112
warp	treasure01	62	111	tre05-1	treasure01	38	111
warp	treasure01	27	164	tre04	treasure01	40	164
warp	treasure01	69	75	tre07	treasure01	69	106
warp	treasure01	69	125	tre08	treasure01	69	142
warp	treasure01	69	140	tre08-1	treasure01	69	123
warp	treasure01	98	111	tre10-1	treasure01	74	111
warp	treasure01	69	177	tre002	treasure02	102	27
warp	treasure01	41	37	tre06	treasure01	61	37
warp	treasure01	58	37	tre06-1	treasure01	39	37
warp	treasure01	69	102	tre07-1	treasure01	69	77
warp	treasure01	79	37	tre09	treasure01	98	37
warp	treasure01	96	37	tre09-1	treasure01	77	37
warp	treasure01	69	22	tre001	alb2trea	85	107
warp	treasure02	102	103	tre11	treasure02	102	120
warp	treasure02	102	118	tre11-1	treasure02	102	101
warp	treasure02	155	128	tre13-1	treasure02	155	97
warp	treasure02	155	99	tre13	treasure02	155	130
warp	treasure02	49	99	tre14-1	treasure02	49	130
warp	treasure02	102	24	tre003	treasure01	69	179
warp	treasure02	123	72	tre12	treasure02	140	72
warp	treasure02	138	72	tre12-1	treasure02	121	72
warp	treasure02	49	128	tre14	treasure02	49	97
warp	treasure02	65	72	tre15	treasure02	82	72
warp	treasure02	80	72	tre15-1	treasure02	63	72
file	npc/warps/dungeons/tur_dun.txt
warp	tur_dun01	154	241	ttl01	tur_dun02	148	264
warp	tur_dun02	148	268	ttl01-1	tur_dun01	154	237
warp	tur_dun02	167	19	ttl02	tur_dun03	132	189
warp	tur_dun03	132	193	ttl02-1	tur_dun02	167	23
warp	tur_dun03	217	71	ttl03	tur_dun04	100	192
warp	tur_dun04	100	196	ttl03-1	tur_dun03	215	75
warp	tur_dun05	89	69	ttl05	tur_dun02	148	264
warp	tur_dun05	9	45	ttl06	tur_dun01	154	237
file	npc/warps/dungeons/um_dun.txt
warp	um_dun01	42	27	um_dun1-2	umbala	109	284
warp	um_dun01	149	198	um_dun2-1	um_dun02	52	22
warp	um_dun02	55	19	um_dun2-2	um_dun01	152	198
warp	um_dun02	60	89	um_dun3-1	um_dun02	215	74
warp	um_dun02	215	77	um_dun3-2	um_dun02	60	92
warp	um_dun02	64	79	um_dun4-1	um_dun02	219	261
warp	um_dun02	222	259	um_dun4-2	um_dun02	67	77
warp	um_dun02	26	244	um_dun5-1	um_dun02	233	253
warp	um_dun02	231	255	um_dun5-2	um_dun02	25	241
warp	um_dun02	103	208	um_dun6-1	um_dun02	180	38
warp	um_dun02	177	38	um_dun6-2	um_dun02	100	208
warp	um_dun02	32	249	um_dun7-1	um_dun02	117	208
warp	um_dun02	113	208	um_dun7-2	um_dun02	35	252
warp	um_dun02	215	85	um_dun8-1	um_dun02	166	38
warp	um_dun02	169	38	um_dun8-2	um_dun02	215	88
file	npc/warps/dungeons/xmas_dun.txt
warp	xmas	143	314	xmas_dun1-1	xmas_dun01	205	16
warp	xmas_dun01	205	13	xmas_dun1-2	xmas	143	311
warp	xmas_dun01	129	130	xmas_dun2-1	xmas_dun02	131	130
warp	xmas_dun02	129	130	xmas_dun2-2	xmas_dun01	132	130
file	npc/warps/fields/abyss_warper.txt
off	AbyssWarp
on	AbyssWarp
file	npc/warps/fields/amatsu_fild.txt
warp	amatsu	248	292	ama_fild1-1	ama_fild01	75	33
warp	ama_fild01	75	30	ama_fild1-2	amatsu	248	289
warp	ama_fild01	174	331	ama_shrine1-1	ama_in01	175	174
warp	ama_in01	175	171	ama_shrine1.2	ama_fild01	174	328
warp	ama_fild01	330	141	ama_craftsman1-1	ama_in01	174	124
warp	ama_in01	174	121	ama_craftsman1.2	ama_fild01	330	138
file	npc/warps/fields/bra_fild.txt
warp	bra_fild01	72	34	bra_fild01_brasilis	brasilis	309	334
warp	brasilis	308	336	brasilis_bra_fild01	bra_fild01	74	34
file	npc/warps/fields/ein_fild.txt
warp	yuno_fild04	251	21	ein001	ein_fild06	252	363
warp	ein_fild06	252	365	ein001a	yuno_fild04	251	23
warp	yuno_fild07	73	219	ein002	ein_fild06	338	170
warp	ein_fild06	340	170	ein002a	yuno_fild07	75	219
warp	yuno_fild07	56	76	ein003	ein_fild06	354	94
warp	ein_fild06	356	94	ein003a	yuno_fild07	58	76
warp	yuno_fild11	28	266	ein004	ein_fild07	380	263
warp	ein_fild07	382	263	ein004a	yuno_fild11	30	266
warp	ein_fild06	135	35	ein005	ein_fild07	147	360
warp	ein_fild07	145	362	ein005a	ein_fild06	135	37
warp	ein_fild07	191	42	ein006	ein_fild10	194	370
warp	ein_fild10	194	372	ein006a	ein_fild07	191	44
warp	ein_fild10	24	331	ein007	ein_fild09	327	346
warp	ein_fild09	329	346	ein007a	ein_fild10	26	331
warp	ein_fild09	34	132	ein008	ein_fild08	361	128
warp	ein_fild08	363	128	ein008a	ein_fild09	36	132
warp	einbech	62	29	ein_fd03	ein_fild09	74	350
warp	ein_fild09	71	352	ein_fd03a	einbech	62	32
warp	ein_fild04	20	251	ein046	ein_fild03	361	257
warp	ein_fild03	363	257	ein046a	ein_fild04	22	251
warp	ein_fild04	14	215	ein047	ein_fild03	359	219
warp	ein_fild03	361	219	ein047a	ein_fild04	16	215
warp	ein_fild04	14	205	ein048	ein_fild03	359	204
warp	ein_fild03	361	204	ein048a	ein_fild04	16	205
warp	ein_fild03	142	32	ein049	lhz_fild02	166	365
warp	lhz_fild02	166	367	ein049a	ein_fild03	142	34
warp	lhz_fild02	164	37	ein050	lhz_fild03	158	347
warp	lhz_fild03	158	349	ein050a	lhz_fild02	164	39
warp	lhz_fild03	363	283	ein051	ein_fild08	25	275
warp	ein_fild08	23	275	ein051a	lhz_fild03	361	283
file	npc/warps/fields/gefenia.txt
warp	gefenia01	37	103	gefeniawarp014	gefenia04	283	95
warp	gefenia01	199	269	gefeniawarp001	gefenia02	203	34
warp	gefenia01	220	256	gefeniawarp003	gefenia02	240	23
warp	gefenia02	17	175	gefeniawarp005	gefenia03	266	168
warp	gefenia02	19	237	gefeniawarp007	gefenia03	264	236
warp	gefenia02	203	31	gefeniawarp002	gefenia01	199	266
warp	gefenia02	240	20	gefeniawarp004	gefenia01	223	256
warp	gefenia03	58	26	gefeniawarp011	gefenia04	33	270
warp	gefenia03	145	27	gefeniawarp009	gefenia04	130	272
warp	gefenia03	267	236	gefeniawarp008	gefenia02	22	237
warp	gefenia03	269	168	gefeniawarp006	gefenia02	20	175
warp	gefenia04	130	275	gefeniawarp010	gefenia03	145	30
warp	gefenia04	33	273	gefeniawarp012	gefenia03	58	29
warp	gefenia04	287	95	gefeniawarp013	gefenia01	40	103
file	npc/warps/fields/glastheim.txt
warp	gef_fild06	20	304	gef027	glast_01	370	304
warp	gl_cas01	135	40	gl01	gl_cas01	144	314
warp	gl_cas01	149	314	gl02	gl_prison	14	70
warp	gl_cas01	167	191	gl03	gl_prison	14	70
warp	gl_cas01	185	236	gl06	gl_cas01	163	191
warp	gl_cas01	200	165	gl10a	gl_cas02	104	25
warp	gl_cas01	200	18	gl7-1	glast_01	200	294
warp	gl_cas01	215	236	gl07	gl_cas01	238	192
warp	gl_cas01	234	192	gl04	gl_prison	14	70
warp	gl_cas01	371	301	gl05	gl_prison	14	70
warp	gl_cas01	372	39	gl08	gl_cas01	367	301
warp	gl_cas02	104	15	gl10-1	gl_cas01	200	160
warp	gl_cas02	104	193	gl8-1	glast_01	199	325
warp	gl_church	156	4	gl9-1	glast_01	200	134
warp	gl_church	16	299	gl11a	gl_chyard	147	284
warp	gl_church	301	46	gl12	gl_chyard	147	15
warp	gl_chyard	12	149	gl22	gl_sew02	29	270
warp	gl_chyard	147	12	gl12-1	gl_church	295	46
warp	gl_chyard	147	287	gl11-1	gl_church	16	295
warp	gl_dun01	133	277	gl25-1	gl_sew04	101	78
warp	gl_dun01	225	18	gl13	gl_dun02	224	274
warp	gl_dun02	224	277	gl13-1	gl_dun01	225	22
warp	gl_in01	106	125	gl5-1	glast_01	219	357
warp	gl_in01	118	59	gl6-1	glast_01	234	330
warp	gl_in01	81	68	gl3-1	glast_01	165	330
warp	gl_in01	83	174	gl4-1	glast_01	181	357
warp	gl_knt01	104	204	gl15	gl_knt01	123	292
warp	gl_knt01	12	148	gl14	gl_knt02	15	140
warp	gl_knt01	128	292	gl15-1	gl_knt01	104	199
warp	gl_knt01	150	291	gl16	gl_knt02	157	287
warp	gl_knt01	150	6	gl2-1	glast_01	74	193
warp	gl_knt01	231	197	gl24-1	gl_sew02	296	22
warp	gl_knt01	287	144	gl17	gl_knt02	283	140
warp	gl_knt02	10	138	gl14-1	gl_knt01	7	148
warp	gl_knt02	157	292	gl16-1	gl_knt01	150	286
warp	gl_knt02	289	138	gl17-1	gl_knt01	292	144
warp	gl_prison	149	183	gl18-1	gl_prison1	150	14
warp	gl_prison1	150	10	gl18	gl_prison	149	178
warp	gl_prison1	62	187	gl10	gl_sew01	258	255
warp	gl_sew01	19	21	gl19	gl_sew02	108	291
warp	gl_sew01	258	258	gl09	gl_prison1	61	183
warp	gl_sew02	109	294	gl19-1	gl_sew01	19	24
warp	gl_sew02	16	26	gl11	gl_prison1	61	183
warp	gl_sew02	290	156	gl23	gl_step	117	124
warp	gl_sew02	296	18	gl24	gl_knt01	231	192
warp	gl_sew02	299	294	gl20	gl_sew03	171	283
warp	gl_sew02	30	273	gl22-1	gl_chyard	15	149
warp	gl_sew03	171	286	gl20-1	gl_sew02	295	294
warp	gl_sew03	64	10	gl21	gl_sew04	68	277
warp	gl_sew04	104	78	gl25	gl_dun01	133	271
warp	gl_sew04	68	280	gl21-1	gl_sew03	64	13
warp	gl_step	120	124	gl23-1	gl_sew02	285	158
warp	gl_step	8	7	gl1-1	glast_01	54	108
warp	glast_01	162	330	gl3	gl_in01	77	68
warp	glast_01	179	360	gl4	gl_in01	80	174
warp	glast_01	199	322	gl8	gl_cas02	104	189
warp	glast_01	200	137	gl9	gl_church	156	7
warp	glast_01	200	297	gl7	gl_cas01	199	29
warp	glast_01	220	360	gl5	gl_in01	110	125
warp	glast_01	237	330	gl6	gl_in01	122	59
warp	glast_01	377	304	glst001	gef_fild06	27	304
warp	glast_01	51	108	gl1	gl_step	12	7
warp	glast_01	77	193	gl2	gl_knt01	150	15
file	npc/warps/fields/jawaii.txt
warp	jawaii_in	90	78	jawaiiwarp001	jawaii	115	172
warp	jawaii_in	113	61	jawaiiwarp002	jawaii	138	202
warp	jawaii_in	133	107	jawaiiwarp003	jawaii	111	199
warp	jawaii_in	88	117	jawaiiwarp004	jawaii	109	186
warp	jawaii	192	215	jawaiiwarp005	jawaii_in	28	94
file	npc/warps/fields/lhalzen_fild.txt
warp	lhz_fild01	210	18	lhz043-1	lighthalzen	214	324
warp	lighthalzen	214	329	lhz043a-1	lhz_fild01	210	23
warp	lhz_fild01	367	222	lhz044-1	lhz_fild02	36	221
warp	lhz_fild02	29	219	lhz044a-1	lhz_fild01	361	222
file	npc/warps/fields/lutie_fild.txt
warp	xmas_fild01	69	252	xmas_fild1-1	xmas	149	44
warp	xmas_fild01	90	252	xmax_fild1-2	xmas	149	44
warp	xmas_fild01	84	48	xmas_fild2	aldebaran	140	234
file	npc/warps/fields/man_fild.txt
warp	man_fild01	35	232	man_fild01-2	mid_camp	341	176
warp	man_fild01	103	55	man_fild01-3	man_fild03	84	366
warp	man_fild03	84	369	man_fild03-1	man_fild01	103	58
warp	man_fild01	372	230	man_fild01-4	man_fild02	34	261
warp	man_fild02	32	261	man_fild02-1	man_fild01	369	230
warp	man_fild02	139	41	man_fild02-2	manuk	112	356
warp	manuk	114	357	man_fild02-3	man_fild02	138	43
file	npc/warps/fields/mtmjolnir.txt
warp	mjolnir_01	284	18	mjol001	gef_fild04	261	359
warp	mjolnir_01	378	256	mjol01	mjolnir_02	31	258
warp	mjolnir_02	28	258	mjol01-1	mjolnir_01	374	256
warp	mjolnir_02	326	289	mjol02	mjolnir_03	24	258
warp	mjolnir_02	361	18	mjol03	mjolnir_06	366	380
warp	mjolnir_02	79	365	mjol013	mjo_dun01	52	17
warp	mjolnir_03	21	258	mjol02-1	mjolnir_02	323	289
warp	mjolnir_03	212	17	mjol04	mjolnir_07	214	380
warp	mjolnir_03	242	204	mjol05	mjolnir_04	125	208
warp	mjolnir_04	122	208	mjol05-1	mjolnir_03	239	204
warp	mjolnir_04	160	46	mjol06	mjolnir_08	159	370
warp	mjolnir_04	387	174	mjol07	mjolnir_05	19	171
warp	mjolnir_05	16	171	mjol07-1	mjolnir_04	384	174
warp	mjolnir_05	220	382	mjol08	mjolnir_12	220	29
warp	mjolnir_05	235	16	mjol09	mjolnir_10	235	378
warp	mjolnir_06	18	331	mjol002	gef_fild04	359	322
warp	mjolnir_06	265	29	mjol003	gef_fild00	267	379
warp	mjolnir_06	366	383	mjol03-1	mjolnir_02	361	21
warp	mjolnir_06	382	377	mjol10	mjolnir_07	19	377
warp	mjolnir_06	383	74	mjol11	mjolnir_07	20	77
warp	mjolnir_07	156	16	mjol004	prt_fild00	159	380
warp	mjolnir_07	16	377	mjol10-1	mjolnir_06	379	377
warp	mjolnir_07	17	77	mjol11-1	mjolnir_06	380	74
warp	mjolnir_07	214	383	mjol04-1	mjolnir_03	212	20
warp	mjolnir_07	383	233	mjol12	mjolnir_08	33	234
warp	mjolnir_07	383	362	mjol13	mjolnir_08	32	346
warp	mjolnir_08	159	373	mjol06a	mjolnir_04	160	49
warp	mjolnir_08	185	28	mjol14	mjolnir_09	196	364
warp	mjolnir_08	29	346	mjol13-1	mjolnir_07	380	362
warp	mjolnir_08	30	234	mjol12-1	mjolnir_07	380	233
warp	mjolnir_08	369	257	mjol15	mjolnir_10	18	258
warp	mjolnir_09	106	28	mjol005	prt_fild05	105	378
warp	mjolnir_09	194	367	mjol14-1	mjolnir_08	185	31
warp	mjolnir_09	30	249	mjol006	prt_fild00	380	249
warp	mjolnir_09	300	28	mjol007	prt_fild05	292	382
warp	mjolnir_09	373	288	mjol011	prt_fild01	23	292
warp	mjolnir_10	15	258	mjol15-1	mjolnir_08	366	257
warp	mjolnir_10	235	381	mjol09-1	mjolnir_05	235	19
warp	mjolnir_10	265	13	mjol008	prt_fild01	261	370
warp	mjolnir_10	384	220	mjol16	mjolnir_11	23	220
warp	mjolnir_10	66	15	mjol009	prt_fild01	66	370
warp	mjolnir_11	174	20	mjol010	prt_fild02	173	379
warp	mjolnir_11	20	220	mjol16-1	mjolnir_10	381	220
warp	mjolnir_12	199	378	mjol012	aldebaran	138	37
warp	mjolnir_12	220	26	mjol08-1	mjolnir_05	220	379
warp	mjolnir_12	44	17	mjol17	prt_maze01	17	111
file	npc/warps/fields/spl_fild.txt
warp	spl_fild02	382	143	spl_fild02-2	mid_camp	16	143
warp	spl_fild02	383	216	spl_fild02-4	mid_camp	12	215
warp	spl_fild02	310	10	spl_fild02-5	spl_fild03	306	376
warp	spl_fild03	99	373	spl_fild02-6	spl_fild02	102	32
warp	spl_fild03	306	379	spl_fild03-1	spl_fild02	311	12
warp	spl_fild02	103	30	spl_fild03-2	spl_fild03	99	370
warp	spl_fild01	289	28	spl_fild01-1	spl_fild02	292	377
warp	spl_fild02	6	241	spl_fild02-7	splendide	386	251
warp	splendide	388	252	spl_fild02-8	spl_fild02	8	241
warp	spl_fild02	293	379	spl_fild02-9	spl_fild01	289	30
file	npc/warps/fields/umbala_fild.txt
warp	cmd_fild01	77	366	um_fild1-1	um_fild03	114	53
warp	cmd_fild01	178	370	um_fild1-2	um_fild03	243	29
warp	um_fild01	31	274	um_fild1-3	beach_dun2	254	244
warp	beach_dun2	258	244	um_fild1-4	um_fild01	35	276
warp	um_fild01	369	277	um_fild1-5	um_fild02	25	272
warp	um_fild02	22	272	um_fild2-1	um_fild01	366	277
warp	um_fild02	188	374	um_fild2-2	um_fild04	182	16
warp	um_fild02	373	329	um_fild2-3	um_fild03	23	334
warp	um_fild02	373	148	um_fild2-4	um_fild03	36	145
warp	um_fild03	19	334	um_fild3-1	um_fild02	370	329
warp	um_fild03	32	145	um_fild3-2	um_fild02	370	148
warp	um_fild03	114	50	um_fild3-3	cmd_fild01	74	363
warp	um_fild03	243	26	um_fild3-4	cmd_fild01	176	367
warp	um_fild04	182	13	um_fild4-1	um_fild02	190	371
warp	um_fild04	215	339	um_fild4-2	umbala	130	82
warp	umbala	130	79	um_fild4-3	um_fild04	215	336
file	npc/warps/guildcastles.txt
warp	prt_gld	159	298	prtg01_NorthField	prt_fild01	199	30
warp	prt_gld	129	65	prtg-1_prtg-1-01	prtg_cas01	99	32
warp	prt_gld	240	124	prtg-2_prtg-2	prtg_cas02	43	229
warp	prt_gld	153	141	prtg-3_prtg-3	prtg_cas03	168	12
warp	prt_gld	107	240	prtg-4_prtg-4	prtg_cas04	86	13
warp	prt_gld	212	240	prtg-5_prtg-5	prtg_cas05	17	235
warp	prtg_cas01	103	32	prtg-1-01_prtg-1	prt_gld	134	65
warp	prtg_cas01	57	19	prtg-1-02_prtg-1-07	prtg_cas01	80	49
warp	prtg_cas01	41	34	prtg-1-03_prtg-1-08	prtg_cas01	40	47
warp	prtg_cas01	37	54	prtg-1-04_prtg-1-13	prtg_cas01	192	119
warp	prtg_cas01	71	54	prtg-1-05_prtg-1-12	prtg_cas01	192	65
warp	prtg_cas01	51	70	prtg-1-06_prtg-1-11	prtg_cas01	202	92
warp	prtg_cas01	84	49	prtg-1-07_prtg-1-02	prtg_cas01	61	19
warp	prtg_cas01	37	47	prtg-1-08_prtg-1-03	prtg_cas01	45	34
warp	prtg_cas01	62	34	prtg-1-09_prtg-1-13	prtg_cas01	192	119
warp	prtg_cas01	84	19	prtg-1-010_prtg-1-12	prtg_cas01	192	65
warp	prtg_cas01	206	92	prtg-1-11_prtg-1-06	prtg_cas01	55	70
warp	prtg_cas01	196	65	prtg-1-12_prtg-1-05	prtg_cas01	75	54
warp	prtg_cas01	196	119	prtg-1-13_prtg-1-04	prtg_cas01	40	54
warp	prtg_cas01	147	120	prtg-1-14_prtg-1-21	prtg_cas01	75	187
warp	prtg_cas01	75	183	prtg-1-21_prtg-1-14	prtg_cas01	147	116
warp	prtg_cas01	109	163	prtg-1-22_prtg-1-31	prtg_cas01	202	183
warp	prtg_cas01	206	183	prtg-1-31_prtg-1-22	prtg_cas01	113	163
warp	prtg_cas02	43	233	prtg-2-01_prtg-2	prt_gld	240	128
warp	prtg_cas02	88	215	prtg-2-02_prtg-2-22	prtg_cas02	206	41
warp	prtg_cas02	53	202	prtg-2-03_prtg-2-21	prtg_cas02	165	41
warp	prtg_cas02	64	164	prtg-2-04_prtg-2-12	prtg_cas02	98	25
warp	prtg_cas02	35	183	prtg-2-05_prtg-2-11	prtg_cas02	71	82
warp	prtg_cas02	71	86	prtg-2-11_prtg-2-05	prtg_cas02	35	187
warp	prtg_cas02	98	21	prtg-2-12_prtg-2-04	prtg_cas02	64	168
warp	prtg_cas02	45	21	prtg-2-13_prtg-2-24	prtg_cas02	203	25
warp	prtg_cas02	161	41	prtg-2-21_prtg-2-03	prtg_cas02	57	202
warp	prtg_cas02	210	41	prtg-2-22_prtg-2-02	prtg_cas02	84	215
warp	prtg_cas02	184	44	prtg-2-23_prtg-2-31	prtg_cas02	157	140
warp	prtg_cas02	203	21	prtg-2-24_prtg-2-13	prtg_cas02	45	25
warp	prtg_cas02	157	135	prtg-2-31_prtg-2-23	prtg_cas02	184	40
warp	prtg_cas03	178	85	prtg-3-01_prtg-3-12	prtg_cas03	82	73
warp	prtg_cas03	191	55	prtg-3-02_prtg-3-22	prtg_cas03	190	233
warp	prtg_cas03	168	8	prtg-3-03_prtg-3	prt_gld	153	137
warp	prtg_cas03	172	44	prtg-3-04_prtg-3-14	prtg_cas03	10	78
warp	prtg_cas03	165	59	prtg-3-05_prtg-3-13	prtg_cas03	45	47
warp	prtg_cas03	45	120	prtg-3-11_prtg-3-23	prtg_cas03	164	177
warp	prtg_cas03	86	73	prtg-3-12_prtg-3-01	prtg_cas03	178	81
warp	prtg_cas03	45	43	prtg-3-13_prtg-3-05	prtg_cas03	165	54
warp	prtg_cas03	6	78	prtg-3-14_prtg-3-04	prtg_cas03	176	44
warp	prtg_cas03	169	235	prtg-3-21_prtg-3-31	prtg_cas03	11	200
warp	prtg_cas03	194	233	prtg-3-22_prtg-3-02	prtg_cas03	191	59
warp	prtg_cas03	164	173	prtg-3-23_prtg-3-11	prtg_cas03	45	117
warp	prtg_cas03	7	200	prtg-3-31_prtg-3-21	prtg_cas03	169	231
warp	prtg_cas04	48	48	prtg-4-01_prtg-4-15	prtg_cas04	10	233
warp	prtg_cas04	63	30	prtg-4-02_prtg-4-14	prtg_cas04	34	229
warp	prtg_cas04	86	9	prtg-4-03_prtg-3	prt_gld	111	240
warp	prtg_cas04	32	28	prtg-4-04_prtg-4-16	prtg_cas04	11	254
warp	prtg_cas04	42	13	prtg-4-05_prtg-4-12	prtg_cas04	56	254
warp	prtg_cas04	54	25	prtg-4-06_prtg-4-13	prtg_cas04	56	233
warp	prtg_cas04	34	290	prtg-4-11_prtg-4-21	prtg_cas04	238	261
warp	prtg_cas04	60	254	prtg-4-12_prtg-4-05	prtg_cas04	42	17
warp	prtg_cas04	56	229	prtg-4-13_prtg-4-06	prtg_cas04	54	29
warp	prtg_cas04	34	225	prtg-4-14_prtg-4-02	prtg_cas04	63	26
warp	prtg_cas04	10	229	prtg-4-15_prtg-4-01	prtg_cas04	48	44
warp	prtg_cas04	7	254	prtg-4-16_prtg-4-04	prtg_cas04	32	32
warp	prtg_cas04	238	257	prtg-4-21_prtg-4-11	prtg_cas04	34	286
warp	prtg_cas04	247	258	prtg-4-22_prtg-4-31	prtg_cas04	255	14
warp	prtg_cas04	251	14	prtg-4-31_prtg-4-22	prtg_cas04	247	254
warp	prtg_cas05	38	250	prtg-5-01_prtg-5-14	prtg_cas05	244	7
warp	prtg_cas05	76	242	prtg-5-02_prtg-5-13	prtg_cas05	288	13
warp	prtg_cas05	66	225	prtg-5-03_prtg-5-12	prtg_cas05	260	92
warp	prtg_cas05	17	231	prtg-5-04_prtg-5	prt_gld	208	240
warp	prtg_cas05	53	246	prtg-5-05_prtg-5-15	prtg_cas05	199	13
warp	prtg_cas05	228	96	prtg-5-11_prtg-5-21	prtg_cas05	26	7
warp	prtg_cas05	260	96	prtg-5-12_prtg-5-03	prtg_cas05	66	229
warp	prtg_cas05	292	13	prtg-5-13_prtg-5-02	prtg_cas05	76	246
warp	prtg_cas05	244	3	prtg-5-14_prtg-5-01	prtg_cas05	35	247
warp	prtg_cas05	195	13	prtg-5-15_prtg-5-05	prtg_cas05	55	248
warp	prtg_cas05	26	3	prtg-5-21_prtg-5-11	prtg_cas05	228	92
warp	prtg_cas05	58	7	prtg-5-22_prtg-5-31	prtg_cas05	253	290
warp	prtg_cas05	253	294	prtg-5-31_prtg-5-22	prtg_cas05	58	11
warp	gef_fild13	150	54	gef-g1-0_gefg-1-07	gefg_cas01	34	140
warp	gef_fild13	210	75	gef-g1-1_gefg-1-04	gefg_cas01	95	178
warp	gef_fild13	308	244	gef-g2_gefg-2-07	gefg_cas02	70	143
warp	gef_fild13	77	284	gef-g3-0_g-cas3-12	gefg_cas03	60	286
warp	gef_fild13	112	269	gef-g3-1_g-cas3-13	gefg_cas03	100	280
warp	gef_fild13	139	240	gef-g3-2_g-cas3-14	gefg_cas03	125	250
warp	gef_fild13	83	185	gef-g3-3_g-cas3-15	gefg_cas03	89	159
warp	gef_fild13	196	281	gef-g4_gefg-4-05	gefg_cas04	24	149
warp	gef_fild13	256	57	gef-5-0_gefg-5-04	gefg_cas05	11	134
warp	gef_fild13	305	83	gef-5-1_gefg-5-01	gefg_cas05	99	200
warp	gefg_cas01	39	196	gefg-1-01_gefg-1-14	gefg_cas01	62	13
warp	gefg_cas01	58	185	gefg-1-02_gefg-1-13	gefg_cas01	90	47
warp	gefg_cas01	59	170	gefg-1-03_gefg-1-23	gefg_cas01	205	34
warp	gefg_cas01	99	178	gefg-1-04_gef-g1-1	gef_fild13	214	75
warp	gefg_cas01	31	185	gefg-1-05_gefg-1-12	gefg_cas01	33	47
warp	gefg_cas01	34	167	gefg-1-06_gefg-1-22	gefg_cas01	174	34
warp	gefg_cas01	34	136	gefg-1-07_gef-g1-0	gef_fild13	150	50
warp	gefg_cas01	54	84	gefg-1-11_gefg-1-24	gefg_cas01	174	14
warp	gefg_cas01	33	51	gefg-1-12_gefg-1-05	gefg_cas01	35	185
warp	gefg_cas01	90	51	gefg-1-13_gefg-1-02	gefg_cas01	54	185
warp	gefg_cas01	62	9	gefg-1-14_gefg-1-01	gefg_cas01	39	192
warp	gefg_cas01	181	52	gefg-1-21_gefg-1-31	gefg_cas01	198	160
warp	gefg_cas01	170	34	gefg-1-22_gefg-1-06	gefg_cas01	30	167
warp	gefg_cas01	209	34	gefg-1-23_gefg-1-03	gefg_cas01	56	170
warp	gefg_cas01	170	14	gefg-1-24_gefg-1-11	gefg_cas01	50	84
warp	gefg_cas01	202	160	gefg-1-31_gefg-1-21	gefg_cas01	185	52
warp	gefg_cas02	35	173	gefg-2-01_gefg-2-12	gefg_cas02	76	42
warp	gefg_cas02	46	175	gefg-2-02_gefg-2-11	gefg_cas02	34	64
warp	gefg_cas02	22	160	gefg-2-03_gefg-2-13	gefg_cas02	34	17
warp	gefg_cas02	48	159	gefg-2-04_gefg-2-22	gefg_cas02	184	41
warp	gefg_cas02	34	152	gefg-2-05_gefg-2-23	gefg_cas02	153	18
warp	gefg_cas02	57	136	gefg-2-06_gefg-2-24	gefg_cas02	180	18
warp	gefg_cas02	70	147	gefg-2-07_gef-g2	gef_fild13	308	240
warp	gefg_cas02	34	68	gefg-2-11_gefg-2-02	gefg_cas02	50	175
warp	gefg_cas02	80	42	gefg-2-12_gefg-2-01	gefg_cas02	39	173
warp	gefg_cas02	34	13	gefg-2-13_gefg-2-03	gefg_cas02	22	156
warp	gefg_cas02	25	13	gefg-2-14_gefg-2-25	gefg_cas02	170	11
warp	gefg_cas02	150	36	gefg-2-21_gefg-2-31	gefg_cas02	152	186
warp	gefg_cas02	184	36	gefg-2-22_gefg-2-04	gefg_cas02	48	155
warp	gefg_cas02	148	18	gefg-2-23_gefg-2-05	gefg_cas02	35	150
warp	gefg_cas02	185	18	gefg-2-24_gefg-2-06	gefg_cas02	53	136
warp	gefg_cas02	174	11	gefg-2-25_gefg-2-14	gefg_cas02	21	13
warp	gefg_cas02	152	190	gefg-2-31_gefg-2-21	gefg_cas02	150	41
warp	gefg_cas03	66	223	g3-cas3_g3-in3	gefg_cas03	96	53
warp	gefg_cas03	34	286	g-cas3-1_g-in3-1	gefg_cas03	131	92
warp	gefg_cas03	47	271	g-cas3-1-1_g-cas3-3	gefg_cas03	38	255
warp	gefg_cas03	63	255	g-cas3-2_g-in3-3	gefg_cas03	156	92
warp	gefg_cas03	50	248	g-cas3-2-1_g-cas3-8	gefg_cas03	54	229
warp	gefg_cas03	38	259	g-cas3-3_g-cas3-1-1	gefg_cas03	43	271
warp	gefg_cas03	38	243	g-cas3-3-1_g-cas3-8-1	gefg_cas03	29	219
warp	gefg_cas03	106	217	g-cas3-4_g-in3-2	gefg_cas03	131	15
warp	gefg_cas03	115	210	g-cas3-4-1_g-cas3-6	gefg_cas03	92	215
warp	gefg_cas03	42	175	g-cas3-5_g-in3-4	gefg_cas03	266	43
warp	gefg_cas03	70	182	g-cas3-5-1_g-cas3-7-1	gefg_cas03	39	191
warp	gefg_cas03	90	218	g-cas3-6_g-cas3-4-1	gefg_cas03	111	210
warp	gefg_cas03	93	209	g-cas3-6-1_g-cas3-10	gefg_cas03	92	250
warp	gefg_cas03	17	206	g-cas3-7_g-cas3-8-1	gefg_cas03	29	219
warp	gefg_cas03	43	191	g-cas3-7-1_g-cas3-5-1	gefg_cas03	70	185
warp	gefg_cas03	58	232	g-cas3-8_g-cas3-9	gefg_cas03	62	213
warp	gefg_cas03	27	215	g-cas3-8-1_g-cas3-7	gefg_cas03	17	202
warp	gefg_cas03	65	215	g-cas3-9_g-in3-5	gefg_cas03	233	74
warp	gefg_cas03	95	251	g-cas3-10_g-cas3-6-1	gefg_cas03	91	209
warp	gefg_cas03	88	248	g-cas3-10-1_g-cas3-11	gefg_cas03	76	242
warp	gefg_cas03	79	244	g-cas3-11_g-cas3-10-1	gefg_cas03	91	250
warp	gefg_cas03	68	290	g-cas3-12_gef-g3-0	gef_fild13	74	287
warp	gefg_cas03	103	283	g-cas3-13_gef-g3-1	gef_fild13	117	273
warp	gefg_cas03	130	250	g-cas3-14_gef-g3-2	gef_fild13	143	240
warp	gefg_cas03	93	159	g-cas3-15_gef-g3-3	gef_fild13	83	181
warp	gefg_cas03	92	53	g3-in_g3_cas3	gefg_cas03	62	223
warp	gefg_cas03	154	16	g3-in3-01_g3-in3-02	gefg_cas03	252	11
warp	gefg_cas03	256	11	g3-in3-02_g3-in3-01	gefg_cas03	159	16
warp	gefg_cas03	212	46	g3-in3-03_g3-in3-04	gefg_cas03	225	158
warp	gefg_cas03	225	154	g3-in3-04_g3-in3-03	gefg_cas03	212	42
warp	gefg_cas03	135	92	g-in3-1_g-cas3-1	gefg_cas03	34	282
warp	gefg_cas03	135	15	g-in3-2_g-cas3-4	gefg_cas03	110	217
warp	gefg_cas03	152	92	g-in3-3_g-cas3-2	gefg_cas03	59	255
warp	gefg_cas03	266	47	g-in3-4_g-cas3-5	gefg_cas03	45	175
warp	gefg_cas03	237	74	g-in3-5_g-cas3-9	gefg_cas03	62	213
warp	gefg_cas04	34	211	gefg-4-01_gefg-4-11	gefg_cas04	18	78
warp	gefg_cas04	57	224	gefg-4-02_gefg-4-15	gefg_cas04	18	13
warp	gefg_cas04	53	196	gefg-4-03_gefg-4-23	gefg_cas04	170	36
warp	gefg_cas04	27	180	gefg-4-04_gefg-4-21	gefg_cas04	142	59
warp	gefg_cas04	24	145	gefg-4-05_gef-g4	gef_fild13	193	278
warp	gefg_cas04	18	82	gefg-4-11_gefg-4-01	gefg_cas04	34	215
warp	gefg_cas04	42	81	gefg-4-12_gefg-4-14	gefg_cas04	42	13
warp	gefg_cas04	52	25	gefg-4-13_gefg-4-24	gefg_cas04	142	37
warp	gefg_cas04	42	9	gefg-4-14_gefg-4-12	gefg_cas04	42	77
warp	gefg_cas04	18	9	gefg-4-15_gefg-4-02	gefg_cas04	57	220
warp	gefg_cas04	142	55	gefg-4-21_gefg-4-04	gefg_cas04	32	180
warp	gefg_cas04	178	57	gefg-4-22_gefg-4-31	gefg_cas04	143	166
warp	gefg_cas04	174	36	gefg-4-23_gefg-4-03	gefg_cas04	53	192
warp	gefg_cas04	142	33	gefg-4-24_gefg-4-13	gefg_cas04	52	21
warp	gefg_cas04	140	168	gefg-4-31_gefg-4-22	gefg_cas04	178	61
warp	gefg_cas05	99	204	gefg-5-01_gef-g5-1	gef_fild13	305	87
warp	gefg_cas05	50	165	gefg-5-02_gefg-5-23	gefg_cas05	178	68
warp	gefg_cas05	87	165	gefg-5-03_gefg-5-13	gefg_cas05	84	62
warp	gefg_cas05	7	134	gefg-5-04_gef-g5-0	gef_fild13	252	57
warp	gefg_cas05	44	143	gefg-5-05_gefg-5-08	gefg_cas05	70	155
warp	gefg_cas05	83	152	gefg-5-06_gefg-5-11	gefg_cas05	66	72
warp	gefg_cas05	74	138	gefg-5-07_gefg-5-12	gefg_cas05	47	62
warp	gefg_cas05	68	150	gefg-5-08_gefg-5-05	gefg_cas05	44	147
warp	gefg_cas05	66	76	gefg-5-11_gefg-5-06	gefg_cas05	80	155
warp	gefg_cas05	43	62	gefg-5-12_gefg-5-07	gefg_cas05	78	138
warp	gefg_cas05	88	62	gefg-5-13_gefg-5-03	gefg_cas05	83	165
warp	gefg_cas05	37	16	gefg-5-14_gefg-5-21	gefg_cas05	153	44
warp	gefg_cas05	93	16	gefg-5-15_gefg-5-22	gefg_cas05	202	44
warp	gefg_cas05	149	44	gefg-5-21_gefg-5-14	gefg_cas05	37	20
warp	gefg_cas05	206	44	gefg-5-22_gefg-5-15	gefg_cas05	93	20
warp	gefg_cas05	178	72	gefg-5-23_gefg-5-02	gefg_cas05	46	165
warp	gefg_cas05	190	20	gefg-5-24_gefg-5-31	gefg_cas05	194	151
warp	gefg_cas05	194	147	gefg-5-31_gefg-5-24	gefg_cas05	190	16
warp	payon	16	143	payon-a_payg01	pay_gld	370	149
warp	moc_fild02	378	272	moc02a_payg02	pay_gld	20	276
warp	pay_gld	374	149	payg01_payon-a	payon	19	143
warp	pay_gld	16	276	payg02_moc02a	moc_fild02	374	272
warp	pay_gld	121	238	payg-1_payg-1-06	payg_cas01	214	48
warp	pay_gld	291	116	payg-2_payg-2-02	payg_cas02	272	57
warp	pay_gld	323	293	payg-3_payg-3-07	payg_cas03	226	26
warp	pay_gld	140	156	payg-4_payg-4-01	payg_cas04	252	271
warp	pay_gld	204	270	payg-5_payg-5-03	payg_cas05	62	227
warp	payg_cas01	201	126	payg-1-01_payg-1-12	payg_cas01	102	21
warp	payg_cas01	222	130	payg-1-02_payg-1-11	payg_cas01	130	43
warp	payg_cas01	218	112	payg-1-03_payg-1-04	payg_cas01	230	94
warp	payg_cas01	230	98	payg-1-04_payg-1-03	payg_cas01	222	112
warp	payg_cas01	213	76	payg-1-05_payg-1-07	payg_cas01	201	118
warp	payg_cas01	214	44	payg-1-06_payg-1	pay_gld	121	233
warp	payg_cas01	201	114	payg-1-07_payg-1-05	payg_cas01	213	72
warp	payg_cas01	134	43	payg-1-11_payg-1-02	payg_cas01	226	130
warp	payg_cas01	102	17	payg-1-12_payg-1-01	payg_cas01	201	121
warp	payg_cas01	84	15	payg-1-13_payg-1-22	payg_cas01	15	115
warp	payg_cas01	53	111	payg-1-21_payg-1-31	payg_cas01	115	147
warp	payg_cas01	11	115	payg-1-22_payg-1-13	payg_cas01	81	15
warp	payg_cas01	115	151	payg-1-31_payg-1-21	payg_cas01	53	115
warp	payg_cas02	232	72	payg-2-01_payg-2-14	payg_cas02	28	289
warp	payg_cas02	276	61	payg-2-02_payg-2	pay_gld	295	116
warp	payg_cas02	236	59	payg-2-03_payg-2-01	payg_cas02	229	72
warp	payg_cas02	222	26	payg-2-04_payg-2-12	payg_cas02	80	240
warp	payg_cas02	215	31	payg-2-05_payg-2-11	payg_cas02	65	288
warp	payg_cas02	65	292	payg-2-11_payg-2-05	payg_cas02	215	35
warp	payg_cas02	84	240	payg-2-12_payg-2-04	payg_cas02	224	30
warp	payg_cas02	47	223	payg-2-13_payg-2-21	payg_cas02	280	287
warp	payg_cas02	28	293	payg-2-14_payg-2-01	payg_cas02	229	72
warp	payg_cas02	280	291	payg-2-21_payg-2-13	payg_cas02	47	227
warp	payg_cas02	254	241	payg-2-22_payg-2-31	payg_cas02	13	38
warp	payg_cas02	13	42	payg-2-31_payg-2-22	payg_cas02	254	245
warp	payg_cas03	255	76	payg-3-01_payg-3-14	payg_cas03	24	19
warp	payg_cas03	269	79	payg-3-02_payg-3-12	payg_cas03	53	19
warp	payg_cas03	255	64	payg-3-03_payg-3-08	payg_cas03	245	37
warp	payg_cas03	262	71	payg-3-04_payg-3-13	payg_cas03	39	9
warp	payg_cas03	272	68	payg-3-05_payg-3-06	payg_cas03	261	38
warp	payg_cas03	261	34	payg-3-06_payg-3-05	payg_cas03	270	66
warp	payg_cas03	226	22	payg-3-07_payg-3	pay_gld	319	293
warp	payg_cas03	245	41	payg-3-08_payg-3-03	payg_cas03	255	68
warp	payg_cas03	39	84	payg-3-11_payg-3-22	payg_cas03	29	249
warp	payg_cas03	57	19	payg-3-12_payg-3-02	payg_cas03	269	75
warp	payg_cas03	39	5	payg-3-13_payg-3-04	payg_cas03	263	66
warp	payg_cas03	20	19	payg-3-14_payg-3-01	payg_cas03	255	72
warp	payg_cas03	29	269	payg-3-21_payg-3-31	payg_cas03	269	287
warp	payg_cas03	29	245	payg-3-22_payg-3-11	payg_cas03	39	80
warp	payg_cas03	269	290	payg-3-31_payg-3-21	payg_cas03	29	273
warp	payg_cas04	252	275	payg-4-01_payg-4	pay_gld	140	160
warp	payg_cas04	260	212	payg-4-02_payg-4-13	payg_cas04	70	240
warp	payg_cas04	232	189	payg-4-03_payg-4-12	payg_cas04	74	261
warp	payg_cas04	229	208	payg-4-04_payg-4-11	payg_cas04	70	282
warp	payg_cas04	74	282	payg-4-11_payg-4-04	payg_cas04	225	208
warp	payg_cas04	78	261	payg-4-12_payg-4-03	payg_cas04	236	189
warp	payg_cas04	74	240	payg-4-13_payg-4-02	payg_cas04	256	212
warp	payg_cas04	7	261	payg-4-14_payg-4-21	payg_cas04	55	30
warp	payg_cas04	59	30	payg-4-21_payg-4-14	payg_cas04	11	261
warp	payg_cas04	28	31	payg-4-22_payg-4-31	payg_cas04	251	42
warp	payg_cas04	254	45	payg-4-31_payg-4-22	payg_cas04	24	31
warp	payg_cas05	23	283	payg-5-01_payg-5-11	payg_cas05	237	282
warp	payg_cas05	56	255	payg-5-02_payg-5-14	payg_cas05	223	256
warp	payg_cas05	62	223	payg-5-03_payg-5	pay_gld	198	264
warp	payg_cas05	39	264	payg-5-04_payg-5-13	payg_cas05	237	231
warp	payg_cas05	237	286	payg-5-11_payg-5-01	payg_cas05	19	282
warp	payg_cas05	283	256	payg-5-12_payg-5-22	payg_cas05	286	43
warp	payg_cas05	237	227	payg-5-13_payg-5-04	payg_cas05	40	260
warp	payg_cas05	219	256	payg-5-14_payg-5-02	payg_cas05	52	255
warp	payg_cas05	242	41	payg-5-21_payg-5-31	payg_cas05	18	18
warp	payg_cas05	290	43	payg-5-22_payg-5-12	payg_cas05	287	256
warp	payg_cas05	14	14	payg-5-31_payg-5-21	payg_cas05	246	41
warp	aldebaran	35	140	alde-a_aldeg01	alde_gld	280	160
warp	alde_gld	284	160	aldeg01_alde-a	aldebaran	39	140
warp	alde_gld	48	79	aldeg-1_aldeg-1-1	aldeg_cas01	34	248
warp	alde_gld	95	253	aldeg-2_aldeg-2-1	aldeg_cas02	88	163
warp	alde_gld	142	81	aldeg-3_aldeg-3-1	aldeg_cas03	114	286
warp	alde_gld	243	242	aldeg-4_aldeg-4-1	aldeg_cas04	149	17
warp	alde_gld	259	90	aldeg-5_aldeg-5-1	aldeg_cas05	216	103
warp	aldeg_cas01	34	252	aldeg-1-1_aldeg-1	alde_gld	48	83
warp	aldeg_cas01	50	222	aldeg-1-2_aldeg-1-6	aldeg_cas01	104	108
warp	aldeg_cas01	66	191	aldeg-1-3_aldeg-1-7	aldeg_cas01	122	61
warp	aldeg_cas01	26	188	aldeg-1-4_aldeg-1-10	aldeg_cas01	50	70
warp	aldeg_cas01	70	112	aldeg-1-5_aldeg-1-18	aldeg_cas01	42	225
warp	aldeg_cas01	104	112	aldeg-1-6_aldeg-1-2	aldeg_cas01	45	224
warp	aldeg_cas01	126	61	aldeg-1-7_aldeg-1-3	aldeg_cas01	62	191
warp	aldeg_cas01	89	23	aldeg-1-8_aldeg-1-13	aldeg_cas01	207	132
warp	aldeg_cas01	54	27	aldeg-1-9_aldeg-1-3	aldeg_cas01	62	191
warp	aldeg_cas01	46	70	aldeg-1-10_aldeg-1-4	aldeg_cas01	24	188
warp	aldeg_cas01	206	188	aldeg-1-11_aldeg-1-15	aldeg_cas01	216	50
warp	aldeg_cas01	232	186	aldeg-1-12_aldeg-1-16	aldeg_cas01	42	197
warp	aldeg_cas01	207	128	aldeg-1-13_aldeg-1-8	aldeg_cas01	89	27
warp	aldeg_cas01	171	175	aldeg-1-14_aldeg-1-17	aldeg_cas01	35	197
warp	aldeg_cas01	216	54	aldeg-1-15_aldeg-1-11	aldeg_cas01	206	184
warp	aldeg_cas01	46	197	aldeg-1-16_aldeg-1-12	aldeg_cas01	232	182
warp	aldeg_cas01	31	197	aldeg-1-17_aldeg-1-14	aldeg_cas01	175	175
warp	aldeg_cas01	39	222	aldeg-1-18_aldeg-1-5	aldeg_cas01	70	108
warp	aldeg_cas02	88	159	aldeg-2-1_aldeg-2	alde_gld	95	249
warp	aldeg_cas02	84	208	aldeg-2-2_aldeg-2-10	aldeg_cas02	105	84
warp	aldeg_cas02	50	185	aldeg-2-3_aldeg-2-12	aldeg_cas02	192	192
warp	aldeg_cas02	33	174	aldeg-2-4_aldeg-2-8	aldeg_cas02	126	61
warp	aldeg_cas02	22	194	aldeg-2-5_aldeg-2-6	aldeg_cas02	88	13
warp	aldeg_cas02	88	9	aldeg-2-6_aldeg-2-5	aldeg_cas02	22	190
warp	aldeg_cas02	45	39	aldeg-2-7_aldeg-2-2	aldeg_cas02	79	208
warp	aldeg_cas02	130	61	aldeg-2-8_aldeg-2-4	aldeg_cas02	33	179
warp	aldeg_cas02	121	88	aldeg-2-9_aldeg-2-11	aldeg_cas02	177	135
warp	aldeg_cas02	105	88	aldeg-2-10_aldeg-2-2	aldeg_cas02	79	208
warp	aldeg_cas02	177	131	aldeg-2-11_aldeg-2-9	aldeg_cas02	121	84
warp	aldeg_cas02	192	196	aldeg-2-12_aldeg-2-3	aldeg_cas02	50	180
warp	aldeg_cas02	206	196	aldeg-2-13_aldeg-2-14	aldeg_cas02	197	13
warp	aldeg_cas02	197	9	aldeg-2-14_aldeg-2-13	aldeg_cas02	206	192
warp	aldeg_cas03	114	290	aldeg-3-1_aldeg-3	alde_gld	142	85
warp	aldeg_cas03	92	217	aldeg-3-2_aldeg-3-6	aldeg_cas03	127	90
warp	aldeg_cas03	87	247	aldeg-3-3_aldeg-3-7	aldeg_cas03	54	90
warp	aldeg_cas03	44	222	aldeg-3-4_aldeg-3-13	aldeg_cas03	213	182
warp	aldeg_cas03	91	57	aldeg-3-5_aldeg-3-14	aldeg_cas03	60	236
warp	aldeg_cas03	130	90	aldeg-3-6_aldeg-3-2	aldeg_cas03	96	215
warp	aldeg_cas03	51	90	aldeg-3-7_aldeg-3-3	aldeg_cas03	87	251
warp	aldeg_cas03	93	124	aldeg-3-8_aldeg-3-3	aldeg_cas03	87	251
warp	aldeg_cas03	79	130	aldeg-3-9_aldeg-3-10	aldeg_cas03	201	149
warp	aldeg_cas03	201	145	aldeg-3-10_aldeg-3-9	aldeg_cas03	79	126
warp	aldeg_cas03	199	190	aldeg-3-11_aldeg-3-12	aldeg_cas03	195	51
warp	aldeg_cas03	195	54	aldeg-3-12_aldeg-3-11	aldeg_cas03	199	186
warp	aldeg_cas03	214	186	aldeg-3-13_aldeg-3-4	aldeg_cas03	49	222
warp	aldeg_cas03	60	241	aldeg-3-14_aldeg-3-5	aldeg_cas03	91	61
warp	aldeg_cas04	145	17	aldeg-4-1_aldeg-4	alde_gld	239	242
warp	aldeg_cas04	197	40	aldeg-4-2_aldeg-4-9	aldeg_cas04	26	88
warp	aldeg_cas04	175	54	aldeg-4-3_aldeg-4-8	aldeg_cas04	74	88
warp	aldeg_cas04	185	87	aldeg-4-4_aldeg-4-14	aldeg_cas04	111	210
warp	aldeg_cas04	171	100	aldeg-4-5_aldeg-4-13	aldeg_cas04	152	210
warp	aldeg_cas04	196	86	aldeg-4-6_aldeg-4-7	aldeg_cas04	49	57
warp	aldeg_cas04	49	53	aldeg-4-7_aldeg-4-6	aldeg_cas04	196	82
warp	aldeg_cas04	78	88	aldeg-4-8_aldeg-4-3	aldeg_cas04	174	58
warp	aldeg_cas04	22	88	aldeg-4-9_aldeg-4-2	aldeg_cas04	192	41
warp	aldeg_cas04	50	132	aldeg-4-10_aldeg-4-8	aldeg_cas04	74	88
warp	aldeg_cas04	21	123	aldeg-4-11_aldeg-4-12	aldeg_cas04	125	168
warp	aldeg_cas04	121	168	aldeg-4-12_aldeg-4-11	aldeg_cas04	25	123
warp	aldeg_cas04	156	210	aldeg-4-13_aldeg-4-5	aldeg_cas04	169	97
warp	aldeg_cas04	108	210	aldeg-4-14_aldeg-4-4	aldeg_cas04	186	92
warp	aldeg_cas04	132	209	aldeg-4-16_aldeg-4-17	aldeg_cas04	14	196
warp	aldeg_cas04	17	196	aldeg-4-17_aldeg-4-15	aldeg_cas04	132	228
warp	aldeg_cas05	216	107	aldeg-5-1_aldeg-5	alde_gld	264	90
warp	aldeg_cas05	194	71	aldeg-5-3_aldeg-5-13	aldeg_cas05	129	194
warp	aldeg_cas05	164	86	aldeg-5-4_aldeg-5-10	aldeg_cas05	66	189
warp	aldeg_cas05	150	67	aldeg-5-5_aldeg-5-9	aldeg_cas05	9	187
warp	aldeg_cas05	188	49	aldeg-5-6_aldeg-5-14	aldeg_cas05	165	228
warp	aldeg_cas05	195	42	aldeg-5-7_aldeg-5-8	aldeg_cas05	19	227
warp	aldeg_cas05	15	227	aldeg-5-8_aldeg-5-7	aldeg_cas05	195	46
warp	aldeg_cas05	5	187	aldeg-5-9_aldeg-5-5	aldeg_cas05	151	62
warp	aldeg_cas05	70	189	aldeg-5-10_aldeg-5-4	aldeg_cas05	166	81
warp	aldeg_cas05	13	175	aldeg-5-11_aldeg-5-12	aldeg_cas05	162	194
warp	aldeg_cas05	166	194	aldeg-5-12_aldeg-5-11	aldeg_cas05	13	179
warp	aldeg_cas05	125	194	aldeg-5-13_aldeg-5-3	aldeg_cas05	199	70
warp	aldeg_cas05	165	232	aldeg-5-14_aldeg-5-6	aldeg_cas05	193	49
warp	aldeg_cas05	156	231	aldeg-5-15_aldeg-5-16	aldeg_cas05	18	88
warp	aldeg_cas05	14	88	aldeg-5-16_aldeg-5-15	aldeg_cas05	156	227
warp	yuno	13	126	schg001	sch_gld	351	89
warp	sch_gld	354	89	schg002	yuno	16	126
warp	schg_cas01	119	4	schg101	sch_gld	293	100
warp	sch_gld	293	90	schg102	schg_cas01	119	8
warp	schg_cas01	275	240	schg103	schg_cas01	120	7
warp	schg_cas02	339	73	schg201	sch_gld	288	252
warp	sch_gld	288	258	schg202	schg_cas02	339	78
warp	schg_cas02	101	301	schg203	schg_cas02	340	78
warp	schg_cas03	337	336	schg301	sch_gld	97	196
warp	sch_gld	97	183	schg302	schg_cas03	337	330
warp	schg_cas03	57	9	schg303	schg_cas03	337	330
warp	schg_cas04	119	4	schg401	sch_gld	137	90
warp	sch_gld	137	98	schg402	schg_cas04	119	8
warp	schg_cas04	275	240	schg403	schg_cas04	120	7
warp	schg_cas05	119	4	schg501	sch_gld	71	315
warp	sch_gld	65	315	schg502	schg_cas05	119	8
warp	schg_cas05	275	240	schg503	schg_cas05	120	7
warp	ve_fild02	191	21	arug001	aru_gld	195	360
warp	aru_gld	195	363	arug002	ve_fild02	191	24
warp	arug_cas01	281	93	arug101	aru_gld	158	272
warp	aru_gld	155	274	arug102	arug_cas01	275	93
warp	arug_cas01	127	357	arug103	arug_cas01	275	93
warp	arug_cas02	139	25	arug201	aru_gld	83	47
warp	aru_gld	78	47	arug202	arug_cas02	139	31
warp	arug_cas02	393	324	arug203	arug_cas02	139	31
warp	arug_cas03	141	40	arug301	aru_gld	68	155
warp	aru_gld	68	150	arug302	arug_cas03	141	45
warp	arug_cas03	321	52	arug303	arug_cas03	141	45
warp	arug_cas04	141	40	arug401	aru_gld	299	345
warp	aru_gld	289	347	arug402	arug_cas04	141	45
warp	arug_cas04	321	52	arug403	arug_cas04	141	45
warp	arug_cas05	141	40	arug501	aru_gld	292	107
warp	aru_gld	287	107	arug502	arug_cas05	141	45
warp	arug_cas05	321	52	arug503	arug_cas05	141	45
warp	n_castle	184	16	naldg01	nguild_alde	34	248
warp	nguild_alde	34	252	naldg01-1	n_castle	187	16
warp	nguild_alde	50	222	naldg101	nguild_alde	104	108
warp	nguild_alde	104	112	naldg101-1	nguild_alde	45	224
warp	nguild_alde	66	191	naldg102	nguild_alde	122	61
warp	nguild_alde	126	61	naldg102-1	nguild_alde	62	191
warp	nguild_alde	54	27	naldg102-2	nguild_alde	62	191
warp	nguild_alde	26	188	naldg103	nguild_alde	50	70
warp	nguild_alde	46	70	naldg103-1	nguild_alde	24	188
warp	nguild_alde	70	112	naldg104	nguild_alde	42	225
warp	nguild_alde	39	222	naldg104-1	nguild_alde	70	108
warp	nguild_alde	89	23	naldg105	nguild_alde	207	132
warp	nguild_alde	207	128	naldg105-1	nguild_alde	89	27
warp	nguild_alde	206	188	naldg106	nguild_alde	216	50
warp	nguild_alde	216	54	naldg106-1	nguild_alde	206	184
warp	nguild_alde	232	186	naldg107	nguild_alde	42	197
warp	nguild_alde	46	197	naldg107-1	nguild_alde	232	182
warp	nguild_alde	171	175	naldg108	nguild_alde	35	197
warp	nguild_alde	31	197	naldg108-1	nguild_alde	175	175
warp	n_castle	183	183	ngefg01	nguild_gef	34	140
warp	nguild_gef	34	136	ngefg01-1	n_castle	183	180
warp	nguild_gef	99	178	ngefg02-1	n_castle	183	180
warp	nguild_gef	170	14	ngefg106-1	nguild_gef	50	84
warp	nguild_gef	170	34	ngefg105-1	nguild_gef	30	167
warp	nguild_gef	181	52	ngefg107	nguild_gef	198	160
warp	nguild_gef	202	160	ngefg107-1	nguild_gef	185	52
warp	nguild_gef	209	34	ngefg103-1	nguild_gef	56	170
warp	nguild_gef	31	185	ngefg104	nguild_gef	33	47
warp	nguild_gef	33	51	ngefg104-1	nguild_gef	35	185
warp	nguild_gef	34	167	ngefg105	nguild_gef	174	34
warp	nguild_gef	39	196	ngefg101	nguild_gef	62	13
warp	nguild_gef	54	84	ngefg106	nguild_gef	174	14
warp	nguild_gef	58	185	ngefg102	nguild_gef	90	47
warp	nguild_gef	59	170	ngefg103	nguild_gef	205	34
warp	nguild_gef	62	9	ngefg101-1	nguild_gef	39	192
warp	nguild_gef	90	51	ngefg102-1	nguild_gef	54	185
warp	n_castle	18	181	npayg01	nguild_pay	214	48
warp	nguild_pay	214	44	npayg01-1	n_castle	18	178
warp	nguild_pay	201	125	npayg101	nguild_pay	102	19
warp	nguild_pay	102	16	npayg101-1	nguild_pay	201	122
warp	nguild_pay	222	130	npayg102	nguild_pay	130	43
warp	nguild_pay	134	43	npayg102-1	nguild_pay	226	130
warp	nguild_pay	218	112	npayg103	nguild_pay	230	94
warp	nguild_pay	230	98	npayg103-1	nguild_pay	222	112
warp	nguild_pay	213	76	npayg104	nguild_pay	201	118
warp	nguild_pay	201	114	npayg104-1	nguild_pay	213	72
warp	nguild_pay	84	15	npayg105	nguild_pay	15	115
warp	nguild_pay	11	115	npayg105-1	nguild_pay	81	15
warp	nguild_pay	53	111	npayg106	nguild_pay	115	147
warp	nguild_pay	115	151	npayg106-1	nguild_pay	53	115
warp	n_castle	16	14	nprtg01	nguild_prt	99	32
warp	nguild_prt	103	32	nprtg01-1	n_castle	19	14
warp	nguild_prt	109	163	nprtg107	nguild_prt	202	183
warp	nguild_prt	147	120	nprtg106	nguild_prt	75	187
warp	nguild_prt	196	119	nprtg103-1	nguild_prt	40	54
warp	nguild_prt	196	65	nprtg104-1	nguild_prt	75	54
warp	nguild_prt	206	183	nprtg107-1	nguild_prt	113	163
warp	nguild_prt	206	92	nprtg105-1	nguild_prt	55	70
warp	nguild_prt	37	47	nprtg102-1	nguild_prt	45	34
warp	nguild_prt	37	54	nprtg103	nguild_prt	192	119
warp	nguild_prt	41	34	nprtg102	nguild_prt	40	47
warp	nguild_prt	51	70	nprtg105	nguild_prt	202	92
warp	nguild_prt	57	19	nprtg101	nguild_prt	80	49
warp	nguild_prt	62	34	nprtg108	nguild_prt	192	119
warp	nguild_prt	71	54	nprtg104	nguild_prt	192	65
warp	nguild_prt	75	183	nprtg106-1	nguild_prt	147	116
warp	nguild_prt	84	19	nprtg109	nguild_prt	192	65
warp	nguild_prt	84	49	nprtg101-1	nguild_prt	61	19
warp	gld_dun01	119	14	gdun01_payg	pay_gld	53	141
warp	gld_dun02	20	160	gdun02a_aldega	alde_gld	229	185
warp	gld_dun02	180	112	gdun02b_aldegb	alde_gld	242	121
warp	gld_dun03	238	274	gdun03a_prtg	prt_gld	252	247
warp	gld_dun03	42	30	gdun03b_prtg	prt_gld	63	66
warp	gld_dun04	37	230	gdun04_g13a	gef_fild13	42	331
warp	gld_dun04	110	20	gdun04_g13b	gef_fild13	373	62
file	npc/warps/other/airplane.txt
warp	einbroch	92	281	ein_ap01	airplane	224	64
warp	einbroch	64	234	ein_ap02	airport	138	51
warp	airport	142	61	ein_ap02a	einbroch	62	246
warp	airport	124	13	ein_ap03	airport	19	21
warp	airport	19	18	ein_ap03a	airport	122	16
warp	airport	161	13	ein_ap04	airport	47	21
warp	airport	47	18	ein_ap04a	airport	163	16
warp	airport	143	14	ein_ap05	einbroch	64	204
warp	einbroch	64	207	ein_ap05a	airport	143	17
warp	lhz_airport	125	14	lairp1	lhz_airport	19	20
warp	lhz_airport	19	18	lairp1a	lhz_airport	123	14
warp	lhz_airport	160	14	lairp2	lhz_airport	48	20
warp	lhz_airport	48	18	lairp2a	lhz_airport	162	14
warp	lighthalzen	267	76	lairp3	lhz_airport	143	15
warp	lhz_airport	143	13	lairp3a	lighthalzen	265	76
warp	lhz_airport	142	60	lairp4	lighthalzen	296	76
warp	lighthalzen	294	76	lairp4a	lhz_airport	143	53
warp	lighthalzen	308	76	lairp5	airplane	224	58
warp	y_airport	125	14	jairp1	y_airport	19	20
warp	y_airport	19	18	jairp1a	y_airport	123	14
warp	y_airport	160	14	jairp2	y_airport	48	20
warp	y_airport	48	18	jairp2a	y_airport	162	14
warp	yuno	53	214	jairp3	y_airport	143	23
warp	y_airport	143	16	jairp3a	yuno	52	207
warp	yuno	47	240	jairp4a	y_airport	143	54
warp	yuno	59	240	jairp5a	y_airport	143	54
warp	yuno	6	261	jairp6	airplane_01	244	58
warp	yuno	96	261	jairp7	airplane	244	58
warp	airplane	254	54	air_1wp01	airplane	91	67
warp	airplane	87	67	air_1wp01a	airplane	250	54
warp	airplane	208	53	air_1wp02	airplane	239	160
warp	airplane	245	160	air_1wp02a	airplane	214	54
warp	airplane_01	254	54	air_2wp01	airplane_01	91	67
warp	airplane_01	87	67	air_2wp01a	airplane_01	250	54
warp	airplane_01	208	53	air_2wp02	airplane_01	239	160
warp	airplane_01	245	160	air_2wp02a	airplane_01	214	54
warp	airplane_01	104	199	air_2wp03	airplane_01	105	72
warp	airplane_01	103	72	air_2wp03a	airplane_01	102	199
warp	airplane_01	104	176	air_2wp04	airplane_01	105	52
warp	airplane_01	103	52	air_2wp04a	airplane_01	102	176
file	npc/warps/other/arena.txt
warp	arena_room	84	103	arn_room_11_1	arena_room	63	130
warp	arena_room	63	126	arn_room_11_2	arena_room	87	100
warp	arena_room	76	87	arn_room_9_1	arena_room	46	87
warp	arena_room	49	87	arn_room_9_2	arena_room	78	87
warp	arena_room	84	71	arn_room_7_1	arena_room	60	50
warp	arena_room	63	53	arn_room_7_2	arena_room	86	74
warp	arena_room	115	71	arn_room_5_1	arena_room	139	50
warp	arena_room	136	53	arn_room_5_2	arena_room	113	74
warp	arena_room	123	88	arn_room_3_1	arena_room	153	87
warp	arena_room	150	87	arn_room_3_2	arena_room	120	87
warp	prt_are_in	54	13	toarn_room	arena_room	100	77
warp	arena_room	135	126	byeaco#arena	arena_room	111	99
warp	force_5-1	25	44	force_01_02#aco	force_5-1	25	69
warp	force_5-1	25	134	force_02_03#aco	force_5-1	25	159
warp	force_5-1	44	174	force_03_04#aco	force_5-1	69	174
warp	force_5-1	134	174	force_04_05#aco	force_5-1	159	174
warp	force_5-1	174	155	force_05_06#aco	force_5-1	174	130
warp	force_5-1	174	65	force_06_07#aco	force_5-1	174	40
warp	force_5-1	155	26	force_07_08#aco	force_5-1	132	26
warp	force_5-1	99	54	force_08_09#aco	force_5-1	99	82
warp	force_1-2	85	26	force_00_01	force_1-2	37	26
warp	force_1-2	114	26	force_00_02	force_1-2	162	26
warp	force_1-2	99	40	force_00_03	force_1-2	99	66
warp	force_1-2	41	26	force_01_00	force_1-2	89	26
warp	force_1-2	158	26	force_02_00	force_1-2	110	26
warp	force_1-2	99	63	force_03_00	force_1-2	99	36
warp	force_1-2	84	78	force_03_05	force_1-2	37	78
warp	force_1-2	115	78	force_03_04	force_1-2	162	78
warp	force_1-2	158	77	force_04_03	force_1-2	110	78
warp	force_1-2	41	77	force_05_03	force_1-2	37	78
warp	force_1-2	25	93	force_05_06	force_1-2	26	118
warp	force_1-2	49	130	force_06_07	force_1-2	91	125
warp	force_1-2	107	145	force_07_08	force_1-2	173	118
warp	force_1-2	158	178	force_08_09	force_1-2	133	178
warp	force_1-2	55	178	force_09_10	force_1-2	29	178
warp	force_1-2	33	178	force_10_09	force_1-2	59	178
on	welcome_arena
file	npc/warps/other/god.txt
warp	yuno	218	180	yuno_god01	que_god01	99	84
warp	que_god01	99	81	god01_yuno	yuno	218	177
warp	que_god01	63	88	god_sl_w0-1	que_god01	87	92
warp	que_god01	62	116	god_sl_w1-1	que_god01	46	94
warp	que_god01	12	116	god_sl_w2-1	que_god01	16	94
warp	que_god01	12	55	god_sl_w3-1	que_god01	17	83
warp	que_god01	50	55	god_sl_w4-1	que_god01	47	83
file	npc/warps/other/jobquests.txt
warp	new_1-1	148	112	newwarp6001a	new_1-2	100	9
warp	new_2-1	148	112	newwarp6001b	new_2-2	100	9
warp	new_3-1	148	112	newwarp6001c	new_3-2	100	9
warp	new_4-1	148	112	newwarp6001d	new_4-2	100	9
warp	new_5-1	148	112	newwarp6001e	new_5-2	100	9
warp	new_1-2	100	6	newwarp6002a	new_1-1	144	112
warp	new_2-2	100	6	newwarp6002b	new_2-1	144	112
warp	new_3-2	100	6	newwarp6002c	new_3-1	144	112
warp	new_4-2	100	6	newwarp6002d	new_4-1	144	112
warp	new_5-2	100	6	newwarp6002e	new_5-1	144	112
warp	new_1-2	126	106	newwarp6003a	new_1-2	160	171
warp	new_2-2	126	106	newwarp6003b	new_2-2	160	171
warp	new_3-2	126	106	newwarp6003c	new_3-2	160	171
warp	new_4-2	126	106	newwarp6003d	new_4-2	160	171
warp	new_5-2	126	106	newwarp6003e	new_5-2	160	171
warp	new_1-2	156	171	newwarp6004a	new_1-2	123	106
warp	new_2-2	156	171	newwarp6004b	new_2-2	123	106
warp	new_3-2	156	171	newwarp6004c	new_3-2	123	106
warp	new_4-2	156	171	newwarp6004d	new_4-2	123	106
warp	new_5-2	156	171	newwarp6004e	new_5-2	123	106
warp	new_1-2	73	106	newwarp6005a	new_1-2	41	172
warp	new_2-2	73	106	newwarp6005b	new_2-2	41	172
warp	new_3-2	73	106	newwarp6005c	new_3-2	41	172
warp	new_4-2	73	106	newwarp6005d	new_4-2	41	172
warp	new_5-2	73	106	newwarp6005e	new_5-2	41	172
warp	new_1-2	46	172	newwarp6006a	new_1-2	78	106
warp	new_2-2	46	172	newwarp6006b	new_2-2	78	106
warp	new_3-2	46	172	newwarp6006c	new_3-2	78	106
warp	new_4-2	46	172	newwarp6006d	new_4-2	78	106
warp	new_5-2	46	172	newwarp6006e	new_5-2	78	106
warp	job_thief1	180	15	jthf	moc_ruins	145	117
warp	in_moc_16	18	8	guild_to_16	moc_fild16	205	291
warp	moc_fild16	205	296	16_to_guild	in_moc_16	18	11
warp	in_hunter	100	15	jhun01	pay_fild10	143	250
warp	prt_monk	192	172	monk15	monk_test	329	50
warp	monk_test	329	47	monk16	prt_monk	193	166
warp	monk_test	329	76	monk17	monk_test	259	118
warp	monk_test	259	115	monk18	monk_test	329	71
warp	monk_test	272	125	monk19	monk_test	301	127
warp	monk_test	298	127	monk20	monk_test	268	125
warp	aldebaran	65	53	alche#1	alde_alche	20	175
warp	aldebaran	53	65	alche#2	alde_alche	42	175
warp	alde_alche	19	171	alche#1-1	aldebaran	68	56
warp	alde_alche	42	171	alche#1-2	aldebaran	56	68
warp	alde_alche	41	186	alche#1F_2F	alde_alche	113	178
warp	alde_alche	114	183	alche#2F_1F	alde_alche	42	182
warp	alde_alche	13	184	alche#1F_B1	alde_alche	88	113
warp	alde_alche	88	117	alche#B1_1F	alde_alche	13	181
warp	alde_alche	46	104	alche#B1_r1	alde_alche	157	17
warp	alde_alche	160	17	alche#r1_b1	alde_alche	50	103
warp	alde_alche	46	77	alche#B1_r2	alde_alche	88	17
warp	alde_alche	93	17	alche#r2_b1	alde_alche	50	77
warp	alde_alche	89	62	alche#B1_r3	alde_alche	17	23
warp	alde_alche	17	29	alche#r3_b1	alde_alche	89	67
warp	alde_alche	133	77	alche#B1_r4	alde_alche	162	107
warp	alde_alche	158	107	alche#r4_b1	alde_alche	129	77
warp	alde_alche	133	103	alche#B1_r5	alde_alche	164	164
warp	alde_alche	158	163	alche#r5_b1	alde_alche	129	103
warp	cmd_fild07	193	117	fild07-rogue00	in_rogue	379	46
warp	in_rogue	375	46	rogue00-fild07	cmd_fild07	196	117
warp	in_rogue	375	34	rogue01-02	in_rogue	380	125
warp	in_rogue	375	125	rogue02-01	in_rogue	379	33
warp	cmd_fild07	355	286	fild07-rogue03	in_rogue	247	126
warp	in_rogue	247	122	rogue03-fild07	cmd_fild07	349	285
warp	in_rogue	244	21	rogue04-fild09	cmd_fild09	106	191
warp	in_rogue	172	34	rogue05-fild09	cmd_fild09	341	143
warp	in_rogue	161	103	rogue06-fild04	cmd_fild04	302	177
warp	in_rogue	8	9	stair_to_ro	in_rogue	389	389
warp	job_duncer	69	43	duncer1	comodo	185	156
warp	einbroch	136	199	gswarp1	que_ng	138	167
warp	que_ng	130	166	gswarp2	einbroch	130	197
warp	que_ng	178	162	gswarp3	que_ng	172	86
warp	que_ng	166	85	gswarp4	que_ng	182	161
warp	que_ng	165	137	gswarp5	que_ng	177	41
warp	que_ng	172	42	gswarp6	que_ng	160	139
warp	amatsu	149	140	ninja01	que_ng	20	142
warp	que_ng	20	138	ninja02	amatsu	147	136
warp	que_ng	10	183	ninja03	que_ng	33	64
warp	que_ng	37	64	ninja04	que_ng	15	182
warp	que_ng	30	37	ninja05	que_ng	67	28
warp	que_ng	63	30	ninja06	que_ng	25	37
file	npc/warps/other/kiel.txt
warp	kh_school	76	156	kh_school_01	yuno_fild08	155	189
warp	kh_school	30	125	kh_school_02a	kh_school	67	14
warp	kh_school	71	14	kh_school_02b	kh_school	36	125
warp	kh_school	35	133	kh_school_03a	kh_school	148	16
warp	kh_school	153	16	kh_school_03b	kh_school	39	136
warp	kh_school	30	155	kh_school_04a	kh_school	182	116
warp	kh_school	186	117	kh_school_04b	kh_school	35	155
warp	kh_school	35	176	kh_school_05a	kh_school	148	56
warp	kh_school	153	56	kh_school_05b	kh_school	40	176
warp	kh_school	30	185	kh_school_06a	kh_school	67	74
warp	kh_school	71	74	kh_school_06b	kh_school	35	184
warp	kh_vila	79	11	kh_vila_01	yuno_fild02	92	208
warp	kh_vila	71	38	kh_vila_02a	kh_vila	42	38
warp	kh_vila	46	38	kh_vila_02b	kh_vila	75	38
warp	kh_vila	71	54	kh_vila_03a	kh_vila	42	54
warp	kh_vila	46	54	kh_vila_03b	kh_vila	75	54
warp	kh_vila	34	66	kh_vila_04a	kh_vila	20	108
warp	kh_vila	20	103	kh_vila_04b	kh_vila	34	61
warp	kh_vila	84	66	kh_vila_05a	kh_vila	44	107
warp	kh_vila	44	103	kh_vila_05b	kh_vila	84	62
warp	kh_vila	32	128	kh_vila_06a	kh_vila	23	171
warp	kh_vila	22	167	kh_vila_06b	kh_vila	32	123
warp	kh_vila	90	47	kh_vila_07a	kh_vila	119	47
warp	kh_vila	115	47	kh_vila_07b	kh_vila	85	47
warp	kh_vila	126	75	kh_vila_08a	kh_vila	180	176
warp	kh_vila	180	171	kh_vila_08b	kh_vila	126	70
warp	kh_vila	175	71	kh_vila_09	kh_vila	136	64
warp	kh_vila	191	19	kh_vila_10	yuno_fild02	74	215
warp	lighthalzen	188	204	kh_mansion_01a	kh_mansion	84	49
warp	kh_mansion	88	50	kh_mansion_01b	lighthalzen	188	199
warp	kh_mansion	21	11	kh_mansion_02	kh_mansion	72	49
warp	kh_rossi	15	92	kh_rossi_01	yuno	270	139
warp	kh_rossi	35	87	kh_rossi_02a	kh_rossi	27	37
warp	kh_rossi	27	42	kh_rossi_02b	kh_rossi	35	91
warp	kh_rossi	63	87	kh_rossi_03a	kh_rossi	99	38
warp	kh_rossi	99	42	kh_rossi_03b	kh_rossi	63	91
warp	kh_rossi	90	87	kh_rossi_04a	kh_rossi	168	30
warp	kh_rossi	168	34	kh_rossi_04b	kh_rossi	90	90
warp	kh_rossi	35	98	kh_rossi_05a	kh_rossi	27	147
warp	kh_rossi	27	143	kh_rossi_01b	kh_rossi	35	94
warp	kh_rossi	90	101	kh_rossi_06a	kh_rossi	282	64
warp	kh_rossi	42	26	kh_rossi_06b	kh_rossi	92	25
warp	kh_rossi	87	25	kh_rossi_07a	kh_rossi	36	26
warp	kh_rossi	282	60	kh_rossi_07b	kh_rossi	90	96
warp	kh_rossi	222	68	kh_rossi_08a	kh_rossi	22	277
warp	kh_rossi	22	273	kh_rossi_08b	kh_rossi	222	64
warp	kh_rossi	248	68	kh_rossi_09a	kh_rossi	88	277
warp	kh_rossi	88	273	kh_rossi_09b	kh_rossi	248	64
warp	kh_rossi	222	25	kh_rossi_10a	kh_rossi	22	219
warp	kh_rossi	22	222	kh_rossi_10b	kh_rossi	222	29
warp	kh_rossi	248	25	kh_rossi_11a	kh_rossi	88	217
warp	kh_rossi	88	222	kh_rossi_11b	kh_rossi	248	29
warp	kh_rossi	259	46	kh_rossi_12a	kh_rossi	224	234
warp	kh_rossi	228	234	kh_rossi_12b	kh_rossi	263	46
warp	kh_rossi	220	231	kh_rossi_13a	kh_rossi	260	186
warp	kh_rossi	260	190	kh_rossi_13b	kh_rossi	220	234
warp	kh_rossi	204	231	kh_rossi_14a	kh_rossi	204	186
warp	kh_rossi	204	190	kh_rossi_14b	kh_rossi	204	234
warp	kh_rossi	188	231	kh_rossi_15a	kh_rossi	148	186
warp	kh_rossi	148	190	kh_rossi_15b	kh_rossi	188	234
warp	kh_rossi	188	238	kh_rossi_16a	kh_rossi	148	283
warp	kh_rossi	148	279	kh_rossi_16b	kh_rossi	188	235
warp	kh_rossi	204	238	kh_rossi_17a	kh_rossi	204	283
warp	kh_rossi	204	279	kh_rossi_17b	kh_rossi	204	235
warp	kh_rossi	220	238	kh_rossi_18a	kh_rossi	261	283
warp	kh_rossi	260	279	kh_rossi_18b	kh_rossi	220	235
file	npc/warps/pvp.txt
warp	ordeal_1-1	100	150	ord11-1	ordeal_1-1	128	150
warp	ordeal_1-1	123	150	ord11-2	ordeal_1-1	95	150
warp	ordeal_1-1	114	183	ord11-3	ordeal_1-1	135	163
warp	ordeal_1-1	130	168	ord11-4	ordeal_1-1	109	188
warp	ordeal_1-1	115	115	ord11-5	ordeal_1-1	136	136
warp	ordeal_1-1	131	131	ord11-6	ordeal_1-1	110	110
warp	ordeal_1-1	148	176	ord11-7	ordeal_1-1	149	204
warp	ordeal_1-1	149	199	ord11-8	ordeal_1-1	148	171
warp	ordeal_1-1	149	99	ord11-9	ordeal_1-1	151	129
warp	ordeal_1-1	151	124	ord11-10	ordeal_1-1	151	94
warp	ordeal_1-1	168	168	ord11-11	ordeal_1-1	189	189
warp	ordeal_1-1	184	184	ord11-12	ordeal_1-1	163	163
warp	ordeal_1-1	169	131	ord11-13	ordeal_1-1	188	111
warp	ordeal_1-1	183	116	ord11-14	ordeal_1-1	164	136
warp	ordeal_1-1	176	150	ord11-15	ordeal_1-1	204	150
warp	ordeal_1-1	199	150	ord11-16	ordeal_1-1	171	150
warp	ordeal_1-2	128	154	ord12-1	ordeal_1-2	24	154
warp	ordeal_1-2	136	136	ord12-2	ordeal_1-2	24	24
warp	ordeal_1-2	136	172	ord12-3	ordeal_1-2	24	284
warp	ordeal_1-2	153	128	ord12-4	ordeal_1-2	153	23
warp	ordeal_1-2	153	180	ord12-5	ordeal_1-2	144	284
warp	ordeal_1-2	172	135	ord12-6	ordeal_1-2	284	24
warp	ordeal_1-2	172	172	ord12-7	ordeal_1-2	284	284
warp	ordeal_1-2	180	154	ord12-8	ordeal_1-2	284	164
warp	ordeal_2-1	100	150	ord21-1	ordeal_2-1	128	150
warp	ordeal_2-1	123	150	ord21-2	ordeal_2-1	95	150
warp	ordeal_2-1	114	183	ord21-3	ordeal_2-1	135	163
warp	ordeal_2-1	130	168	ord21-4	ordeal_2-1	109	188
warp	ordeal_2-1	115	115	ord21-5	ordeal_2-1	136	136
warp	ordeal_2-1	131	131	ord21-6	ordeal_2-1	110	110
warp	ordeal_2-1	148	176	ord21-7	ordeal_2-1	149	204
warp	ordeal_2-1	149	199	ord21-8	ordeal_2-1	148	171
warp	ordeal_2-1	149	99	ord21-9	ordeal_2-1	151	129
warp	ordeal_2-1	151	124	ord21-10	ordeal_2-1	151	94
warp	ordeal_2-1	168	168	ord21-11	ordeal_2-1	189	189
warp	ordeal_2-1	184	184	ord21-12	ordeal_2-1	163	163
warp	ordeal_2-1	169	131	ord21-13	ordeal_2-1	188	111
warp	ordeal_2-1	183	116	ord21-14	ordeal_2-1	164	136
warp	ordeal_2-1	176	150	ord21-15	ordeal_2-1	204	150
warp	ordeal_2-1	199	150	ord21-16	ordeal_2-1	171	150
warp	ordeal_2-2	128	154	ord22-1	ordeal_2-2	24	154
warp	ordeal_2-2	136	136	ord22-2	ordeal_2-2	24	24
warp	ordeal_2-2	136	172	ord22-3	ordeal_2-2	24	284
warp	ordeal_2-2	153	128	ord22-4	ordeal_2-2	153	23
warp	ordeal_2-2	153	180	ord22-5	ordeal_2-2	144	284
warp	ordeal_2-2	172	135	ord22-6	ordeal_2-2	284	24
warp	ordeal_2-2	172	172	ord22-7	ordeal_2-2	284	284
warp	ordeal_2-2	180	154	ord22-8	ordeal_2-2	284	164
warp	ordeal_3-1	100	150	ord31-1	ordeal_3-1	128	150
warp	ordeal_3-1	123	150	ord31-2	ordeal_3-1	95	150
warp	ordeal_3-1	114	183	ord31-3	ordeal_3-1	135	163
warp	ordeal_3-1	130	168	ord31-4	ordeal_3-1	109	188
warp	ordeal_3-1	115	115	ord31-5	ordeal_3-1	136	136
warp	ordeal_3-1	131	131	ord31-6	ordeal_3-1	110	110
warp	ordeal_3-1	148	176	ord31-7	ordeal_3-1	149	204
warp	ordeal_3-1	149	199	ord31-8	ordeal_3-1	148	171
warp	ordeal_3-1	149	99	ord31-9	ordeal_3-1	151	129
warp	ordeal_3-1	151	124	ord31-10	ordeal_3-1	151	94
warp	ordeal_3-1	168	168	ord31-11	ordeal_3-1	189	189
warp	ordeal_3-1	184	184	ord31-12	ordeal_3-1	163	163
warp	ordeal_3-1	169	131	ord31-13	ordeal_3-1	188	111
warp	ordeal_3-1	183	116	ord31-14	ordeal_3-1	164	136
warp	ordeal_3-1	176	150	ord31-15	ordeal_3-1	204	150
warp	ordeal_3-1	199	150	ord31-16	ordeal_3-1	171	150
warp	ordeal_3-2	128	154	ord32-1	ordeal_3-2	24	154
warp	ordeal_3-2	136	136	ord32-2	ordeal_3-2	24	24
warp	ordeal_3-2	136	172	ord32-3	ordeal_3-2	24	284
warp	ordeal_3-2	153	128	ord32-4	ordeal_3-2	153	23
warp	ordeal_3-2	153	180	ord32-5	ordeal_3-2	144	284
warp	ordeal_3-2	172	135	ord32-6	ordeal_3-2	284	24
warp	ordeal_3-2	172	172	ord32-7	ordeal_3-2	284	284
warp	ordeal_3-2	180	154	ord32-8	ordeal_3-2	284	164
warp	pvp_n_8-4	33	122	Link#pt_link_1-11	pvp_n_8-4	0	0
warp	pvp_n_8-4	62	84	Link#pt_link_1-12	pvp_n_8-4	0	0
warp	pvp_n_8-4	49	71	Link#pt_link_1-21	pvp_n_8-4	0	0
warp	pvp_n_8-4	56	166	Link#pt_link_1-22	pvp_n_8-4	0	0
warp	pvp_n_8-4	99	180	Link#pt_link_1-31	pvp_n_8-4	0	0
warp	pvp_n_8-4	137	84	Link#pt_link_1-32	pvp_n_8-4	0	0
warp	pvp_n_8-4	150	71	Link#pt_link_1-41	pvp_n_8-4	0	0
warp	pvp_n_8-4	144	166	Link#pt_link_1-42	pvp_n_8-4	0	0
